"Group","AgeGroup","Education_Years","ShareHomeWith","RelationWithAdultFamily","UPF.Freq","UPF.Freq.N","Smartphone.ownership","Exercise.Freq","Overall.MHQ","AgeOfFirstSP","MHQ_bucket"
"Rural.Hadza","55-64",10,"4","5_Dont Have Family","rarely/never",1,"Yes","rarely/never",136.1,"Above 25","Succeeding"
"Rural.Hadza","16-20",10,"6+","1_Very Close to Most","several times a day",45,"No","once a day",174.9,NA,"Succeeding"
"Rural.Hadza","35-44",8,"6+","1_Very Close to Most","rarely/never",1,"Yes","once a day",-44.9,"Above 25","Struggling"
"Rural.Hadza","45-54",8,"4","1_Very Close to Most","rarely/never",1,"Yes","a few times a month",151.3,"Above 25","Succeeding"
"Rural.Hadza","25-34",16,"5","2_Very Close to Some","a few times a month",5,"Yes","a few times a month",138,"Above 25","Succeeding"
"Rural.Hadza","55-64",12,"5","1_Very Close to Most","a few times a month",5,"Yes","rarely/never",-4.2,"Above 25","Struggling"
"Rural.Hadza","65+",8,"2","3_Not Close","rarely/never",1,"No","once a day",155.3,"Above 25","Succeeding"
"Rural.Hadza","25-34",12,"6+","2_Very Close to Some","rarely/never",1,"No","once a day",134.6,"Above 25","Succeeding"
"Rural.Hadza","25-34",16,"0","5_Dont Have Family","rarely/never",1,"Yes","several days a week",130,"Above 25","Succeeding"
"Rural.Hadza","35-44",8,"6+","1_Very Close to Most","rarely/never",1,"Yes","once a day",169.6,"Above 25","Succeeding"
"Rural.Hadza","21-24",12,"1","1_Very Close to Most","several times a day",45,"Yes","once a day",118.6,"Do not Own","Succeeding"
"Rural.Hadza","25-34",12,"4","1_Very Close to Most","several days a week",15,"Yes","once a day",133.1,"Above 25","Succeeding"
"Rural.Hadza","45-54",12,"2","1_Very Close to Most","several days a week",15,"Yes","rarely/never",152.1,"Above 25","Succeeding"
"Rural.Hadza","35-44",10,"6+","1_Very Close to Most","several days a week",15,"Yes","once a day",171.9,"Above 25","Succeeding"
"Rural.Hadza","25-34",12,"3","2_Very Close to Some","several days a week",15,"No","several days a week",117.1,"Above 25","Succeeding"
"Rural.Hadza","45-54",8,"4","1_Very Close to Most","rarely/never",1,"Yes","rarely/never",127.4,"Above 25","Succeeding"
"Rural.Hadza","55-64",10,"5","1_Very Close to Most","several days a week",15,"Yes","several days a week",136.1,"Above 25","Succeeding"
"Rural.Hadza","55-64",10,"5","1_Very Close to Most","rarely/never",1,"Yes","several days a week",174.1,"Above 25","Succeeding"
"Rural.Hadza","65+",12,"5","1_Very Close to Most","a few times a month",5,"Yes","once a day",148.3,"Above 25","Succeeding"
"Rural.Hadza","16-20",12,"6+","1_Very Close to Most","several days a week",15,"Yes","a few times a month",128.5,"16","Succeeding"
"Rural.Hadza","25-34",8,"3","5_Dont Have Family","rarely/never",1,"Yes","once a day",149,"Above 25","Succeeding"
"Rural.Hadza","35-44",8,"5","1_Very Close to Most","several times a day",45,"Yes","a few times a month",152.9,"Above 25","Succeeding"
"Rural.Hadza","35-44",12,"2","2_Very Close to Some","rarely/never",1,"Yes","a few times a month",126.6,"Above 25","Succeeding"
"Rural.Hadza","25-34",14,"4","1_Very Close to Most","several times a day",45,"Yes","once a day",104.6,"Above 25","Succeeding"
"Rural.Hadza","35-44",20,"5","1_Very Close to Most","a few times a month",5,"Yes","rarely/never",168.8,"Above 25","Succeeding"
"Rural.Hadza","45-54",14,"4","3_Not Close","a few times a month",5,"Yes","rarely/never",104.9,"Above 25","Succeeding"
"Rural.Hadza","45-54",8,"5","2_Very Close to Some","a few times a month",5,"Yes","once a day",114.8,"Above 25","Succeeding"
"Rural.Hadza","35-44",18,"3","1_Very Close to Most","once a day",30,"No","once a day",-3.8,"Above 25","Struggling"
"Rural.Hadza","35-44",8,"6+","1_Very Close to Most","rarely/never",1,"No","once a day",109.5,"Above 25","Succeeding"
"Rural.Hadza","25-34",12,"0","3_Not Close","several times a day",45,"Yes","once a day",103.6,"Above 25","Succeeding"
"Rural.Hadza","35-44",14,"5","1_Very Close to Most","rarely/never",1,"Yes","several days a week",180.2,"Above 25","Succeeding"
"Rural.Hadza","21-24",12,"1","1_Very Close to Most","rarely/never",1,"No","once a day",148.3,NA,"Succeeding"
"Rural.Hadza","25-34",16,"0","2_Very Close to Some","a few times a month",5,"Yes","once a day",152.1,"Above 25","Succeeding"
"Rural.Hadza","25-34",14,"3","2_Very Close to Some","several days a week",15,"No","once a day",120.2,"Above 25","Succeeding"
"Rural.Hadza","25-34",12,"3","1_Very Close to Most","several times a day",45,"Yes","a few times a month",110.8,"Above 25","Succeeding"
"Rural.Hadza","21-24",8,"5","1_Very Close to Most","once a day",30,"Yes","once a day",139.9,"19","Succeeding"
"Rural.Hadza","55-64",14,"1","1_Very Close to Most","several days a week",15,"Yes","once a day",117.9,"Above 25","Succeeding"
"Rural.Hadza","55-64",14,"1","1_Very Close to Most","several days a week",15,"Yes","once a day",117.9,"Above 25","Succeeding"
"Rural.Hadza","35-44",16,"5","1_Very Close to Most","rarely/never",1,"Yes","once a day",142.2,"Above 25","Succeeding"
"Rural.Hadza","55-64",16,"4","1_Very Close to Most","a few times a month",5,"No","once a day",133.8,"Above 25","Succeeding"
"Rural.Hadza","35-44",12,"4","1_Very Close to Most","rarely/never",1,"Yes","rarely/never",140.1,"Above 25","Succeeding"
"Rural.Hadza","35-44",12,"4","1_Very Close to Most","rarely/never",1,"Yes","rarely/never",140.1,"Above 25","Succeeding"
"Rural.Hadza","25-34",14,"5","1_Very Close to Most","several days a week",15,"Yes","several days a week",176.4,"Above 25","Succeeding"
"Rural.Hadza","35-44",16,"0","2_Very Close to Some","several days a week",15,"Yes","several days a week",120.7,"Above 25","Succeeding"
"Rural.Hadza","35-44",16,"5","2_Very Close to Some","a few times a month",5,"Yes","once a day",152.3,"Above 25","Succeeding"
"Rural.Hadza","45-54",8,"0","1_Very Close to Most","rarely/never",1,"Yes","rarely/never",102.3,"Above 25","Succeeding"
"Rural.Hadza","25-34",14,"3","1_Very Close to Most","a few times a month",5,"No","once a day",165.8,"Above 25","Succeeding"
"Rural.Hadza","45-54",8,"6+","1_Very Close to Most","rarely/never",1,"Yes","once a day",162.4,"Above 25","Succeeding"
"Rural.Hadza","55-64",20,"4","3_Not Close","rarely/never",1,"Yes","once a day",133.8,"Above 25","Succeeding"
"Rural.Hadza","25-34",14,"5","3_Not Close","rarely/never",1,"Yes","once a day",149.8,"Above 25","Succeeding"
"Rural.Hadza","45-54",12,"4","1_Very Close to Most","rarely/never",1,"Yes","once a day",150.6,"Above 25","Succeeding"
"Rural.Hadza","45-54",10,"4","1_Very Close to Most","rarely/never",1,"Yes","once a day",120.9,"Above 25","Succeeding"
"Rural.Hadza","35-44",8,"5","5_Dont Have Family","rarely/never",1,"Yes","once a day",-37.4,"Above 25","Struggling"
"Rural.Hadza","25-34",12,"3","2_Very Close to Some","several times a day",45,"Yes","once a day",163.5,"Above 25","Succeeding"
"Rural.Hadza","65+",14,"4","1_Very Close to Most","several times a day",45,"No","rarely/never",164.3,"Above 25","Succeeding"
"Rural.Hadza","65+",4,"2","3_Not Close","rarely/never",1,"Yes","rarely/never",133.8,"Above 25","Succeeding"
"Rural.Hadza","45-54",14,"5","1_Very Close to Most","several times a day",45,"Yes","once a day",-4.4,"Above 25","Struggling"
"Rural.Hadza","45-54",8,"5","1_Very Close to Most","several times a day",45,"No","once a day",-10.1,"Above 25","Struggling"
"Rural.Hadza","16-20",8,"6+","1_Very Close to Most","rarely/never",1,"No","once a day",138.4,NA,"Succeeding"
"Rural.Hadza","45-54",0,"6+","1_Very Close to Most","rarely/never",1,"No","once a day",133.1,"Above 25","Succeeding"
"Rural.Hadza","16-20",8,"6+","1_Very Close to Most","rarely/never",1,"No","once a day",148.3,NA,"Succeeding"
"Rural.Hadza","25-34",8,"6+","1_Very Close to Most","rarely/never",1,"No","once a day",-65.8,"Above 25","Struggling"
"Rural.Hadza","16-20",8,"4","1_Very Close to Most","rarely/never",1,"Yes","a few times a month",133.1,NA,"Succeeding"
"Rural.Hadza","25-34",0,"5","1_Very Close to Most","rarely/never",1,"No","rarely/never",111.8,"Above 25","Succeeding"
"Rural.Hadza","25-34",0,"5","1_Very Close to Most","rarely/never",1,"No","rarely/never",111.8,"Above 25","Succeeding"
"Rural.Hadza","16-20",12,"5","1_Very Close to Most","a few times a month",5,"No","once a day",-71.4,NA,"Struggling"
"Rural.Hadza","45-54",0,"6+","1_Very Close to Most","rarely/never",1,"No","once a day",141.4,"Above 25","Succeeding"
"Rural.Hadza","35-44",0,"2","1_Very Close to Most","rarely/never",1,"No","once a day",130.8,"Above 25","Succeeding"
"Rural.Hadza","35-44",12,"2","1_Very Close to Most","rarely/never",1,"No","once a day",-39.5,"Above 25","Struggling"
"Rural.Hadza","65+",8,"4","1_Very Close to Most","rarely/never",1,"No","once a day",143,"Above 25","Succeeding"
"Rural.Hadza","21-24",8,"5","1_Very Close to Most","rarely/never",1,"No","once a day",136.9,NA,"Succeeding"
"Rural.Hadza","55-64",0,"6+","1_Very Close to Most","rarely/never",1,"No","rarely/never",140.7,"Above 25","Succeeding"
"Rural.Hadza","21-24",8,"4","2_Very Close to Some","several times a day",45,"No","once a day",-8.5,NA,"Struggling"
"Rural.Hadza","16-20",12,"6+","1_Very Close to Most","once a day",30,"No","rarely/never",134.6,NA,"Succeeding"
"Rural.Hadza","16-20",4,"6+","1_Very Close to Most","rarely/never",1,"No","once a day",152.1,NA,"Succeeding"
"Rural.Hadza","21-24",0,"3","5_Dont Have Family","rarely/never",1,"No","rarely/never",143,NA,"Succeeding"
"Rural.Hadza","16-20",8,"5","1_Very Close to Most","rarely/never",1,"No","rarely/never",138.4,NA,"Succeeding"
"Rural.Hadza","65+",8,"3","1_Very Close to Most","rarely/never",1,"No","rarely/never",135.4,"Above 25","Succeeding"
"Rural.Hadza","25-34",14,"6+","1_Very Close to Most","several times a day",45,"Yes","once a day",146,"Above 25","Succeeding"
"Rural.Hadza","65+",0,"6+","1_Very Close to Most","rarely/never",1,"No","rarely/never",118.6,"Above 25","Succeeding"
"Rural.Hadza","35-44",0,"6+","1_Very Close to Most","rarely/never",1,"No","once a day",128.5,"Above 25","Succeeding"
"Rural.Hadza","35-44",8,"2","3_Not Close","rarely/never",1,"Yes","rarely/never",-3.5,"Above 25","Struggling"
"Rural.Hadza","65+",4,"6+","1_Very Close to Most","several times a day",45,"No","once a day",139.2,"Above 25","Succeeding"
"Rural.Hadza","16-20",10,"4","3_Not Close","several times a day",45,"No","once a day",161.2,NA,"Succeeding"
"Rural.Hadza","25-34",8,"6+","1_Very Close to Most","rarely/never",1,"No","rarely/never",110.3,"Above 25","Succeeding"
"Rural.Hadza","25-34",6,"3","1_Very Close to Most","rarely/never",1,"No","once a day",143.7,"Above 25","Succeeding"
"Rural.Hadza","16-20",8,"6+","1_Very Close to Most","rarely/never",1,"No","rarely/never",-65.3,NA,"Struggling"
"Rural.Hadza","45-54",0,"1","1_Very Close to Most","rarely/never",1,"No","rarely/never",143,"Above 25","Succeeding"
"Rural.Hadza","65+",0,"3","1_Very Close to Most","rarely/never",1,"No","rarely/never",128.5,"Above 25","Succeeding"
"Rural.Hadza","25-34",8,"6+","5_Dont Have Family","rarely/never",1,"No","rarely/never",167.3,"Above 25","Succeeding"
"Rural.Hadza","25-34",0,"5","1_Very Close to Most","rarely/never",1,"No","once a day",134.6,"Above 25","Succeeding"
"Rural.Hadza","25-34",0,"3","1_Very Close to Most","rarely/never",1,"No","once a day",159.7,"Above 25","Succeeding"
"Rural.Hadza","35-44",8,"5","1_Very Close to Most","rarely/never",1,"Yes","once a day",103.4,"Above 25","Succeeding"
"Rural.Hadza","25-34",0,"6+","1_Very Close to Most","rarely/never",1,"No","once a day",155.1,"Above 25","Succeeding"
"Rural.Hadza","45-54",0,"6+","1_Very Close to Most","rarely/never",1,"No","once a day",127.8,"Above 25","Succeeding"
"Rural.Hadza","45-54",0,"3","2_Very Close to Some","rarely/never",1,"No","once a day",168.1,"Above 25","Succeeding"
"Rural.Hadza","25-34",8,"2","1_Very Close to Most","several times a day",45,"No","once a day",152.1,"Above 25","Succeeding"
"Rural.Hadza","55-64",8,"2","1_Very Close to Most","several times a day",45,"No","rarely/never",107.2,"Above 25","Succeeding"
"Rural.Hadza","25-34",8,"6+","1_Very Close to Most","a few times a month",5,"No","once a day",149.8,"Above 25","Succeeding"
"Rural.Hadza","55-64",8,"6+","2_Very Close to Some","several days a week",15,"No","once a day",133.1,"Above 25","Succeeding"
"Rural.Hadza","65+",0,"2","1_Very Close to Most","rarely/never",1,"No","once a day",-10.6,"Above 25","Struggling"
"Rural.Hadza","55-64",0,"2","2_Very Close to Some","a few times a month",5,"No","once a day",149.8,"Above 25","Succeeding"
"Rural.Hadza","35-44",8,"6+","1_Very Close to Most","a few times a month",5,"No","once a day",160.5,"Above 25","Succeeding"
"Rural.Hadza","45-54",10,"3","1_Very Close to Most","several days a week",15,"Yes","rarely/never",146,"Above 25","Succeeding"
"Rural.Hadza","45-54",8,"4","1_Very Close to Most","several times a day",45,"No","once a day",136.1,"Above 25","Succeeding"
"Rural.Hadza","21-24",10,"6+","1_Very Close to Most","several times a day",45,"No","rarely/never",124.7,NA,"Succeeding"
"Rural.Hadza","25-34",14,"4","1_Very Close to Most","a few times a month",5,"Yes","rarely/never",193.9,"Above 25","Succeeding"
"Rural.Hadza","21-24",12,"4","1_Very Close to Most","several times a day",45,"Yes","rarely/never",132.1,"17","Succeeding"
"Rural.Hadza","65+",0,"4","1_Very Close to Most","rarely/never",1,"No","once a day",153.6,"Above 25","Succeeding"
"Rural.Hadza","16-20",12,"6+","1_Very Close to Most","rarely/never",1,"Yes","once a day",-49.5,"18","Struggling"
"Rural.Hadza","25-34",0,"4","1_Very Close to Most","rarely/never",1,"No","rarely/never",121.7,"Above 25","Succeeding"
"Rural.Hadza","45-54",8,"1","6_Prefer Not to Say","several times a day",45,"No","once a day",-13.9,"Above 25","Struggling"
"Rural.Hadza","16-20",12,"3","2_Very Close to Some","several days a week",15,"No","once a day",136.1,NA,"Succeeding"
"Rural.Hadza","65+",8,"2","6_Prefer Not to Say","several times a day",45,"No","rarely/never",-10.8,"Above 25","Struggling"
"Rural.Hadza","65+",0,"0","4_Dont Get Along","several times a day",45,"No","once a day",-4.8,"Above 25","Struggling"
"Rural.Hadza","25-34",4,"4","1_Very Close to Most","several times a day",45,"Yes","once a day",114.4,"Above 25","Succeeding"
"Rural.Hadza","45-54",8,"5","2_Very Close to Some","several days a week",15,"Yes","once a day",136.1,"Above 25","Succeeding"
"Rural.Hadza","25-34",12,"3","1_Very Close to Most","rarely/never",1,"No","rarely/never",-11.4,"Above 25","Struggling"
"Rural.Hadza","55-64",12,"3","5_Dont Have Family","rarely/never",1,"No","rarely/never",131.6,"Above 25","Succeeding"
"Rural.Hadza","55-64",0,"6+","1_Very Close to Most","rarely/never",1,"No","rarely/never",117.9,"Above 25","Succeeding"
"Rural.Hadza","35-44",8,"5","1_Very Close to Most","rarely/never",1,"No","once a day",140.7,"Above 25","Succeeding"
"Rural.Hadza","55-64",0,"2","1_Very Close to Most","rarely/never",1,"No","once a day",134.6,"Above 25","Succeeding"
"Rural.Hadza","25-34",8,"2","1_Very Close to Most","rarely/never",1,"No","once a day",100.4,"Above 25","Succeeding"
"Rural.Hadza","25-34",0,"2","1_Very Close to Most","rarely/never",1,"No","once a day",100.4,"Above 25","Succeeding"
"Rural.Hadza","55-64",6,"6+","1_Very Close to Most","rarely/never",1,"No","rarely/never",130.8,"Above 25","Succeeding"
"Rural.Hadza","16-20",0,"4","2_Very Close to Some","rarely/never",1,"No","once a day",144.5,NA,"Succeeding"
"Rural.Hadza","45-54",0,"6+","1_Very Close to Most","rarely/never",1,"No","rarely/never",100.4,"Above 25","Succeeding"
"Rural.Hadza","45-54",0,"6+","1_Very Close to Most","rarely/never",1,"No","rarely/never",138.4,"Above 25","Succeeding"
"Rural.Hadza","25-34",8,"1","1_Very Close to Most","several days a week",15,"No","once a day",123.2,"Above 25","Succeeding"
"Rural.Hadza","21-24",0,"3","1_Very Close to Most","rarely/never",1,"No","once a day",143.7,NA,"Succeeding"
"Rural.Hadza","55-64",0,"2","1_Very Close to Most","several days a week",15,"No","once a day",139.9,"Above 25","Succeeding"
"Rural.Hadza","65+",0,"5","2_Very Close to Some","once a day",30,"No","rarely/never",109.5,"Above 25","Succeeding"
"Rural.Hadza","35-44",0,"6+","1_Very Close to Most","a few times a month",5,"No","once a day",137.6,"Above 25","Succeeding"
"Rural.Hadza","45-54",8,"3","2_Very Close to Some","a few times a month",5,"No","once a day",138.4,"Above 25","Succeeding"
"Rural.Hadza","25-34",8,"4","1_Very Close to Most","rarely/never",1,"Yes","several days a week",139.2,"Above 25","Succeeding"
"Rural.Hadza","21-24",14,"5","1_Very Close to Most","several times a day",45,"Yes","once a day",165.8,"≤10","Succeeding"
"Rural.Hadza","21-24",14,"6+","1_Very Close to Most","several times a day",45,"Yes","rarely/never",143,"19","Succeeding"
"Rural.Hadza","21-24",8,"6+","1_Very Close to Most","rarely/never",1,"Yes","once a day",127.9,"21-25","Succeeding"
"Rural.Hadza","25-34",14,"6+","1_Very Close to Most","several times a day",45,"Yes","once a day",112.5,"Above 25","Succeeding"
"Rural.Hadza","16-20",14,"3","1_Very Close to Most","several times a day",45,"Yes","rarely/never",-59.2,"18","Struggling"
"Rural.Hadza","16-20",14,"5","2_Very Close to Some","rarely/never",1,"Yes","once a day",-12.1,"18","Struggling"
"Rural.Hadza","35-44",16,"0","4_Dont Get Along","rarely/never",1,"Yes","a few times a month",-100,"Above 25","Struggling"
"Rural.Hadza","35-44",18,"6+","1_Very Close to Most","once a day",30,"Yes","once a day",147.5,"Above 25","Succeeding"
"Rural.Hadza","25-34",12,"3","1_Very Close to Most","a few times a month",5,"No","once a day",-11.6,"Above 25","Struggling"
"Rural.Hadza","16-20",14,"6+","2_Very Close to Some","several days a week",15,"Yes","once a day",148.7,"21-25","Succeeding"
"Rural.Hadza","35-44",10,"3","2_Very Close to Some","rarely/never",1,"Yes","once a day",141.4,"Above 25","Succeeding"
"Rural.Hadza","16-20",12,"3","1_Very Close to Most","several times a day",45,"Yes","rarely/never",125.5,"18","Succeeding"
"Rural.Hadza","65+",0,"4","1_Very Close to Most","rarely/never",1,"No","once a day",162.7,"Above 25","Succeeding"
"Rural.Hadza","45-54",0,"6+","2_Very Close to Some","several days a week",15,"No","once a day",149,"Above 25","Succeeding"
"Rural.Hadza","45-54",0,"6+","2_Very Close to Some","several days a week",15,"No","once a day",149,"Above 25","Succeeding"
"Rural.Hadza","55-64",8,"6+","1_Very Close to Most","rarely/never",1,"No","once a day",124,"Above 25","Succeeding"
"Rural.Hadza","25-34",16,"2","2_Very Close to Some","rarely/never",1,"Yes","once a day",-34.7,"Above 25","Struggling"
"Rural.Hadza","35-44",NA,"4","1_Very Close to Most","rarely/never",1,"Yes","once a day",161.2,"Above 25","Succeeding"
"Rural.Hadza","45-54",8,"4","1_Very Close to Most","several days a week",15,"Yes","once a day",139.9,"Above 25","Succeeding"
"Rural.Hadza","21-24",14,"1","2_Very Close to Some","several times a day",45,"Yes","once a day",128.5,NA,"Succeeding"
"Rural.Hadza","35-44",14,"6+","4_Dont Get Along","rarely/never",1,"Yes","a few times a month",-12.6,"Above 25","Struggling"
"Rural.Hadza","25-34",20,"0","2_Very Close to Some","several times a day",45,"Yes","once a day",120.2,"Above 25","Succeeding"
"Rural.Hadza","21-24",12,"2","2_Very Close to Some","a few times a month",5,"No","rarely/never",125.5,NA,"Succeeding"
"Rural.Hadza","25-34",16,"1","5_Dont Have Family","several times a day",45,"Yes","once a day",178.7,"Above 25","Succeeding"
"Rural.Hadza","25-34",4,"3","1_Very Close to Most","rarely/never",1,"Yes","several days a week",172.6,"Above 25","Succeeding"
"Rural.Hadza","45-54",8,"0","4_Dont Get Along","a few times a month",5,"No","once a day",-33.3,"Above 25","Struggling"
"Rural.Hadza","16-20",8,"5","1_Very Close to Most","a few times a month",5,"No","a few times a month",140.7,NA,"Succeeding"
"Rural.Hadza","55-64",8,"4","1_Very Close to Most","several days a week",15,"No","once a day",103.8,"Above 25","Succeeding"
"Rural.Hadza","16-20",8,"1","6_Prefer Not to Say","several times a day",45,"Yes","rarely/never",133.5,"18","Succeeding"
"Rural.Hadza","55-64",8,"6+","1_Very Close to Most","several days a week",15,"No","once a day",116.3,"Above 25","Succeeding"
"Rural.Hadza","25-34",8,"3","1_Very Close to Most","several days a week",15,"No","once a day",121.3,"Above 25","Succeeding"
"Rural.Hadza","35-44",8,"3","1_Very Close to Most","several times a day",45,"No","once a day",119.4,"Above 25","Succeeding"
"Rural.Hadza","35-44",8,"0","1_Very Close to Most","rarely/never",1,"No","once a day",140.9,"Above 25","Succeeding"
"Rural.Hadza","65+",8,"5","5_Dont Have Family","rarely/never",1,"No","once a day",142.2,"Above 25","Succeeding"
"Rural.Hadza","35-44",8,"5","1_Very Close to Most","a few times a month",5,"No","once a day",121.1,"Above 25","Succeeding"
"Rural.Hadza","45-54",8,"2","1_Very Close to Most","several days a week",15,"Yes","once a day",104,"Above 25","Succeeding"
"Rural.Hadza","25-34",8,"3","1_Very Close to Most","once a day",30,"No","once a day",-71.3,"Above 25","Struggling"
"Rural.Hadza","25-34",8,"5","2_Very Close to Some","a few times a month",5,"No","once a day",-9,"Above 25","Struggling"
"Rural.Hadza","45-54",8,"5","1_Very Close to Most","a few times a month",5,"No","once a day",158.2,"Above 25","Succeeding"
"Rural.Hadza","21-24",8,"6+","1_Very Close to Most","rarely/never",1,"No","once a day",142.2,NA,"Succeeding"
"Rural.Hadza","35-44",8,"4","4_Dont Get Along","rarely/never",1,"No","once a day",-4.1,"Above 25","Struggling"
"Rural.Hadza","25-34",8,"3","2_Very Close to Some","rarely/never",1,"Yes","once a day",160.1,"Above 25","Succeeding"
"Rural.Hadza","35-44",8,"0","1_Very Close to Most","a few times a month",5,"No","once a day",-34.3,"Above 25","Struggling"
"Rural.Hadza","25-34",8,"4","1_Very Close to Most","rarely/never",1,"No","once a day",-6.8,"Above 25","Struggling"
"Rural.Hadza","55-64",8,"6+","1_Very Close to Most","a few times a month",5,"No","once a day",160.5,"Above 25","Succeeding"
"Rural.Hadza","25-34",8,"3","1_Very Close to Most","once a day",30,"No","once a day",168.1,"Above 25","Succeeding"
"Rural.Hadza","35-44",8,"4","2_Very Close to Some","rarely/never",1,"Yes","once a day",153.6,"Above 25","Succeeding"
"Rural.Hadza","35-44",8,"4","1_Very Close to Most","rarely/never",1,"No","once a day",109.1,"Above 25","Succeeding"
"Rural.Hadza","45-54",8,"3","1_Very Close to Most","a few times a month",5,"No","once a day",-20.6,"Above 25","Struggling"
"Rural.Hadza","25-34",8,"3","1_Very Close to Most","rarely/never",1,"Yes","once a day",140.7,"Above 25","Succeeding"
"Rural.Hadza","35-44",8,"3","2_Very Close to Some","several days a week",15,"No","once a day",-5.3,"Above 25","Struggling"
"Rural.Hadza","55-64",8,"1","1_Very Close to Most","rarely/never",1,"No","a few times a month",113.3,"Above 25","Succeeding"
"Rural.Hadza","16-20",8,"6+","2_Very Close to Some","several days a week",15,"No","once a day",-9.6,NA,"Struggling"
"Rural.Hadza","45-54",8,"3","1_Very Close to Most","several times a day",45,"No","once a day",-10.1,"Above 25","Struggling"
"Rural.Hadza","45-54",8,"1","1_Very Close to Most","a few times a month",5,"No","once a day",152.9,"Above 25","Succeeding"
"Rural.Hadza","25-34",8,"1","1_Very Close to Most","rarely/never",1,"No","once a day",152.9,"Above 25","Succeeding"
"Rural.Hadza","45-54",8,"5","2_Very Close to Some","rarely/never",1,"No","once a day",-86.8,"Above 25","Struggling"
"Rural.Hadza","45-54",8,"5","2_Very Close to Some","rarely/never",1,"No","once a day",-86.8,"Above 25","Struggling"
"Rural.Hadza","35-44",8,"3","1_Very Close to Most","rarely/never",1,"No","several days a week",108.7,"Above 25","Succeeding"
"Rural.Hadza","35-44",8,"5","1_Very Close to Most","rarely/never",1,"Yes","once a day",107.2,"Above 25","Succeeding"
"Rural.Hadza","16-20",8,"3","5_Dont Have Family","once a day",30,"No","once a day",127,NA,"Succeeding"
"Rural.Hadza","35-44",8,"6+","2_Very Close to Some","several days a week",15,"Yes","once a day",136.1,"Above 25","Succeeding"
"Rural.Hadza","55-64",8,"3","1_Very Close to Most","several times a day",45,"No","once a day",141.4,"Above 25","Succeeding"
"Rural.Hadza","35-44",8,"6+","1_Very Close to Most","rarely/never",1,"No","once a day",109.5,"Above 25","Succeeding"
"Rural.Hadza","45-54",8,"4","3_Not Close","a few times a month",5,"No","once a day",133.8,"Above 25","Succeeding"
"Rural.Hadza","65+",8,"2","1_Very Close to Most","a few times a month",5,"No","rarely/never",103.4,"Above 25","Succeeding"
"Rural.Hadza","25-34",8,"2","1_Very Close to Most","rarely/never",1,"No","once a day",124,"Above 25","Succeeding"
"Rural.Hadza","25-34",8,"2","1_Very Close to Most","rarely/never",1,"No","once a day",124,"Above 25","Succeeding"
"Rural.Hadza","55-64",8,"5","1_Very Close to Most","several days a week",15,"Yes","once a day",156.7,"Above 25","Succeeding"
"Rural.Hadza","25-34",8,"3","2_Very Close to Some","rarely/never",1,"No","once a day",119.4,"Above 25","Succeeding"
"Rural.Hadza","45-54",8,"3","3_Not Close","rarely/never",1,"No","once a day",111.8,"Above 25","Succeeding"
"Rural.Hadza","45-54",8,"6+","1_Very Close to Most","several times a day",45,"No","once a day",-8.8,"Above 25","Struggling"
"Rural.Hadza","35-44",8,"4","4_Dont Get Along","rarely/never",1,"Yes","once a day",148.3,"Above 25","Succeeding"
"Rural.Hadza","45-54",8,"3","1_Very Close to Most","rarely/never",1,"Yes","rarely/never",120.9,"Above 25","Succeeding"
"Rural.Hadza","16-20",8,"6+","1_Very Close to Most","several days a week",15,"No","once a day",110.3,NA,"Succeeding"
"Rural.Hadza","45-54",8,"5","1_Very Close to Most","rarely/never",1,"No","once a day",144.5,"Above 25","Succeeding"
"Rural.Hadza","45-54",8,"2","1_Very Close to Most","several times a day",45,"No","once a day",101.1,"Above 25","Succeeding"
"Rural.Hadza","65+",8,"4","1_Very Close to Most","rarely/never",1,"No","rarely/never",110.3,"Above 25","Succeeding"
"Rural.Hadza","16-20",8,"2","4_Dont Get Along","once a day",30,"No","once a day",139.9,NA,"Succeeding"
"Rural.Hadza","45-54",8,"4","1_Very Close to Most","once a day",30,"No","once a day",142.2,"Above 25","Succeeding"
"Rural.Hadza","35-44",8,"5","2_Very Close to Some","several times a day",45,"Yes","once a day",157.4,"Above 25","Succeeding"
"Rural.Hadza","55-64",8,"6+","1_Very Close to Most","rarely/never",1,"No","once a day",109.9,"Above 25","Succeeding"
"Rural.Hadza","25-34",8,"6+","1_Very Close to Most","rarely/never",1,"Yes","once a day",101.1,"Above 25","Succeeding"
"Rural.Hadza","35-44",8,"4","1_Very Close to Most","rarely/never",1,"No","rarely/never",-9.5,"Above 25","Struggling"
"Rural.Hadza","55-64",8,"3","1_Very Close to Most","several days a week",15,"Yes","once a day",136.9,"Above 25","Succeeding"
"Rural.Hadza","45-54",8,"6+","1_Very Close to Most","a few times a month",5,"No","once a day",143.7,"Above 25","Succeeding"
"Rural.Hadza","35-44",8,"5","2_Very Close to Some","rarely/never",1,"No","once a day",-3.3,"Above 25","Struggling"
"Rural.Hadza","55-64",8,"4","1_Very Close to Most","rarely/never",1,"Yes","once a day",108,"Above 25","Succeeding"
"Rural.Hadza","25-34",8,"3","1_Very Close to Most","several times a day",45,"Yes","once a day",-10.1,"Above 25","Struggling"
"Rural.Hadza","45-54",8,"0","1_Very Close to Most","rarely/never",1,"Yes","once a day",131.6,"Above 25","Succeeding"
"Rural.Hadza","25-34",8,"0","2_Very Close to Some","several days a week",15,"No","once a day",-77.7,"Above 25","Struggling"
"Rural.Hadza","35-44",8,"3","2_Very Close to Some","rarely/never",1,"No","a few times a month",101.1,"Above 25","Succeeding"
"Rural.Hadza","55-64",8,"2","1_Very Close to Most","rarely/never",1,"No","once a day",173.4,"Above 25","Succeeding"
"Rural.Hadza","35-44",8,"5","1_Very Close to Most","a few times a month",5,"Yes","rarely/never",165.8,"Above 25","Succeeding"
"Rural.Hadza","35-44",8,"5","1_Very Close to Most","several days a week",15,"No","once a day",128.5,"Above 25","Succeeding"
"Rural.Hadza","25-34",8,"3","1_Very Close to Most","once a day",30,"Yes","once a day",-39.4,"Above 25","Struggling"
"Rural.Hadza","25-34",8,"6+","1_Very Close to Most","rarely/never",1,"No","once a day",149.4,"Above 25","Succeeding"
"Rural.Hadza","35-44",8,"5","1_Very Close to Most","several times a day",45,"No","once a day",136.1,"Above 25","Succeeding"
"Rural.Hadza","25-34",8,"3","5_Dont Have Family","a few times a month",5,"No","once a day",106.8,"Above 25","Succeeding"
"Rural.Hadza","45-54",8,"3","1_Very Close to Most","a few times a month",5,"No","rarely/never",-26.7,"Above 25","Struggling"
"Rural.Hadza","55-64",8,"3","1_Very Close to Most","a few times a month",5,"No","once a day",117.1,"Above 25","Succeeding"
"Rural.Hadza","16-20",8,"6+","1_Very Close to Most","rarely/never",1,"No","rarely/never",150.6,NA,"Succeeding"
"Rural.Hadza","55-64",8,"5","3_Not Close","several times a day",45,"No","once a day",160.5,"Above 25","Succeeding"
"Rural.Hadza","35-44",8,"6+","1_Very Close to Most","rarely/never",1,"No","once a day",137.6,"Above 25","Succeeding"
"Rural.Hadza","25-34",8,"0","1_Very Close to Most","rarely/never",1,"No","once a day",-4.5,"Above 25","Struggling"
"Rural.Hadza","35-44",8,"5","5_Dont Have Family","rarely/never",1,"Yes","once a day",143,"Above 25","Succeeding"
"Rural.Hadza","45-54",8,"6+","1_Very Close to Most","several days a week",15,"No","once a day",111,"Above 25","Succeeding"
"Rural.Hadza","35-44",8,"5","1_Very Close to Most","rarely/never",1,"Yes","once a day",162.7,"Above 25","Succeeding"
"Rural.Hadza","35-44",8,"6+","4_Dont Get Along","several days a week",15,"No","once a day",-15.2,"Above 25","Struggling"
"Rural.Hadza","16-20",8,"4","1_Very Close to Most","several days a week",15,"No","several days a week",157.4,NA,"Succeeding"
"Rural.Hadza","35-44",8,"3","3_Not Close","a few times a month",5,"Yes","once a day",134.6,"Above 25","Succeeding"
"Rural.Hadza","55-64",8,"4","2_Very Close to Some","rarely/never",1,"No","rarely/never",145.2,"Above 25","Succeeding"
"Rural.Hadza","45-54",8,"6+","1_Very Close to Most","rarely/never",1,"No","once a day",-97.3,"Above 25","Struggling"
"Rural.Hadza","35-44",8,"2","2_Very Close to Some","rarely/never",1,"No","once a day",-0.3,"Above 25","Struggling"
"Rural.Hadza","21-24",8,"3","1_Very Close to Most","a few times a month",5,"Yes","once a day",143.7,"19","Succeeding"
"Rural.Hadza","16-20",8,"6+","1_Very Close to Most","several days a week",15,"No","once a day",156.7,NA,"Succeeding"
"Rural.Hadza","16-20",8,"6+","1_Very Close to Most","several days a week",15,"No","once a day",156.7,NA,"Succeeding"
"Rural.Hadza","16-20",8,"6+","1_Very Close to Most","several days a week",15,"No","once a day",156.7,NA,"Succeeding"
"Rural.Hadza","35-44",8,"2","2_Very Close to Some","rarely/never",1,"No","once a day",102.1,"Above 25","Succeeding"
"Rural.Hadza","45-54",8,"6+","1_Very Close to Most","once a day",30,"No","a few times a month",147.5,"Above 25","Succeeding"
"Rural.Hadza","55-64",8,"6+","1_Very Close to Most","a few times a month",5,"No","a few times a month",131.6,"Above 25","Succeeding"
"Rural.Hadza","65+",8,"4","2_Very Close to Some","several times a day",45,"No","once a day",136.1,"Above 25","Succeeding"
"Rural.Hadza","35-44",8,"4","1_Very Close to Most","rarely/never",1,"Yes","rarely/never",108.7,"Above 25","Succeeding"
"Rural.Hadza","45-54",8,"6+","1_Very Close to Most","several times a day",45,"No","rarely/never",-8.8,"Above 25","Struggling"
"Rural.Hadza","35-44",8,"4","1_Very Close to Most","several days a week",15,"No","once a day",112.5,"Above 25","Succeeding"
"Rural.Hadza","16-20",8,"5","5_Dont Have Family","several times a day",45,"No","several days a week",159.7,NA,"Succeeding"
"Rural.Hadza","21-24",8,"4","6_Prefer Not to Say","several days a week",15,"Yes","once a day",132.3,"19","Succeeding"
"Rural.Hadza","35-44",8,"5","1_Very Close to Most","several times a day",45,"Yes","once a day",165.4,"Above 25","Succeeding"
"Rural.Hadza","55-64",8,"4","1_Very Close to Most","rarely/never",1,"No","rarely/never",146,"Above 25","Succeeding"
"Rural.Hadza","25-34",8,"4","1_Very Close to Most","rarely/never",1,"No","once a day",156.7,"Above 25","Succeeding"
"Rural.Hadza","35-44",8,"5","1_Very Close to Most","rarely/never",1,"No","once a day",135.4,"Above 25","Succeeding"
"Rural.Hadza","35-44",8,"5","1_Very Close to Most","rarely/never",1,"No","once a day",135.4,"Above 25","Succeeding"
"Rural.Hadza","55-64",8,"5","1_Very Close to Most","rarely/never",1,"No","once a day",176.4,"Above 25","Succeeding"
"Rural.Hadza","35-44",8,"4","1_Very Close to Most","rarely/never",1,"Yes","rarely/never",-54.6,"Above 25","Struggling"
"Rural.Hadza","55-64",8,"1","2_Very Close to Some","rarely/never",1,"No","once a day",127,"Above 25","Succeeding"
"Rural.Hadza","21-24",8,"3","1_Very Close to Most","a few times a month",5,"No","rarely/never",111.8,NA,"Succeeding"
"Rural.Hadza","45-54",8,"6+","1_Very Close to Most","rarely/never",1,"No","once a day",156.7,"Above 25","Succeeding"
"Rural.Hadza","45-54",8,"6+","1_Very Close to Most","rarely/never",1,"Yes","once a day",136.9,"Above 25","Succeeding"
"Rural.Hadza","45-54",8,"4","1_Very Close to Most","rarely/never",1,"No","once a day",-10.2,"Above 25","Struggling"
"Rural.Hadza","25-34",8,"6+","1_Very Close to Most","rarely/never",1,"No","once a day",150.2,"Above 25","Succeeding"
"Rural.Hadza","25-34",8,"4","3_Not Close","several times a day",45,"Yes","once a day",130,"Above 25","Succeeding"
"Rural.Hadza","21-24",8,"4","5_Dont Have Family","several times a day",45,"No","once a day",-23.4,NA,"Struggling"
"Rural.Hadza","25-34",8,"0","5_Dont Have Family","several times a day",45,"Yes","once a day",-7.5,"Above 25","Struggling"
"Rural.Hadza","25-34",8,"6+","2_Very Close to Some","rarely/never",1,"Yes","once a day",113.3,"Above 25","Succeeding"
"Rural.Hadza","55-64",8,"6+","1_Very Close to Most","rarely/never",1,"No","once a day",117.1,"Above 25","Succeeding"
"Rural.Hadza","25-34",8,"6+","1_Very Close to Most","rarely/never",1,"No","once a day",129.3,"Above 25","Succeeding"
"Rural.Hadza","35-44",8,"4","1_Very Close to Most","a few times a month",5,"No","once a day",-8,"Above 25","Struggling"
"Rural.Hadza","45-54",8,"3","1_Very Close to Most","a few times a month",5,"No","once a day",-20.1,"Above 25","Struggling"
"Rural.Hadza","45-54",8,"6+","1_Very Close to Most","rarely/never",1,"No","once a day",-15.5,"Above 25","Struggling"
"Rural.Hadza","45-54",8,"5","2_Very Close to Some","rarely/never",1,"No","once a day",123.2,"Above 25","Succeeding"
"Rural.Hadza","35-44",8,"4","1_Very Close to Most","rarely/never",1,"No","once a day",120.2,"Above 25","Succeeding"
"Rural.Hadza","25-34",8,"4","2_Very Close to Some","a few times a month",5,"No","once a day",-25.4,"Above 25","Struggling"
"Rural.Hadza","45-54",8,"4","1_Very Close to Most","several days a week",15,"Yes","rarely/never",167.3,"Above 25","Succeeding"
"Rural.Hadza","45-54",8,"4","1_Very Close to Most","rarely/never",1,"No","once a day",136.1,"Above 25","Succeeding"
"Rural.Hadza","21-24",8,"0","2_Very Close to Some","a few times a month",5,"Yes","several days a week",112.5,"15","Succeeding"
"Rural.Hadza","35-44",8,"5","1_Very Close to Most","rarely/never",1,"No","once a day",141.4,"Above 25","Succeeding"
"Rural.Hadza","16-20",8,"6+","1_Very Close to Most","rarely/never",1,"No","rarely/never",143.7,NA,"Succeeding"
"Rural.Hadza","25-34",14,"4","2_Very Close to Some","a few times a month",5,"No","once a day",-48.9,"Above 25","Struggling"
"Rural.Hadza","35-44",8,"5","1_Very Close to Most","rarely/never",1,"No","rarely/never",123.2,"Above 25","Succeeding"
"Rural.Hadza","55-64",8,"4","1_Very Close to Most","several days a week",15,"Yes","a few times a month",165,"Above 25","Succeeding"
"Rural.Hadza","45-54",8,"4","1_Very Close to Most","several days a week",15,"Yes","once a day",-26.3,"Above 25","Struggling"
"Rural.Hadza","35-44",8,"6+","1_Very Close to Most","several days a week",15,"No","once a day",162.7,"Above 25","Succeeding"
"Rural.Hadza","45-54",8,"4","1_Very Close to Most","a few times a month",5,"Yes","once a day",168.3,"Above 25","Succeeding"
"Rural.Hadza","25-34",8,"4","1_Very Close to Most","a few times a month",5,"No","once a day",158.9,"Above 25","Succeeding"
"Rural.Hadza","21-24",8,"4","2_Very Close to Some","a few times a month",5,"No","once a day",-43.6,NA,"Struggling"
"Rural.Hadza","35-44",8,"1","2_Very Close to Some","rarely/never",1,"No","once a day",-0.6,"Above 25","Struggling"
"Rural.Hadza","45-54",8,"4","1_Very Close to Most","several times a day",45,"No","once a day",136.5,"Above 25","Succeeding"
"Rural.Hadza","25-34",14,"6+","1_Very Close to Most","once a day",30,"Yes","once a day",162,"Above 25","Succeeding"
"Rural.Hadza","25-34",8,"4","1_Very Close to Most","a few times a month",5,"No","once a day",139.9,"Above 25","Succeeding"
"Rural.Hadza","45-54",8,"2","1_Very Close to Most","rarely/never",1,"Yes","rarely/never",152.1,"Above 25","Succeeding"
"Rural.Hadza","45-54",14,"5","6_Prefer Not to Say","rarely/never",1,"Yes","once a day",-16,"Above 25","Struggling"
"Rural.Hadza","55-64",8,"3","3_Not Close","several times a day",45,"No","rarely/never",152.9,"Above 25","Succeeding"
"Rural.Hadza","55-64",8,"3","1_Very Close to Most","several days a week",15,"No","once a day",124,"Above 25","Succeeding"
"Rural.Hadza","35-44",8,"5","1_Very Close to Most","rarely/never",1,"No","once a day",-27.6,"Above 25","Struggling"
"Rural.Hadza","35-44",8,"1","3_Not Close","rarely/never",1,"No","once a day",-1.9,"Above 25","Struggling"
"Rural.Hadza","35-44",8,"1","1_Very Close to Most","rarely/never",1,"No","several days a week",-8,"Above 25","Struggling"
"Rural.Hadza","45-54",8,"4","2_Very Close to Some","several days a week",15,"No","once a day",166.5,"Above 25","Succeeding"
"Rural.Hadza","35-44",8,"3","1_Very Close to Most","rarely/never",1,"No","once a day",161.2,"Above 25","Succeeding"
"Rural.Hadza","35-44",8,"4","1_Very Close to Most","rarely/never",1,"No","once a day",132.3,"Above 25","Succeeding"
"Rural.Hadza","55-64",8,"1","1_Very Close to Most","rarely/never",1,"No","once a day",158.2,"Above 25","Succeeding"
"Rural.Hadza","35-44",8,"4","1_Very Close to Most","rarely/never",1,"No","once a day",146.8,"Above 25","Succeeding"
"Rural.Hadza","55-64",8,"6+","1_Very Close to Most","several times a day",45,"No","once a day",135.7,"Above 25","Succeeding"
"Rural.Hadza","45-54",8,"5","1_Very Close to Most","rarely/never",1,"No","several days a week",106.5,"Above 25","Succeeding"
"Rural.Hadza","45-54",8,"4","2_Very Close to Some","once a day",30,"No","once a day",164.3,"Above 25","Succeeding"
"Rural.Hadza","55-64",8,"3","1_Very Close to Most","several times a day",45,"No","rarely/never",-45.4,"Above 25","Struggling"
"Rural.Hadza","25-34",8,"2","1_Very Close to Most","a few times a month",5,"No","once a day",111,"Above 25","Succeeding"
"Rural.Hadza","55-64",8,"5","5_Dont Have Family","several days a week",15,"No","once a day",114.8,"Above 25","Succeeding"
"Rural.Hadza","55-64",8,"3","3_Not Close","several times a day",45,"No","once a day",-17.4,"Above 25","Struggling"
"Rural.Hadza","21-24",8,"3","1_Very Close to Most","rarely/never",1,"No","once a day",108.7,NA,"Succeeding"
"Rural.Hadza","55-64",8,"3","1_Very Close to Most","a few times a month",5,"No","once a day",139.2,"Above 25","Succeeding"
"Rural.Hadza","55-64",8,"6+","1_Very Close to Most","rarely/never",1,"No","once a day",154.4,"Above 25","Succeeding"
"Rural.Hadza","35-44",8,"6+","1_Very Close to Most","rarely/never",1,"No","rarely/never",149.8,"Above 25","Succeeding"
"Rural.Hadza","55-64",8,"5","1_Very Close to Most","rarely/never",1,"No","once a day",147.5,"Above 25","Succeeding"
"Rural.Hadza","21-24",8,"6+","2_Very Close to Some","several days a week",15,"No","rarely/never",122.6,NA,"Succeeding"
"Rural.Hadza","65+",8,"3","1_Very Close to Most","a few times a month",5,"No","several days a week",178.7,"Above 25","Succeeding"
"Rural.Hadza","45-54",8,"4","1_Very Close to Most","a few times a month",5,"No","once a day",160.5,"Above 25","Succeeding"
"Rural.Hadza","45-54",8,"4","1_Very Close to Most","a few times a month",5,"No","once a day",158.9,"Above 25","Succeeding"
"Rural.Hadza","65+",8,"1","1_Very Close to Most","rarely/never",1,"No","once a day",-14.5,"Above 25","Struggling"
"Rural.Hadza","45-54",8,"3","1_Very Close to Most","a few times a month",5,"Yes","once a day",147.5,"Above 25","Succeeding"
"Rural.Hadza","16-20",8,"6+","1_Very Close to Most","rarely/never",1,"No","once a day",101.9,NA,"Succeeding"
"Rural.Hadza","35-44",8,"2","1_Very Close to Most","rarely/never",1,"Yes","once a day",150.6,"Above 25","Succeeding"
"Rural.Hadza","35-44",8,"3","1_Very Close to Most","several days a week",15,"No","once a day",135.7,"Above 25","Succeeding"
"Rural.Hadza","35-44",8,"4","1_Very Close to Most","several days a week",15,"No","once a day",114.1,"Above 25","Succeeding"
"Rural.Hadza","35-44",8,"4","1_Very Close to Most","once a day",30,"Yes","once a day",142.2,"Above 25","Succeeding"
"Rural.Hadza","35-44",8,"4","2_Very Close to Some","several days a week",15,"No","once a day",152.1,"Above 25","Succeeding"
"Rural.Hadza","45-54",8,"4","1_Very Close to Most","several times a day",45,"Yes","once a day",170.3,"Above 25","Succeeding"
"Rural.Hadza","25-34",8,"3","2_Very Close to Some","rarely/never",1,"No","rarely/never",138,"Above 25","Succeeding"
"Rural.Hadza","55-64",8,"6+","1_Very Close to Most","rarely/never",1,"No","once a day",166.5,"Above 25","Succeeding"
"Rural.Hadza","25-34",8,"2","1_Very Close to Most","once a day",30,"No","once a day",154.4,"Above 25","Succeeding"
"Rural.Hadza","65+",8,"5","1_Very Close to Most","rarely/never",1,"No","once a day",136.1,"Above 25","Succeeding"
"Rural.Hadza","21-24",14,"5","6_Prefer Not to Say","rarely/never",1,"Yes","once a day",162,"17","Succeeding"
"Rural.Hadza","55-64",8,"5","1_Very Close to Most","several days a week",15,"No","once a day",134.4,"Above 25","Succeeding"
"Rural.Hadza","45-54",8,"2","1_Very Close to Most","rarely/never",1,"No","rarely/never",123.2,"Above 25","Succeeding"
"Rural.Hadza","25-34",8,"5","1_Very Close to Most","a few times a month",5,"Yes","once a day",139.5,"Above 25","Succeeding"
"Rural.Hadza","35-44",8,"3","1_Very Close to Most","several days a week",15,"Yes","once a day",-26.7,"Above 25","Struggling"
"Rural.Hadza","35-44",8,"4","2_Very Close to Some","several days a week",15,"Yes","rarely/never",-65.4,"Above 25","Struggling"
"Rural.Hadza","35-44",8,"3","2_Very Close to Some","a few times a month",5,"No","once a day",-73.4,"Above 25","Struggling"
"Rural.Hadza","35-44",8,"6+","1_Very Close to Most","rarely/never",1,"No","once a day",145.2,"Above 25","Succeeding"
"Rural.Hadza","45-54",8,"3","2_Very Close to Some","rarely/never",1,"No","once a day",104.9,"Above 25","Succeeding"
"Rural.Hadza","35-44",8,"5","1_Very Close to Most","rarely/never",1,"No","once a day",149.8,"Above 25","Succeeding"
"Rural.Hadza","55-64",8,"0","2_Very Close to Some","rarely/never",1,"No","once a day",104.2,"Above 25","Succeeding"
"Rural.Hadza","45-54",8,"2","2_Very Close to Some","rarely/never",1,"No","rarely/never",-6.6,"Above 25","Struggling"
"Rural.Hadza","25-34",8,"1","3_Not Close","rarely/never",1,"No","once a day",-16.4,"Above 25","Struggling"
"Rural.Hadza","55-64",8,"3","1_Very Close to Most","several times a day",45,"No","once a day",128.5,"Above 25","Succeeding"
"Rural.Hadza","25-34",8,"6+","1_Very Close to Most","several times a day",45,"No","once a day",150.6,"Above 25","Succeeding"
"Rural.Hadza","65+",8,"6+","1_Very Close to Most","rarely/never",1,"No","once a day",105.7,"Above 25","Succeeding"
"Rural.Hadza","55-64",8,"3","1_Very Close to Most","rarely/never",1,"No","once a day",158.9,"Above 25","Succeeding"
"Rural.Hadza","25-34",12,"6+","1_Very Close to Most","rarely/never",1,"Yes","once a day",-28.7,"Above 25","Struggling"
"Rural.Hadza","45-54",8,"4","1_Very Close to Most","rarely/never",1,"No","once a day",152.9,"Above 25","Succeeding"
"Rural.Hadza","25-34",12,"3","2_Very Close to Some","several times a day",45,"No","once a day",121.7,"Above 25","Succeeding"
"Rural.Hadza","16-20",8,"3","2_Very Close to Some","a few times a month",5,"Yes","once a day",111,"18","Succeeding"
"Rural.Hadza","25-34",8,"6+","1_Very Close to Most","rarely/never",1,"No","once a day",135.4,"Above 25","Succeeding"
"Rural.Hadza","45-54",8,"6+","5_Dont Have Family","rarely/never",1,"No","once a day",-14.6,"Above 25","Struggling"
"Rural.Hadza","45-54",8,"5","1_Very Close to Most","rarely/never",1,"Yes","several days a week",156.7,"Above 25","Succeeding"
"Rural.Hadza","35-44",8,"4","1_Very Close to Most","rarely/never",1,"No","once a day",168.8,"Above 25","Succeeding"
"Rural.Hadza","45-54",8,"3","6_Prefer Not to Say","rarely/never",1,"No","rarely/never",124.7,"Above 25","Succeeding"
"Rural.Hadza","25-34",8,"2","3_Not Close","rarely/never",1,"No","rarely/never",124,"Above 25","Succeeding"
"Rural.Hadza","35-44",8,"2","2_Very Close to Some","rarely/never",1,"No","once a day",-3,"Above 25","Struggling"
"Rural.Hadza","45-54",8,"3","3_Not Close","rarely/never",1,"Yes","once a day",113.3,"Above 25","Succeeding"
"Rural.Hadza","55-64",8,"2","1_Very Close to Most","rarely/never",1,"No","once a day",146,"Above 25","Succeeding"
"Rural.Hadza","35-44",8,"3","3_Not Close","several times a day",45,"Yes","several days a week",111.8,"Above 25","Succeeding"
"Rural.Hadza","55-64",8,"2","1_Very Close to Most","rarely/never",1,"No","once a day",111.8,"Above 25","Succeeding"
"Rural.Hadza","45-54",8,"3","5_Dont Have Family","several times a day",45,"No","once a day",-72.4,"Above 25","Struggling"
"Rural.Hadza","35-44",8,"4","2_Very Close to Some","once a day",30,"No","a few times a month",157.4,"Above 25","Succeeding"
"Rural.Hadza","55-64",8,"5","1_Very Close to Most","several times a day",45,"No","once a day",176.4,"Above 25","Succeeding"
"Rural.Hadza","45-54",8,"5","1_Very Close to Most","several times a day",45,"Yes","once a day",126.2,"Above 25","Succeeding"
"Rural.Hadza","55-64",8,"4","5_Dont Have Family","several times a day",45,"Yes","rarely/never",150.6,"Above 25","Succeeding"
"Rural.Hadza","65+",8,"3","1_Very Close to Most","several times a day",45,"No","rarely/never",138.4,"Above 25","Succeeding"
"Rural.Hadza","21-24",8,"4","5_Dont Have Family","several days a week",15,"No","rarely/never",123.2,NA,"Succeeding"
"Rural.Hadza","35-44",8,"1","1_Very Close to Most","rarely/never",1,"No","once a day",147.5,"Above 25","Succeeding"
"Rural.Hadza","65+",8,"2","2_Very Close to Some","several times a day",45,"Yes","once a day",114.8,"Above 25","Succeeding"
"Rural.Hadza","21-24",8,"2","6_Prefer Not to Say","several times a day",45,"Yes","once a day",165,"19","Succeeding"
"Rural.Hadza","16-20",8,"",NA,NA,NA,NA,NA,127,NA,"Succeeding"
"Rural.Hadza","45-54",8,"5","1_Very Close to Most","rarely/never",1,"No","once a day",106.5,"Above 25","Succeeding"
"Rural.Hadza","45-54",8,"6+","1_Very Close to Most","rarely/never",1,"No","rarely/never",126.2,"Above 25","Succeeding"
"Rural.Hadza","45-54",8,"3","2_Very Close to Some","several times a day",45,"No","several days a week",105.7,"Above 25","Succeeding"
"Rural.Hadza","45-54",8,"3","4_Dont Get Along","several times a day",45,"No","once a day",-7.5,"Above 25","Struggling"
"Rural.Hadza","45-54",8,"6+","1_Very Close to Most","rarely/never",1,"No","once a day",165,"Above 25","Succeeding"
"Rural.Hadza","35-44",8,"2","2_Very Close to Some","rarely/never",1,"No","once a day",135.4,"Above 25","Succeeding"
"Rural.Hadza","21-24",8,"0","1_Very Close to Most","several times a day",45,"No","once a day",100.8,NA,"Succeeding"
"Rural.Hadza","25-34",8,"2","1_Very Close to Most","rarely/never",1,"No","once a day",-23.4,"Above 25","Struggling"
"Rural.Hadza","65+",8,"5","2_Very Close to Some","several days a week",15,"Yes","rarely/never",100.4,"Above 25","Succeeding"
"Rural.Hadza","35-44",8,"4","1_Very Close to Most","several times a day",45,"No","once a day",133.8,"Above 25","Succeeding"
"Rural.Hadza","25-34",8,"6+","1_Very Close to Most","rarely/never",1,"No","once a day",-13.3,"Above 25","Struggling"
"Rural.Hadza","45-54",8,"4","1_Very Close to Most","rarely/never",1,"No","once a day",144.5,"Above 25","Succeeding"
"Rural.Hadza","45-54",8,"6+","1_Very Close to Most","a few times a month",5,"No","once a day",143,"Above 25","Succeeding"
"Rural.Hadza","35-44",8,"3","2_Very Close to Some","several times a day",45,"No","once a day",149.8,"Above 25","Succeeding"
"Rural.Hadza","21-24",8,"0","4_Dont Get Along","several times a day",45,"No","once a day",-17.7,"Do not Own","Struggling"
"Rural.Hadza","45-54",8,"3","1_Very Close to Most","rarely/never",1,"No","once a day",-0.5,"Above 25","Struggling"
"Rural.Hadza","35-44",8,"6+","5_Dont Have Family","several days a week",15,"No","once a day",-24.1,"Above 25","Struggling"
"Rural.Hadza","21-24",8,"5","2_Very Close to Some","several times a day",45,"No","once a day",-6.3,NA,"Struggling"
"Rural.Hadza","16-20",12,"6+","2_Very Close to Some","rarely/never",1,"No","once a day",161.2,"Do not Own","Succeeding"
"Rural.Hadza","55-64",8,"2","1_Very Close to Most","a few times a month",5,"No","rarely/never",107.2,"Above 25","Succeeding"
"Rural.Hadza","16-20",8,"6+","1_Very Close to Most","rarely/never",1,"No","once a day",150.2,NA,"Succeeding"
"Rural.Hadza","55-64",8,"5","2_Very Close to Some","rarely/never",1,"No","once a day",115.8,"Above 25","Succeeding"
"Rural.Hadza","25-34",12,"3","2_Very Close to Some","once a day",30,"No","once a day",138.4,"Above 25","Succeeding"
"Rural.Hadza","25-34",8,"6+","2_Very Close to Some","several days a week",15,"No","several days a week",108,"Above 25","Succeeding"
"Rural.Hadza","45-54",8,"3","2_Very Close to Some","rarely/never",1,"Yes","once a day",110.6,"Above 25","Succeeding"
"Rural.Hadza","55-64",8,"4","1_Very Close to Most","rarely/never",1,"No","once a day",181,"Above 25","Succeeding"
"Rural.Hadza","45-54",8,"3","1_Very Close to Most","a few times a month",5,"No","several days a week",119.2,"Above 25","Succeeding"
"Rural.Hadza","35-44",8,"6+","1_Very Close to Most","several days a week",15,"Yes","once a day",142.2,"Above 25","Succeeding"
"Rural.Hadza","25-34",8,"6+","1_Very Close to Most","once a day",30,"No","once a day",-6.5,"Above 25","Struggling"
"Rural.Hadza","55-64",8,"3","1_Very Close to Most","a few times a month",5,"No","rarely/never",120.2,"Above 25","Succeeding"
"Rural.Hadza","25-34",8,"1","1_Very Close to Most","rarely/never",1,"No","once a day",152.9,"Above 25","Succeeding"
"Rural.Hadza","25-34",8,"6+","6_Prefer Not to Say","several times a day",45,"Yes","once a day",151.3,"Above 25","Succeeding"
"Rural.Hadza","16-20",8,"6+","1_Very Close to Most","rarely/never",1,"No","once a day",162.7,NA,"Succeeding"
"Rural.Hadza","45-54",8,"3","2_Very Close to Some","several days a week",15,"No","once a day",110.3,"Above 25","Succeeding"
"Rural.Hadza","65+",0,"3","2_Very Close to Some","rarely/never",1,"No","rarely/never",-1.1,"Above 25","Struggling"
"Rural.Hadza","35-44",8,"6+","1_Very Close to Most","several times a day",45,"Yes","rarely/never",118.6,"Above 25","Succeeding"
"Rural.Hadza","25-34",8,"2","3_Not Close","several times a day",45,"No","once a day",-12.7,"Above 25","Struggling"
"Rural.Hadza","35-44",8,"5","1_Very Close to Most","a few times a month",5,"Yes","rarely/never",107.2,"Above 25","Succeeding"
"Rural.Hadza","25-34",8,"6+","1_Very Close to Most","rarely/never",1,"No","once a day",-23.7,"Above 25","Struggling"
"Rural.Hadza","35-44",8,"4","1_Very Close to Most","rarely/never",1,"No","once a day",100.4,"Above 25","Succeeding"
"Rural.Hadza","45-54",8,"5","3_Not Close","several times a day",45,"No","once a day",136.1,"Above 25","Succeeding"
"Rural.Hadza","55-64",8,"4","2_Very Close to Some","rarely/never",1,"No","rarely/never",-12.7,"Above 25","Struggling"
"Rural.Hadza","35-44",8,"2","1_Very Close to Most","rarely/never",1,"No","rarely/never",120.9,"Above 25","Succeeding"
"Rural.Hadza","35-44",12,"5","5_Dont Have Family","a few times a month",5,"No","rarely/never",132.3,"Above 25","Succeeding"
"Rural.Hadza","55-64",8,"6+","1_Very Close to Most","rarely/never",1,"Yes","once a day",-8,"Above 25","Struggling"
"Rural.Hadza","25-34",8,"1","5_Dont Have Family","several times a day",45,"No","once a day",-36.1,"Above 25","Struggling"
"Rural.Hadza","45-54",8,"4","3_Not Close","several times a day",45,"No","once a day",158.2,"Above 25","Succeeding"
"Rural.Hadza","35-44",8,"6+","1_Very Close to Most","rarely/never",1,"No","rarely/never",162.7,"Above 25","Succeeding"
"Rural.Hadza","45-54",8,"6+","1_Very Close to Most","a few times a month",5,"Yes","several days a week",167.3,"Above 25","Succeeding"
"Rural.Hadza","55-64",8,"6+","2_Very Close to Some","rarely/never",1,"No","once a day",146,"Above 25","Succeeding"
"Rural.Hadza","55-64",8,"6+","4_Dont Get Along","several times a day",45,"No","once a day",133.8,"Above 25","Succeeding"
"Rural.Hadza","35-44",8,"1","1_Very Close to Most","rarely/never",1,"No","once a day",-3,"Above 25","Struggling"
"Rural.Hadza","35-44",8,"3","1_Very Close to Most","rarely/never",1,"No","once a day",117.3,"Above 25","Succeeding"
"Rural.Hadza","45-54",8,"3","3_Not Close","several times a day",45,"No","once a day",158.9,"Above 25","Succeeding"
"Rural.Hadza","45-54",8,"3","3_Not Close","several times a day",45,"No","once a day",134,"Above 25","Succeeding"
"Rural.Hadza","45-54",8,"3","3_Not Close","several times a day",45,"No","once a day",158.9,"Above 25","Succeeding"
"Rural.Hadza","45-54",8,"3","3_Not Close","several times a day",45,"No","once a day",134,"Above 25","Succeeding"
"Rural.Hadza","35-44",8,"3","1_Very Close to Most","rarely/never",1,"No","a few times a month",127,"Above 25","Succeeding"
"Rural.Hadza","45-54",8,"3","1_Very Close to Most","several days a week",15,"No","once a day",120.9,"Above 25","Succeeding"
"Rural.Hadza","65+",8,"6+","1_Very Close to Most","rarely/never",1,"No","once a day",102.7,"Above 25","Succeeding"
"Rural.Hadza","45-54",8,"2","1_Very Close to Most","rarely/never",1,"No","once a day",123.2,"Above 25","Succeeding"
"Rural.Hadza","55-64",8,"5","1_Very Close to Most","a few times a month",5,"Yes","once a day",136.9,"Above 25","Succeeding"
"Rural.Hadza","55-64",8,"6+","1_Very Close to Most","rarely/never",1,"Yes","rarely/never",108,"Above 25","Succeeding"
"Rural.Hadza","55-64",8,"4","1_Very Close to Most","several days a week",15,"No","rarely/never",110.3,"Above 25","Succeeding"
"Rural.Hadza","65+",8,"2","1_Very Close to Most","a few times a month",5,"Yes","once a day",105.5,"Above 25","Succeeding"
"Rural.Hadza","25-34",8,"6+","2_Very Close to Some","rarely/never",1,"No","once a day",146,"Above 25","Succeeding"
"Rural.Hadza","45-54",8,"3","5_Dont Have Family","rarely/never",1,"Yes","once a day",102.7,"Above 25","Succeeding"
"Rural.Hadza","16-20",8,"6+","1_Very Close to Most","a few times a month",5,"No","rarely/never",-7.6,NA,"Struggling"
"Rural.Hadza","45-54",8,"4","1_Very Close to Most","rarely/never",1,"Yes","rarely/never",107.2,"Above 25","Succeeding"
"Rural.Hadza","25-34",8,"6+","3_Not Close","several days a week",15,"Yes","once a day",129.3,"Above 25","Succeeding"
"Rural.Hadza","25-34",12,"0","2_Very Close to Some","rarely/never",1,"No","once a day",144.5,"Above 25","Succeeding"
"Rural.Hadza","25-34",8,"0","2_Very Close to Some","rarely/never",1,"No","once a day",144.5,"Above 25","Succeeding"
"Rural.Hadza","25-34",8,"0","2_Very Close to Some","rarely/never",1,"No","once a day",144.5,"Above 25","Succeeding"
"Rural.Hadza","25-34",12,"0","2_Very Close to Some","rarely/never",1,"No","once a day",144.5,"Above 25","Succeeding"
"Rural.Hadza","25-34",8,"4","1_Very Close to Most","rarely/never",1,"Yes","once a day",100.4,"Above 25","Succeeding"
"Rural.Hadza","35-44",8,"4","1_Very Close to Most","several days a week",15,"No","once a day",143.7,"Above 25","Succeeding"
"Rural.Hadza","25-34",8,"0","1_Very Close to Most","a few times a month",5,"No","once a day",148.3,"Above 25","Succeeding"
"Rural.Hadza","35-44",8,"6+","4_Dont Get Along","several times a day",45,"No","once a day",-1.1,"Above 25","Struggling"
"Rural.Hadza","35-44",8,"4","1_Very Close to Most","several times a day",45,"No","once a day",104.9,"Above 25","Succeeding"
"Rural.Hadza","16-20",8,"5","1_Very Close to Most","a few times a month",5,"Yes","a few times a month",155.1,"20","Succeeding"
"Rural.Hadza","25-34",8,"3","1_Very Close to Most","rarely/never",1,"No","once a day",101.1,"Above 25","Succeeding"
"Rural.Hadza","35-44",8,"4","5_Dont Have Family","several times a day",45,"No","several days a week",137.6,"Above 25","Succeeding"
"Rural.Hadza","25-34",8,"0","1_Very Close to Most","rarely/never",1,"No","rarely/never",101.5,"Above 25","Succeeding"
"Rural.Hadza","25-34",14,"0","2_Very Close to Some","a few times a month",5,"Yes","several days a week",152.3,"Above 25","Succeeding"
"Rural.Hadza","16-20",8,"2","1_Very Close to Most","several days a week",15,"No","a few times a month",156.7,NA,"Succeeding"
"Rural.Hadza","35-44",8,"3","5_Dont Have Family","rarely/never",1,"No","once a day",108.7,"Above 25","Succeeding"
"Rural.Hadza","35-44",8,"5","5_Dont Have Family","a few times a month",5,"No","once a day",-11.2,"Above 25","Struggling"
"Rural.Hadza","55-64",8,"3","5_Dont Have Family","several times a day",45,"No","once a day",136.1,"Above 25","Succeeding"
"Rural.Hadza","45-54",8,"6+","4_Dont Get Along","rarely/never",1,"Yes","rarely/never",-1.2,"Above 25","Struggling"
"Rural.Hadza","45-54",8,"6+","1_Very Close to Most","several days a week",15,"Yes","rarely/never",114.1,"Above 25","Succeeding"
"Rural.Hadza","21-24",8,"6+","2_Very Close to Some","rarely/never",1,"No","once a day",150.6,NA,"Succeeding"
"Rural.Hadza","25-34",8,"5","3_Not Close","several days a week",15,"No","rarely/never",121.3,"Above 25","Succeeding"
"Rural.Hadza","35-44",8,"2","2_Very Close to Some","a few times a month",5,"No","once a day",-15.1,"Above 25","Struggling"
"Rural.Hadza","35-44",8,"6+","3_Not Close","a few times a month",5,"No","once a day",-90.4,"Above 25","Struggling"
"Rural.Hadza","35-44",8,"6+","3_Not Close","a few times a month",5,"No","once a day",-90.4,"Above 25","Struggling"
"Rural.Hadza","25-34",8,"1","2_Very Close to Some","several days a week",15,"Yes","rarely/never",-49.8,"Above 25","Struggling"
"Rural.Hadza","45-54",8,"4","5_Dont Have Family","rarely/never",1,"No","once a day",127.8,"Above 25","Succeeding"
"Rural.Hadza","45-54",8,"4","1_Very Close to Most","rarely/never",1,"No","once a day",-4.9,"Above 25","Struggling"
"Rural.Hadza","35-44",8,"4","2_Very Close to Some","a few times a month",5,"No","once a day",105.7,"Above 25","Succeeding"
"Rural.Hadza","45-54",8,"5","3_Not Close","rarely/never",1,"No","once a day",-40.3,"Above 25","Struggling"
"Rural.Hadza","55-64",8,"3","1_Very Close to Most","several times a day",45,"No","rarely/never",114.4,"Above 25","Succeeding"
"Rural.Hadza","45-54",8,"3","5_Dont Have Family","rarely/never",1,"No","rarely/never",-0.4,"Above 25","Struggling"
"Rural.Hadza","25-34",8,"6+","1_Very Close to Most","rarely/never",1,"No","once a day",147.5,"Above 25","Succeeding"
"Rural.Hadza","25-34",12,"3","1_Very Close to Most","rarely/never",1,"Yes","once a day",111,"Above 25","Succeeding"
"Rural.Hadza","45-54",8,"1","1_Very Close to Most","rarely/never",1,"No","once a day",149.8,"Above 25","Succeeding"
"Rural.Hadza","55-64",8,"6+","1_Very Close to Most","rarely/never",1,"No","rarely/never",120.2,"Above 25","Succeeding"
"Rural.Hadza","45-54",8,"6+","1_Very Close to Most","a few times a month",5,"Yes","once a day",107.4,"Above 25","Succeeding"
"Rural.Hadza","35-44",8,"3","2_Very Close to Some","several times a day",45,"No","once a day",-62.9,"Above 25","Struggling"
"Rural.Hadza","25-34",8,"4","1_Very Close to Most","a few times a month",5,"No","rarely/never",139.4,"Above 25","Succeeding"
"Rural.Hadza","45-54",8,"4","3_Not Close","a few times a month",5,"Yes","once a day",149,"Above 25","Succeeding"
"Rural.Hadza","45-54",8,"2","5_Dont Have Family","several times a day",45,"No","once a day",-29.7,"Above 25","Struggling"
"Rural.Hadza","16-20",8,"5","1_Very Close to Most","a few times a month",5,"No","several days a week",139.2,NA,"Succeeding"
"Rural.Hadza","35-44",8,"1","1_Very Close to Most","a few times a month",5,"No","rarely/never",113.3,"Above 25","Succeeding"
"Rural.Hadza","35-44",8,"1","1_Very Close to Most","a few times a month",5,"No","rarely/never",113.3,"Above 25","Succeeding"
"Rural.Hadza","45-54",8,"2","2_Very Close to Some","several days a week",15,"Yes","rarely/never",142.6,"Above 25","Succeeding"
"Rural.Hadza","35-44",8,"5","1_Very Close to Most","rarely/never",1,"No","once a day",104.6,"Above 25","Succeeding"
"Rural.Hadza","45-54",8,"3","2_Very Close to Some","several times a day",45,"No","rarely/never",101.1,"Above 25","Succeeding"
"Rural.Hadza","16-20",8,"6+","1_Very Close to Most","several days a week",15,"No","rarely/never",127.2,NA,"Succeeding"
"Rural.Hadza","45-54",8,"6+","1_Very Close to Most","several days a week",15,"No","once a day",111.8,"Above 25","Succeeding"
"Rural.Hadza","55-64",0,"4","1_Very Close to Most","a few times a month",5,"No","rarely/never",117.9,"Above 25","Succeeding"
"Rural.Hadza","25-34",12,"6+","1_Very Close to Most","a few times a month",5,"No","once a day",135.4,"Above 25","Succeeding"
"Rural.Hadza","25-34",12,"3","1_Very Close to Most","rarely/never",1,"Yes","a few times a month",156.7,"Above 25","Succeeding"
"Rural.Hadza","35-44",8,"5","5_Dont Have Family","rarely/never",1,"No","once a day",135.4,"Above 25","Succeeding"
"Rural.Hadza","35-44",8,"4","2_Very Close to Some","rarely/never",1,"No","once a day",163.5,"Above 25","Succeeding"
"Rural.Hadza","45-54",8,"3","1_Very Close to Most","a few times a month",5,"No","once a day",150.6,"Above 25","Succeeding"
"Rural.Hadza","35-44",8,"3","1_Very Close to Most","several times a day",45,"No","once a day",162,"Above 25","Succeeding"
"Rural.Hadza","25-34",8,"1","2_Very Close to Some","several times a day",45,"No","once a day",-22.2,"Above 25","Struggling"
"Rural.Hadza","35-44",8,"4","2_Very Close to Some","several days a week",15,"No","a few times a month",-29.6,"Above 25","Struggling"
"Rural.Hadza","25-34",8,"4","3_Not Close","several times a day",45,"Yes","a few times a month",-21.8,"Above 25","Struggling"
"Rural.Hadza","45-54",8,"3","1_Very Close to Most","rarely/never",1,"No","rarely/never",109.5,"Above 25","Succeeding"
"Rural.Hadza","45-54",8,"4","4_Dont Get Along","rarely/never",1,"No","rarely/never",-13.6,"Above 25","Struggling"
"Rural.Hadza","35-44",8,"4","2_Very Close to Some","several days a week",15,"No","once a day",-9.1,"Above 25","Struggling"
"Rural.Hadza","45-54",8,"6+","1_Very Close to Most","rarely/never",1,"No","rarely/never",139.9,"Above 25","Succeeding"
"Rural.Hadza","35-44",8,"3","1_Very Close to Most","a few times a month",5,"Yes","once a day",130.4,"Above 25","Succeeding"
"Rural.Hadza","35-44",8,"6+","3_Not Close","rarely/never",1,"No","once a day",120.2,"Above 25","Succeeding"
"Rural.Hadza","55-64",8,"3","1_Very Close to Most","a few times a month",5,"No","rarely/never",121.7,"Above 25","Succeeding"
"Rural.Hadza","55-64",8,"3","1_Very Close to Most","a few times a month",5,"No","rarely/never",121.7,"Above 25","Succeeding"
"Rural.Hadza","45-54",8,"6+","1_Very Close to Most","rarely/never",1,"No","once a day",125.5,"Above 25","Succeeding"
"Rural.Hadza","35-44",8,"5","1_Very Close to Most","rarely/never",1,"No","once a day",136.9,"Above 25","Succeeding"
"Rural.Hadza","45-54",8,"3","2_Very Close to Some","rarely/never",1,"No","once a day",-23.3,"Above 25","Struggling"
"Rural.Hadza","55-64",12,"1","1_Very Close to Most","rarely/never",1,"Yes","once a day",142.2,"Above 25","Succeeding"
"Rural.Hadza","21-24",8,"2","1_Very Close to Most","several times a day",45,"No","once a day",-55.5,NA,"Struggling"
"Rural.Hadza","55-64",8,"2","1_Very Close to Most","rarely/never",1,"Yes","once a day",177.2,"Above 25","Succeeding"
"Rural.Hadza","25-34",8,"5","1_Very Close to Most","rarely/never",1,"No","once a day",-8.7,"Above 25","Struggling"
"Rural.Hadza","55-64",8,"3","1_Very Close to Most","rarely/never",1,"No","once a day",147.5,"Above 25","Succeeding"
"Rural.Hadza","45-54",10,"1","2_Very Close to Some","a few times a month",5,"No","once a day",130.8,"Above 25","Succeeding"
"Rural.Hadza","45-54",8,"1","1_Very Close to Most","rarely/never",1,"No","once a day",136.5,"Above 25","Succeeding"
"Rural.Hadza","25-34",8,"1","1_Very Close to Most","rarely/never",1,"No","once a day",129.3,"Above 25","Succeeding"
"Rural.Hadza","25-34",8,"6+","1_Very Close to Most","a few times a month",5,"No","rarely/never",104.8,"Above 25","Succeeding"
"Rural.Hadza","35-44",8,"6+","1_Very Close to Most","a few times a month",5,"No","rarely/never",-69.1,"Above 25","Struggling"
"Rural.Hadza","35-44",8,"6+","1_Very Close to Most","a few times a month",5,"No","rarely/never",-69.1,"Above 25","Struggling"
"Rural.Hadza","25-34",8,"6+","1_Very Close to Most","a few times a month",5,"No","rarely/never",104.8,"Above 25","Succeeding"
"Rural.Hadza","45-54",8,"5","5_Dont Have Family","rarely/never",1,"Yes","rarely/never",157.4,"Above 25","Succeeding"
"Rural.Hadza","35-44",8,"6+","5_Dont Have Family","a few times a month",5,"No","once a day",114.8,"Above 25","Succeeding"
"Rural.Hadza","55-64",8,"2","1_Very Close to Most","rarely/never",1,"No","once a day",130.8,"Above 25","Succeeding"
"Rural.Hadza","55-64",8,"3","1_Very Close to Most","a few times a month",5,"No","once a day",130,"Above 25","Succeeding"
"Rural.Hadza","25-34",8,"5","2_Very Close to Some","rarely/never",1,"No","rarely/never",136.9,"Above 25","Succeeding"
"Rural.Hadza","21-24",14,"6+","2_Very Close to Some","several times a day",45,"Yes","once a day",-47.9,NA,"Struggling"
"Rural.Hadza","35-44",8,"4","1_Very Close to Most","several times a day",45,"No","once a day",106.1,"Above 25","Succeeding"
"Rural.Hadza","35-44",8,"4","1_Very Close to Most","a few times a month",5,"No","once a day",139.2,"Above 25","Succeeding"
"Rural.Hadza","25-34",8,"4","2_Very Close to Some","several times a day",45,"Yes","rarely/never",146,"Above 25","Succeeding"
"Rural.Hadza","35-44",8,"5","1_Very Close to Most","rarely/never",1,"No","once a day",127,"Above 25","Succeeding"
"Rural.Hadza","35-44",8,"2","1_Very Close to Most","rarely/never",1,"No","once a day",106.5,"Above 25","Succeeding"
"Rural.Hadza","35-44",8,"6+","1_Very Close to Most","a few times a month",5,"No","once a day",162,"Above 25","Succeeding"
"Rural.Hadza","35-44",8,"6+","3_Not Close","rarely/never",1,"No","once a day",132.3,"Above 25","Succeeding"
"Rural.Hadza","45-54",8,"3","1_Very Close to Most","rarely/never",1,"No","several days a week",142.2,"Above 25","Succeeding"
"Rural.Hadza","35-44",8,"4","1_Very Close to Most","a few times a month",5,"Yes","once a day",111,"Above 25","Succeeding"
"Rural.Hadza","21-24",10,"2","1_Very Close to Most","rarely/never",1,"No","once a day",-4.8,NA,"Struggling"
"Rural.Hadza","45-54",8,"6+","1_Very Close to Most","rarely/never",1,"Yes","several days a week",172.6,"Above 25","Succeeding"
"Rural.Hadza","25-34",8,"4","1_Very Close to Most","rarely/never",1,"No","once a day",127.4,"Above 25","Succeeding"
"Rural.Hadza","35-44",8,"5","3_Not Close","once a day",30,"No","once a day",-39.5,"Above 25","Struggling"
"Rural.Hadza","65+",8,"2","5_Dont Have Family","rarely/never",1,"No","rarely/never",153,"Above 25","Succeeding"
"Rural.Hadza","35-44",8,"2","3_Not Close","rarely/never",1,"No","once a day",-9,"Above 25","Struggling"
"Rural.Hadza","21-24",8,"6+","1_Very Close to Most","once a day",30,"Yes","once a day",130.8,"15","Succeeding"
"Rural.Hadza","16-20",10,"5","2_Very Close to Some","several times a day",45,"No","once a day",-5.6,NA,"Struggling"
"Rural.Hadza","35-44",8,"3","1_Very Close to Most","rarely/never",1,"No","once a day",-14.5,"Above 25","Struggling"
"Rural.Hadza","35-44",8,"3","2_Very Close to Some","several times a day",45,"No","once a day",116.3,"Above 25","Succeeding"
"Rural.Hadza","45-54",8,"4","1_Very Close to Most","a few times a month",5,"No","once a day",123.2,"Above 25","Succeeding"
"Rural.Hadza","21-24",10,"5","6_Prefer Not to Say","rarely/never",1,"No","once a day",-60.8,NA,"Struggling"
"Rural.Hadza","55-64",8,"6+","1_Very Close to Most","rarely/never",1,"No","once a day",110.3,"Above 25","Succeeding"
"Rural.Hadza","25-34",10,"3","1_Very Close to Most","once a day",30,"No","once a day",139.9,"Above 25","Succeeding"
"Rural.Hadza","25-34",10,"3","1_Very Close to Most","once a day",30,"No","once a day",139.9,"Above 25","Succeeding"
"Rural.Hadza","55-64",8,"4","1_Very Close to Most","several days a week",15,"Yes","once a day",104.4,"Above 25","Succeeding"
"Rural.Hadza","21-24",8,"1","2_Very Close to Some","several days a week",15,"No","once a day",136.1,NA,"Succeeding"
"Rural.Hadza","16-20",8,"6+","1_Very Close to Most","rarely/never",1,"No","rarely/never",124,NA,"Succeeding"
"Rural.Hadza","25-34",8,"3","1_Very Close to Most","several days a week",15,"No","once a day",136.1,"Above 25","Succeeding"
"Rural.Hadza","45-54",8,"2","1_Very Close to Most","rarely/never",1,"No","rarely/never",112.5,"Above 25","Succeeding"
"Rural.Hadza","21-24",8,"3","1_Very Close to Most","rarely/never",1,"No","once a day",143.7,NA,"Succeeding"
"Rural.Hadza","55-64",8,"2","1_Very Close to Most","rarely/never",1,"No","rarely/never",160.5,"Above 25","Succeeding"
"Rural.Hadza","35-44",8,"6+","5_Dont Have Family","a few times a month",5,"No","rarely/never",110.6,"Above 25","Succeeding"
"Rural.Hadza","45-54",8,"4","2_Very Close to Some","a few times a month",5,"Yes","rarely/never",123.2,"Above 25","Succeeding"
"Rural.Hadza","21-24",8,"2","1_Very Close to Most","several times a day",45,"No","rarely/never",152.9,NA,"Succeeding"
"Rural.Hadza","65+",8,"2","1_Very Close to Most","rarely/never",1,"No","once a day",158.9,"Above 25","Succeeding"
"Rural.Hadza","35-44",10,"1","1_Very Close to Most","rarely/never",1,"No","rarely/never",137.6,"Above 25","Succeeding"
"Rural.Hadza","35-44",8,"4","1_Very Close to Most","rarely/never",1,"Yes","rarely/never",177.9,"Above 25","Succeeding"
"Rural.Hadza","35-44",8,"3","5_Dont Have Family","rarely/never",1,"No","once a day",147.5,"Above 25","Succeeding"
"Rural.Hadza","55-64",8,"5","1_Very Close to Most","rarely/never",1,"No","once a day",114.1,"Above 25","Succeeding"
"Rural.Hadza","35-44",14,"3","2_Very Close to Some","rarely/never",1,"No","once a day",123.2,"Above 25","Succeeding"
"Rural.Hadza","35-44",8,"3","2_Very Close to Some","rarely/never",1,"No","once a day",109.5,"Above 25","Succeeding"
"Rural.Hadza","25-34",14,"4","1_Very Close to Most","several times a day",45,"Yes","once a day",149.8,"Above 25","Succeeding"
"Rural.Hadza","16-20",14,"5","1_Very Close to Most","a few times a month",5,"Yes","rarely/never",117.9,"16","Succeeding"
"Rural.Hadza","35-44",14,"5","1_Very Close to Most","a few times a month",5,"Yes","once a day",139.7,"Above 25","Succeeding"
"Rural.Hadza","55-64",14,"6+","1_Very Close to Most","rarely/never",1,"No","rarely/never",114.1,"Above 25","Succeeding"
"Rural.Hadza","25-34",14,"6+","1_Very Close to Most","several times a day",45,"No","rarely/never",143,"Above 25","Succeeding"
"Rural.Hadza","25-34",10,"5","1_Very Close to Most","several times a day",45,"No","once a day",123.2,"Above 25","Succeeding"
"Rural.Hadza","16-20",14,"4","1_Very Close to Most","once a day",30,"Yes","several days a week",175.7,"18","Succeeding"
"Rural.Hadza","35-44",14,"5","1_Very Close to Most","once a day",30,"No","once a day",-39.5,"Above 25","Struggling"
"Rural.Hadza","25-34",14,"3","1_Very Close to Most","once a day",30,"Yes","once a day",167.3,"Above 25","Succeeding"
"Rural.Hadza","25-34",10,"2","1_Very Close to Most","several days a week",15,"Yes","several days a week",179.5,"Above 25","Succeeding"
"Rural.Hadza","21-24",14,"6+","1_Very Close to Most","several times a day",45,"Yes","once a day",-20.8,"17","Struggling"
"Rural.Hadza","25-34",14,"3","1_Very Close to Most","a few times a month",5,"No","once a day",130.8,"Above 25","Succeeding"
"Rural.Hadza","25-34",14,"4","1_Very Close to Most","several days a week",15,"No","once a day",101.3,"Above 25","Succeeding"
"Rural.Hadza","25-34",14,"5","1_Very Close to Most","several times a day",45,"Yes","once a day",121.9,"Above 25","Succeeding"
"Rural.Hadza","25-34",14,"5","1_Very Close to Most","rarely/never",1,"No","once a day",-18.8,"Above 25","Struggling"
"Rural.Hadza","21-24",14,"4","5_Dont Have Family","rarely/never",1,"Yes","once a day",144.7,"≤10","Succeeding"
"Rural.Hadza","16-20",14,"3","1_Very Close to Most","rarely/never",1,"Yes","several days a week",-19.4,"19","Struggling"
"Rural.Hadza","21-24",14,"4","1_Very Close to Most","several days a week",15,"No","a few times a month",-40.9,NA,"Struggling"
"Rural.Hadza","21-24",8,"3","1_Very Close to Most","a few times a month",5,"Yes","once a day",101.9,"20","Succeeding"
"Rural.Hadza","21-24",4,"3","1_Very Close to Most","rarely/never",1,"No","several days a week",103.8,NA,"Succeeding"
"Rural.Hadza","21-24",14,"5","1_Very Close to Most","a few times a month",5,"No","rarely/never",-39,NA,"Struggling"
"Rural.Hadza","25-34",14,"5","1_Very Close to Most","rarely/never",1,"No","once a day",155.9,"Above 25","Succeeding"
"Rural.Hadza","16-20",14,"5","2_Very Close to Some","a few times a month",5,"Yes","once a day",-0.9,"16","Struggling"
"Rural.Hadza","35-44",14,"4","1_Very Close to Most","a few times a month",5,"No","once a day",105.7,"Above 25","Succeeding"
"Rural.Hadza","25-34",14,"2","5_Dont Have Family","several times a day",45,"Yes","once a day",-5.9,"Above 25","Struggling"
"Rural.Hadza","16-20",14,"4","3_Not Close","several times a day",45,"Yes","a few times a month",148.3,NA,"Succeeding"
"Rural.Hadza","21-24",14,"2","2_Very Close to Some","a few times a month",5,"No","once a day",-75.7,NA,"Struggling"
"Rural.Hadza","25-34",14,"2","1_Very Close to Most","several times a day",45,"No","rarely/never",-5.4,"Above 25","Struggling"
"Rural.Hadza","35-44",14,"3","1_Very Close to Most","several times a day",45,"Yes","once a day",127,"Above 25","Succeeding"
"Rural.Hadza","35-44",14,"5","1_Very Close to Most","several days a week",15,"Yes","once a day",156.3,"Above 25","Succeeding"
"Rural.Hadza","25-34",14,"1","1_Very Close to Most","rarely/never",1,"No","once a day",141.4,"Above 25","Succeeding"
"Rural.Hadza","25-34",14,"3","2_Very Close to Some","several days a week",15,"No","once a day",-3.7,"Above 25","Struggling"
"Rural.Hadza","45-54",14,"6+","1_Very Close to Most","a few times a month",5,"Yes","once a day",151.9,"Above 25","Succeeding"
"Rural.Hadza","65+",4,"2","1_Very Close to Most","several days a week",15,"No","once a day",133.8,"Above 25","Succeeding"
"Rural.Hadza","65+",14,"1","2_Very Close to Some","a few times a month",5,"No","rarely/never",104.9,"Above 25","Succeeding"
"Rural.Hadza","55-64",14,"1","2_Very Close to Some","once a day",30,"No","once a day",-85.6,"Above 25","Struggling"
"Rural.Hadza","25-34",14,"1","2_Very Close to Some","once a day",30,"No","once a day",155.1,"Above 25","Succeeding"
"Rural.Hadza","25-34",14,"1","2_Very Close to Some","once a day",30,"No","once a day",155.1,"Above 25","Succeeding"
"Rural.Hadza","55-64",14,"1","2_Very Close to Some","once a day",30,"No","once a day",-85.6,"Above 25","Struggling"
"Rural.Hadza","35-44",4,"3","5_Dont Have Family","several days a week",15,"No","once a day",143,"Above 25","Succeeding"
"Rural.Hadza","55-64",14,"2","6_Prefer Not to Say","several times a day",45,"No","rarely/never",-18.7,"Above 25","Struggling"
"Rural.Hadza","25-34",14,"5","2_Very Close to Some","rarely/never",1,"Yes","rarely/never",106.8,"Above 25","Succeeding"
"Rural.Hadza","25-34",14,"3","3_Not Close","a few times a month",5,"Yes","once a day",162,"Above 25","Succeeding"
"Rural.Hadza","25-34",14,"4","1_Very Close to Most","several days a week",15,"Yes","once a day",161.2,"Above 25","Succeeding"
"Rural.Hadza","25-34",14,"2","1_Very Close to Most","a few times a month",5,"Yes","once a day",126.2,"Above 25","Succeeding"
"Rural.Hadza","21-24",14,"5","2_Very Close to Some","several times a day",45,"No","once a day",143.7,NA,"Succeeding"
"Rural.Hadza","16-20",14,"2","2_Very Close to Some","several times a day",45,"Yes","once a day",-51.1,"19","Struggling"
"Rural.Hadza","25-34",14,"4","1_Very Close to Most","several days a week",15,"No","once a day",152.3,"Above 25","Succeeding"
"Rural.Hadza","25-34",14,"3","1_Very Close to Most","rarely/never",1,"Yes","once a day",187.8,"Above 25","Succeeding"
"Rural.Hadza","25-34",14,"3","2_Very Close to Some","rarely/never",1,"No","once a day",143.7,"Above 25","Succeeding"
"Rural.Hadza","21-24",4,"2","3_Not Close","several times a day",45,"Yes","once a day",124.1,"21-25","Succeeding"
"Rural.Hadza","45-54",8,"3","1_Very Close to Most","several times a day",45,"Yes","rarely/never",117.9,"Above 25","Succeeding"
"Rural.Hadza","25-34",14,"1","2_Very Close to Some","several days a week",15,"Yes","once a day",121.7,"Above 25","Succeeding"
"Rural.Hadza","25-34",14,"4","1_Very Close to Most","rarely/never",1,"Yes","once a day",-30.1,"Above 25","Struggling"
"Rural.Hadza","35-44",14,"3","1_Very Close to Most","several times a day",45,"Yes","once a day",144.5,"Above 25","Succeeding"
"Rural.Hadza","25-34",14,"5","1_Very Close to Most","a few times a month",5,"Yes","rarely/never",148.3,"Above 25","Succeeding"
"Rural.Hadza","25-34",14,"1","5_Dont Have Family","several days a week",15,"No","once a day",-33.5,"Above 25","Struggling"
"Rural.Hadza","25-34",14,"6+","1_Very Close to Most","rarely/never",1,"Yes","rarely/never",136.1,"Above 25","Succeeding"
"Rural.Hadza","21-24",14,"2","1_Very Close to Most","several days a week",15,"Yes","once a day",156.7,"16","Succeeding"
"Rural.Hadza","45-54",0,"6+","1_Very Close to Most","several days a week",15,"No","once a day",127,"Above 25","Succeeding"
"Rural.Hadza","25-34",14,"1","3_Not Close","several days a week",15,"Yes","rarely/never",-8.3,"Above 25","Struggling"
"Rural.Hadza","25-34",14,"5","1_Very Close to Most","several days a week",15,"Yes","once a day",148.5,"Above 25","Succeeding"
"Rural.Hadza","21-24",0,"6+","1_Very Close to Most","several days a week",15,"No","once a day",114.1,NA,"Succeeding"
"Rural.Hadza","65+",14,"6+","1_Very Close to Most","a few times a month",5,"No","once a day",141.4,"Above 25","Succeeding"
"Rural.Hadza","35-44",14,"1","1_Very Close to Most","rarely/never",1,"No","several days a week",120.2,"Above 25","Succeeding"
"Rural.Hadza","21-24",14,"6+","1_Very Close to Most","several times a day",45,"Yes","once a day",125.5,"17","Succeeding"
"Rural.Hadza","55-64",14,"4","2_Very Close to Some","several times a day",45,"No","once a day",-28.7,"Above 25","Struggling"
"Rural.Hadza","35-44",14,"2","1_Very Close to Most","several times a day",45,"Yes","rarely/never",-9.1,"Above 25","Struggling"
"Rural.Hadza","21-24",14,"5","6_Prefer Not to Say","several times a day",45,"Yes","rarely/never",-21.3,"19","Struggling"
"Rural.Hadza","35-44",14,"5","2_Very Close to Some","several times a day",45,"No","once a day",133.1,"Above 25","Succeeding"
"Rural.Hadza","25-34",14,"4","2_Very Close to Some","several times a day",45,"Yes","once a day",107.2,"Above 25","Succeeding"
"Rural.Hadza","16-20",14,"5","1_Very Close to Most","several days a week",15,"No","once a day",132.3,NA,"Succeeding"
"Rural.Hadza","35-44",14,"5","1_Very Close to Most","several days a week",15,"No","once a day",117.9,"Above 25","Succeeding"
"Rural.Hadza","35-44",14,"5","1_Very Close to Most","several days a week",15,"No","once a day",117.9,"Above 25","Succeeding"
"Rural.Hadza","16-20",14,"5","1_Very Close to Most","several days a week",15,"No","once a day",132.3,NA,"Succeeding"
"Rural.Hadza","35-44",14,"1","5_Dont Have Family","several days a week",15,"Yes","once a day",124,"Above 25","Succeeding"
"Rural.Hadza","21-24",14,"2","1_Very Close to Most","several days a week",15,"Yes","several days a week",120.7,"19","Succeeding"
"Rural.Hadza","25-34",14,"1","1_Very Close to Most","several days a week",15,"No","once a day",104.9,"Above 25","Succeeding"
"Rural.Hadza","35-44",0,"6+","1_Very Close to Most","rarely/never",1,"No","once a day",109.5,"Above 25","Succeeding"
"Rural.Hadza","25-34",14,"3","2_Very Close to Some","several times a day",45,"Yes","once a day",163.5,"Above 25","Succeeding"
"Rural.Hadza","16-20",14,"6+","1_Very Close to Most","several times a day",45,"Yes","several days a week",112.5,"17","Succeeding"
"Rural.Hadza","25-34",14,"5","3_Not Close","a few times a month",5,"Yes","once a day",130.8,"Above 25","Succeeding"
"Rural.Hadza","21-24",14,"6+","1_Very Close to Most","several times a day",45,"Yes","once a day",179.5,"20","Succeeding"
"Rural.Hadza","35-44",14,"6+","1_Very Close to Most","rarely/never",1,"No","once a day",114.8,"Above 25","Succeeding"
"Rural.Hadza","25-34",14,"5","2_Very Close to Some","several days a week",15,"Yes","once a day",149,"Above 25","Succeeding"
"Rural.Hadza","45-54",14,"5","2_Very Close to Some","a few times a month",5,"No","once a day",-89,"Above 25","Struggling"
"Rural.Hadza","25-34",0,"4","1_Very Close to Most","several days a week",15,"No","once a day",134.6,"Above 25","Succeeding"
"Rural.Hadza","21-24",14,"5","1_Very Close to Most","several days a week",15,"No","once a day",119.4,NA,"Succeeding"
"Rural.Hadza","21-24",14,"2","5_Dont Have Family","once a day",30,"Yes","once a day",123.2,"18","Succeeding"
"Rural.Hadza","21-24",14,"1","1_Very Close to Most","a few times a month",5,"Yes","once a day",185.6,"20","Succeeding"
"Rural.Hadza","25-34",14,"6+","1_Very Close to Most","rarely/never",1,"Yes","once a day",149.8,"Above 25","Succeeding"
"Rural.Hadza","35-44",14,"4","2_Very Close to Some","several times a day",45,"Yes","once a day",172.2,"Above 25","Succeeding"
"Rural.Hadza","25-34",18,"6+","2_Very Close to Some","rarely/never",1,"No","several days a week",-92.3,"Above 25","Struggling"
"Rural.Hadza","21-24",18,"3","1_Very Close to Most","several times a day",45,"Yes","once a day",158.4,"17","Succeeding"
"Rural.Hadza","21-24",18,"4","3_Not Close","once a day",30,"Yes","once a day",159.7,"19","Succeeding"
"Rural.Hadza","45-54",18,"5","3_Not Close","rarely/never",1,"Yes","rarely/never",-0.3,"Above 25","Struggling"
"Rural.Hadza","25-34",18,"1","1_Very Close to Most","several days a week",15,"Yes","once a day",177.9,"Above 25","Succeeding"
"Rural.Hadza","35-44",18,"6+","1_Very Close to Most","several times a day",45,"Yes","a few times a month",189.4,"Above 25","Succeeding"
"Rural.Hadza","25-34",18,"1","1_Very Close to Most","several times a day",45,"Yes","once a day",155.9,"Above 25","Succeeding"
"Rural.Hadza","55-64",8,"6+","1_Very Close to Most","several days a week",15,"No","once a day",111.8,"Above 25","Succeeding"
"Rural.Hadza","25-34",18,"3","1_Very Close to Most","several days a week",15,"No","once a day",177.2,"Above 25","Succeeding"
"Rural.Hadza","65+",0,"6+","1_Very Close to Most","rarely/never",1,"No","rarely/never",104.2,"Above 25","Succeeding"
"Rural.Hadza","55-64",18,"3","6_Prefer Not to Say","several times a day",45,"Yes","once a day",169.6,"Above 25","Succeeding"
"Rural.Hadza","25-34",12,"1","1_Very Close to Most","once a day",30,"Yes","once a day",156.7,"Above 25","Succeeding"
"Rural.Hadza","25-34",12,"3","1_Very Close to Most","once a day",30,"Yes","rarely/never",119,"Above 25","Succeeding"
"Rural.Hadza","25-34",12,"4","1_Very Close to Most","several days a week",15,"No","once a day",152.9,"Above 25","Succeeding"
"Rural.Hadza","45-54",12,"6+","2_Very Close to Some","several times a day",45,"Yes","once a day",103.4,"Above 25","Succeeding"
"Rural.Hadza","25-34",12,"4","1_Very Close to Most","rarely/never",1,"Yes","once a day",174.1,"Above 25","Succeeding"
"Rural.Hadza","25-34",12,"4","1_Very Close to Most","a few times a month",5,"No","rarely/never",138.4,"Above 25","Succeeding"
"Rural.Hadza","25-34",12,"4","1_Very Close to Most","several times a day",45,"No","once a day",-51.2,"Above 25","Struggling"
"Rural.Hadza","25-34",12,"4","3_Not Close","several times a day",45,"Yes","rarely/never",168.8,"Above 25","Succeeding"
"Rural.Hadza","45-54",12,"6+","1_Very Close to Most","several days a week",15,"No","once a day",125.5,"Above 25","Succeeding"
"Rural.Hadza","16-20",12,"4","1_Very Close to Most","several days a week",15,"No","once a day",128.5,NA,"Succeeding"
"Rural.Hadza","25-34",12,"5","1_Very Close to Most","several times a day",45,"Yes","once a day",-91.1,"Above 25","Struggling"
"Rural.Hadza","25-34",12,"5","2_Very Close to Some","several times a day",45,"No","once a day",110.3,"Above 25","Succeeding"
"Rural.Hadza","25-34",12,"3","1_Very Close to Most","rarely/never",1,"No","once a day",-68,"Above 25","Struggling"
"Rural.Hadza","16-20",12,"4","1_Very Close to Most","a few times a month",5,"No","once a day",153.6,NA,"Succeeding"
"Rural.Hadza","16-20",12,"4","1_Very Close to Most","a few times a month",5,"No","once a day",153.6,NA,"Succeeding"
"Rural.Hadza","25-34",12,"4","1_Very Close to Most","several days a week",15,"Yes","once a day",122.2,"Above 25","Succeeding"
"Rural.Hadza","45-54",0,"4","1_Very Close to Most","rarely/never",1,"No","once a day",146,"Above 25","Succeeding"
"Rural.Hadza","45-54",12,"6+","1_Very Close to Most","several times a day",45,"No","once a day",101.7,"Above 25","Succeeding"
"Rural.Hadza","25-34",12,"5","3_Not Close","several times a day",45,"No","once a day",131.6,"Above 25","Succeeding"
"Rural.Hadza","35-44",12,"5","1_Very Close to Most","several days a week",15,"Yes","once a day",178.7,"Above 25","Succeeding"
"Rural.Hadza","25-34",12,"2","1_Very Close to Most","rarely/never",1,"Yes","once a day",104.6,"Above 25","Succeeding"
"Rural.Hadza","25-34",12,"2","2_Very Close to Some","several times a day",45,"Yes","once a day",157.4,"Above 25","Succeeding"
"Rural.Hadza","21-24",12,"3","1_Very Close to Most","rarely/never",1,"No","once a day",155.1,NA,"Succeeding"
"Rural.Hadza","25-34",12,"1","3_Not Close","once a day",30,"Yes","once a day",127.8,"Above 25","Succeeding"
"Rural.Hadza","35-44",12,"3","1_Very Close to Most","a few times a month",5,"Yes","rarely/never",135.4,"Above 25","Succeeding"
"Rural.Hadza","16-20",12,"5","2_Very Close to Some","once a day",30,"No","once a day",-7.8,"Do not Own","Struggling"
"Rural.Hadza","25-34",12,"6+","1_Very Close to Most","several days a week",15,"No","once a day",117.5,"Above 25","Succeeding"
"Rural.Hadza","35-44",12,"3","1_Very Close to Most","rarely/never",1,"No","once a day",137.3,"Above 25","Succeeding"
"Rural.Hadza","16-20",12,"1","2_Very Close to Some","rarely/never",1,"Yes","once a day",174.1,"17","Succeeding"
"Rural.Hadza","45-54",12,"5","1_Very Close to Most","several days a week",15,"No","once a day",129.3,"Above 25","Succeeding"
"Rural.Hadza","25-34",12,"2","1_Very Close to Most","a few times a month",5,"No","several days a week",117.9,"Above 25","Succeeding"
"Rural.Hadza","21-24",12,"3","4_Dont Get Along","several times a day",45,"Yes","once a day",-7.2,"11","Struggling"
"Rural.Hadza","25-34",12,"6+","3_Not Close","several days a week",15,"Yes","several days a week",177.2,"Above 25","Succeeding"
"Rural.Hadza","16-20",12,"4","3_Not Close","rarely/never",1,"No","once a day",-1.2,NA,"Struggling"
"Rural.Hadza","21-24",12,"3","1_Very Close to Most","once a day",30,"Yes","once a day",-9,NA,"Struggling"
"Rural.Hadza","25-34",12,"2","3_Not Close","several times a day",45,"No","once a day",112.5,"Above 25","Succeeding"
"Rural.Hadza","25-34",12,"3","1_Very Close to Most","several days a week",15,"Yes","rarely/never",144.5,"Above 25","Succeeding"
"Rural.Hadza","16-20",12,"6+","1_Very Close to Most","rarely/never",1,"Yes","once a day",114.1,"17","Succeeding"
"Rural.Hadza","55-64",12,"3","1_Very Close to Most","rarely/never",1,"No","once a day",145.2,"Above 25","Succeeding"
"Rural.Hadza","35-44",12,"3","2_Very Close to Some","once a day",30,"No","once a day",115.6,"Above 25","Succeeding"
"Rural.Hadza","25-34",12,"3","1_Very Close to Most","several days a week",15,"Yes","once a day",128.5,"Above 25","Succeeding"
"Rural.Hadza","35-44",12,"6+","1_Very Close to Most","a few times a month",5,"No","once a day",-31.2,"Above 25","Struggling"
"Rural.Hadza","25-34",12,"4","1_Very Close to Most","rarely/never",1,"Yes","once a day",121.1,"Above 25","Succeeding"
"Rural.Hadza","25-34",12,"4","1_Very Close to Most","rarely/never",1,"No","once a day",126.2,"Above 25","Succeeding"
"Rural.Hadza","25-34",12,"2","6_Prefer Not to Say","rarely/never",1,"No","once a day",-52.8,"Above 25","Struggling"
"Rural.Hadza","16-20",0,"6+","1_Very Close to Most","several days a week",15,"No","once a day",122.4,NA,"Succeeding"
"Rural.Hadza","25-34",12,"4","1_Very Close to Most","several times a day",45,"Yes","rarely/never",147.7,"Above 25","Succeeding"
"Rural.Hadza","45-54",12,"3","1_Very Close to Most","a few times a month",5,"No","several days a week",119.8,"Above 25","Succeeding"
"Rural.Hadza","25-34",12,"3","1_Very Close to Most","a few times a month",5,"No","once a day",116.3,"Above 25","Succeeding"
"Rural.Hadza","21-24",12,"6+","2_Very Close to Some","several times a day",45,"No","once a day",145.2,NA,"Succeeding"
"Rural.Hadza","55-64",0,"5","3_Not Close","once a day",30,"No","once a day",-4.5,"Above 25","Struggling"
"Rural.Hadza","21-24",12,"1","1_Very Close to Most","a few times a month",5,"Yes","rarely/never",112.5,"16","Succeeding"
"Rural.Hadza","25-34",12,"6+","1_Very Close to Most","several times a day",45,"Yes","several days a week",179.5,"Above 25","Succeeding"
"Rural.Hadza","25-34",12,"1","1_Very Close to Most","several times a day",45,"Yes","once a day",148.3,"Above 25","Succeeding"
"Rural.Hadza","21-24",12,"6+","2_Very Close to Some","once a day",30,"Yes","once a day",112.5,"17","Succeeding"
"Rural.Hadza","55-64",0,"4","1_Very Close to Most","several days a week",15,"No","once a day",130.8,"Above 25","Succeeding"
"Rural.Hadza","21-24",12,"3","3_Not Close","several times a day",45,"No","once a day",154.4,NA,"Succeeding"
"Rural.Hadza","65+",12,"2","1_Very Close to Most","rarely/never",1,"No","rarely/never",160.5,"Above 25","Succeeding"
"Rural.Hadza","35-44",12,"4","6_Prefer Not to Say","rarely/never",1,"No","once a day",100.4,"Above 25","Succeeding"
"Rural.Hadza","21-24",12,"5","1_Very Close to Most","a few times a month",5,"No","several days a week",-30.2,NA,"Struggling"
"Rural.Hadza","25-34",12,"3","6_Prefer Not to Say","several times a day",45,"No","once a day",-15.8,"Above 25","Struggling"
"Rural.Hadza","16-20",10,"2","2_Very Close to Some","once a day",30,"No","once a day",139.2,NA,"Succeeding"
"Rural.Hadza","45-54",12,"2","1_Very Close to Most","several times a day",45,"Yes","once a day",-6.9,"Above 25","Struggling"
"Rural.Hadza","35-44",12,"1","5_Dont Have Family","rarely/never",1,"Yes","rarely/never",147.5,"Above 25","Succeeding"
"Rural.Hadza","35-44",12,"4","2_Very Close to Some","once a day",30,"Yes","once a day",170.3,"Above 25","Succeeding"
"Rural.Hadza","16-20",12,"6+","1_Very Close to Most","a few times a month",5,"No","a few times a month",102.7,NA,"Succeeding"
"Rural.Hadza","45-54",0,"1","5_Dont Have Family","rarely/never",1,"No","once a day",-33.2,"Above 25","Struggling"
"Rural.Hadza","21-24",12,"5","1_Very Close to Most","once a day",30,"Yes","several days a week",137.8,"≤10","Succeeding"
"Rural.Hadza","35-44",10,"5","1_Very Close to Most","several days a week",15,"Yes","once a day",116.3,"Above 25","Succeeding"
"Rural.Hadza","25-34",12,"2","1_Very Close to Most","rarely/never",1,"No","once a day",183.3,"Above 25","Succeeding"
"Rural.Hadza","45-54",0,"6+","1_Very Close to Most","rarely/never",1,"No","once a day",110.3,"Above 25","Succeeding"
"Rural.Hadza","21-24",12,"6+","4_Dont Get Along","several times a day",45,"No","once a day",163.5,NA,"Succeeding"
"Rural.Hadza","25-34",12,"6+","1_Very Close to Most","rarely/never",1,"No","once a day",111.4,"Above 25","Succeeding"
"Rural.Hadza","16-20",12,"5","1_Very Close to Most","rarely/never",1,"Yes","once a day",-2.2,"17","Struggling"
"Rural.Hadza","35-44",12,"4","1_Very Close to Most","rarely/never",1,"No","once a day",-14.6,"Above 25","Struggling"
"Rural.Hadza","16-20",12,"6+","1_Very Close to Most","once a day",30,"No","once a day",132.3,NA,"Succeeding"
"Rural.Hadza","25-34",12,"4","1_Very Close to Most","a few times a month",5,"No","once a day",119.4,"Above 25","Succeeding"
"Rural.Hadza","55-64",0,"3","1_Very Close to Most","several days a week",15,"No","rarely/never",121.7,"Above 25","Succeeding"
"Rural.Hadza","35-44",12,"3","1_Very Close to Most","rarely/never",1,"No","rarely/never",-18.6,"Above 25","Struggling"
"Rural.Hadza","25-34",12,"5","1_Very Close to Most","several days a week",15,"No","several days a week",135.4,"Above 25","Succeeding"
"Rural.Hadza","65+",0,"2","1_Very Close to Most","a few times a month",5,"No","rarely/never",103.8,"Above 25","Succeeding"
"Rural.Hadza","25-34",12,"6+","1_Very Close to Most","rarely/never",1,"No","several days a week",-28.2,"Above 25","Struggling"
"Rural.Hadza","25-34",12,"3","1_Very Close to Most","a few times a month",5,"Yes","once a day",101.9,"Above 25","Succeeding"
"Rural.Hadza","21-24",12,"5","5_Dont Have Family","several times a day",45,"Yes","several days a week",113.3,"Do not Own","Succeeding"
"Rural.Hadza","21-24",12,"5","5_Dont Have Family","several times a day",45,"Yes","several days a week",113.3,"Do not Own","Succeeding"
"Rural.Hadza","16-20",12,"5","1_Very Close to Most","rarely/never",1,"No","rarely/never",110.3,NA,"Succeeding"
"Rural.Hadza","45-54",12,"2","1_Very Close to Most","several days a week",15,"No","once a day",135.4,"Above 25","Succeeding"
"Rural.Hadza","16-20",12,"5","1_Very Close to Most","a few times a month",5,"Yes","once a day",145.4,"18","Succeeding"
"Rural.Hadza","35-44",12,"4","1_Very Close to Most","rarely/never",1,"Yes","once a day",146,"Above 25","Succeeding"
"Rural.Hadza","21-24",12,"2","1_Very Close to Most","several days a week",15,"Yes","once a day",142.6,"19","Succeeding"
"Rural.Hadza","25-34",12,"6+","2_Very Close to Some","rarely/never",1,"No","once a day",127.8,"Above 25","Succeeding"
"Rural.Hadza","25-34",12,"3","1_Very Close to Most","rarely/never",1,"No","once a day",179.5,"Above 25","Succeeding"
"Rural.Hadza","16-20",12,"6+","1_Very Close to Most","a few times a month",5,"Yes","several days a week",165.8,"17","Succeeding"
"Rural.Hadza","25-34",12,"4","2_Very Close to Some","several times a day",45,"Yes","once a day",129.3,"Above 25","Succeeding"
"Rural.Hadza","25-34",12,"5","2_Very Close to Some","several days a week",15,"No","once a day",-13.9,"Above 25","Struggling"
"Rural.Hadza","55-64",12,"4","3_Not Close","once a day",30,"No","rarely/never",168.1,"Above 25","Succeeding"
"Rural.Hadza","25-34",12,"3","1_Very Close to Most","several days a week",15,"Yes","several days a week",176.4,"Above 25","Succeeding"
"Rural.Hadza","45-54",12,"5","4_Dont Get Along","once a day",30,"No","once a day",-45.7,"Above 25","Struggling"
"Rural.Hadza","45-54",12,"5","4_Dont Get Along","once a day",30,"No","once a day",-45.7,"Above 25","Struggling"
"Rural.Hadza","35-44",12,"5","4_Dont Get Along","once a day",30,"No","once a day",109.7,"Above 25","Succeeding"
"Rural.Hadza","35-44",12,"5","4_Dont Get Along","once a day",30,"No","once a day",109.7,"Above 25","Succeeding"
"Rural.Hadza","45-54",12,"4","2_Very Close to Some","rarely/never",1,"Yes","once a day",171.9,"Above 25","Succeeding"
"Rural.Hadza","55-64",12,"4","1_Very Close to Most","rarely/never",1,"No","once a day",124,"Above 25","Succeeding"
"Rural.Hadza","35-44",0,"6+","1_Very Close to Most","rarely/never",1,"No","once a day",136.1,"Above 25","Succeeding"
"Rural.Hadza","25-34",12,"2","1_Very Close to Most","rarely/never",1,"Yes","rarely/never",127.2,"Above 25","Succeeding"
"Rural.Hadza","25-34",12,"3","2_Very Close to Some","once a day",30,"Yes","a few times a month",-29.5,"Above 25","Struggling"
"Rural.Hadza","21-24",12,"5","1_Very Close to Most","a few times a month",5,"Yes","once a day",148.3,NA,"Succeeding"
"Rural.Hadza","21-24",12,"5","1_Very Close to Most","a few times a month",5,"Yes","once a day",148.3,NA,"Succeeding"
"Rural.Hadza","21-24",12,"1","1_Very Close to Most","several days a week",15,"Yes","once a day",178.7,"≤10","Succeeding"
"Rural.Hadza","25-34",12,"3","4_Dont Get Along","several days a week",15,"Yes","once a day",-13.4,"Above 25","Struggling"
"Rural.Hadza","21-24",12,"6+","2_Very Close to Some","several times a day",45,"Yes","once a day",132.3,"15","Succeeding"
"Rural.Hadza","16-20",12,"5","1_Very Close to Most","once a day",30,"Yes","once a day",163.5,"18","Succeeding"
"Rural.Hadza","55-64",12,"1","1_Very Close to Most","rarely/never",1,"Yes","once a day",-43.3,"Above 25","Struggling"
"Rural.Hadza","21-24",12,"6+","1_Very Close to Most","rarely/never",1,"Yes","once a day",165,"19","Succeeding"
"Rural.Hadza","65+",12,"1","1_Very Close to Most","a few times a month",5,"No","once a day",165.8,"Above 25","Succeeding"
"Rural.Hadza","35-44",12,"2","1_Very Close to Most","several times a day",45,"Yes","once a day",167.3,"Above 25","Succeeding"
"Rural.Hadza","35-44",12,"4","1_Very Close to Most","rarely/never",1,"Yes","rarely/never",100.8,"Above 25","Succeeding"
"Rural.Hadza","25-34",12,"3","1_Very Close to Most","several days a week",15,"No","once a day",-7.5,"Above 25","Struggling"
"Rural.Hadza","35-44",12,"6+","2_Very Close to Some","rarely/never",1,"Yes","once a day",108.9,"Above 25","Succeeding"
"Rural.Hadza","55-64",12,"3","4_Dont Get Along","several days a week",15,"Yes","rarely/never",124.7,"Above 25","Succeeding"
"Rural.Hadza","21-24",12,"4","5_Dont Have Family","rarely/never",1,"No","rarely/never",117.9,NA,"Succeeding"
"Rural.Hadza","35-44",12,"5","2_Very Close to Some","several days a week",15,"Yes","once a day",106.7,"Above 25","Succeeding"
"Rural.Hadza","21-24",12,"2","1_Very Close to Most","a few times a month",5,"No","once a day",-11.2,NA,"Struggling"
"Rural.Hadza","16-20",12,"3","5_Dont Have Family","several times a day",45,"Yes","once a day",140.3,"","Succeeding"
"Rural.Hadza","35-44",12,"3","2_Very Close to Some","rarely/never",1,"No","once a day",154.4,"Above 25","Succeeding"
"Rural.Hadza","55-64",0,"4","1_Very Close to Most","rarely/never",1,"No","once a day",-13.1,"Above 25","Struggling"
"Rural.Hadza","25-34",12,"3","1_Very Close to Most","several days a week",15,"Yes","once a day",101.3,"Above 25","Succeeding"
"Rural.Hadza","25-34",12,"1","1_Very Close to Most","several times a day",45,"No","once a day",-23,"Above 25","Struggling"
"Rural.Hadza","25-34",12,"2","6_Prefer Not to Say","rarely/never",1,"Yes","once a day",-9.2,"Above 25","Struggling"
"Rural.Hadza","65+",0,"3","1_Very Close to Most","several days a week",15,"No","once a day",116,"Above 25","Succeeding"
"Rural.Hadza","21-24",0,"0","1_Very Close to Most","rarely/never",1,"No","once a day",104.2,NA,"Succeeding"
"Rural.Hadza","21-24",12,"2","1_Very Close to Most","rarely/never",1,"Yes","once a day",151.3,"18","Succeeding"
"Rural.Hadza","25-34",12,"6+","2_Very Close to Some","once a day",30,"No","once a day",171.9,"Above 25","Succeeding"
"Rural.Hadza","45-54",0,"2","1_Very Close to Most","several times a day",45,"No","once a day",-4.4,"Above 25","Struggling"
"Rural.Hadza","35-44",12,"4","1_Very Close to Most","rarely/never",1,"No","rarely/never",137.6,"Above 25","Succeeding"
"Rural.Hadza","16-20",12,"4","6_Prefer Not to Say","several times a day",45,"Yes","once a day",-57.4,"15","Struggling"
"Rural.Hadza","35-44",0,"3","1_Very Close to Most","rarely/never",1,"No","once a day",167.3,"Above 25","Succeeding"
"Rural.Hadza","16-20",12,"3","1_Very Close to Most","several days a week",15,"Yes","once a day",148.3,"20","Succeeding"
"Rural.Hadza","16-20",12,"5","3_Not Close","several times a day",45,"Yes","several days a week",132.3,"≤10","Succeeding"
"Rural.Hadza","35-44",12,"4","1_Very Close to Most","rarely/never",1,"No","once a day",123.2,"Above 25","Succeeding"
"Rural.Hadza","25-34",12,"6+","1_Very Close to Most","a few times a month",5,"No","once a day",172.6,"Above 25","Succeeding"
"Rural.Hadza","21-24",12,"4","3_Not Close","rarely/never",1,"Yes","rarely/never",136.9,"18","Succeeding"
"Rural.Hadza","25-34",12,"6+","5_Dont Have Family","several times a day",45,"No","once a day",-21.8,"Above 25","Struggling"
"Rural.Hadza","16-20",12,"5","5_Dont Have Family","once a day",30,"No","once a day",108.7,NA,"Succeeding"
"Rural.Hadza","35-44",12,"6+","2_Very Close to Some","several days a week",15,"Yes","once a day",146.8,"Above 25","Succeeding"
"Rural.Hadza","25-34",12,"6+","1_Very Close to Most","rarely/never",1,"No","once a day",169,"Above 25","Succeeding"
"Rural.Hadza","25-34",12,"3","1_Very Close to Most","rarely/never",1,"No","rarely/never",164.3,"Above 25","Succeeding"
"Rural.Hadza","16-20",12,"5","6_Prefer Not to Say","rarely/never",1,"Yes","once a day",184.8,"18","Succeeding"
"Rural.Hadza","25-34",12,"4","1_Very Close to Most","rarely/never",1,"Yes","once a day",148.3,"Above 25","Succeeding"
"Rural.Hadza","45-54",0,"3","2_Very Close to Some","rarely/never",1,"No","once a day",102.7,"Above 25","Succeeding"
"Rural.Hadza","25-34",12,"5","1_Very Close to Most","several days a week",15,"No","once a day",-6.5,"Above 25","Struggling"
"Rural.Hadza","25-34",12,"4","2_Very Close to Some","several days a week",15,"Yes","a few times a month",135.4,"Above 25","Succeeding"
"Rural.Hadza","25-34",12,"0","1_Very Close to Most","rarely/never",1,"No","once a day",120.9,"Above 25","Succeeding"
"Rural.Hadza","25-34",12,"6+","2_Very Close to Some","several times a day",45,"Yes","a few times a month",103.6,"Above 25","Succeeding"
"Rural.Hadza","21-24",12,"3","1_Very Close to Most","rarely/never",1,"Yes","several days a week",103.8,"16","Succeeding"
"Rural.Hadza","45-54",12,"6+","1_Very Close to Most","once a day",30,"Yes","once a day",120.7,"Above 25","Succeeding"
"Rural.Hadza","25-34",12,"6+","2_Very Close to Some","several times a day",45,"Yes","once a day",132.3,"Above 25","Succeeding"
"Rural.Hadza","35-44",12,"4","1_Very Close to Most","rarely/never",1,"No","rarely/never",-9.2,"Above 25","Struggling"
"Rural.Hadza","25-34",12,"3","1_Very Close to Most","a few times a month",5,"No","rarely/never",113.3,"Above 25","Succeeding"
"Rural.Hadza","25-34",12,"3","1_Very Close to Most","once a day",30,"Yes","once a day",184,"Above 25","Succeeding"
"Rural.Hadza","45-54",16,"3","1_Very Close to Most","several times a day",45,"Yes","rarely/never",144.5,"Above 25","Succeeding"
"Rural.Hadza","45-54",10,"6+","2_Very Close to Some","several days a week",15,"No","once a day",127.8,"Above 25","Succeeding"
"Rural.Hadza","25-34",10,"5","1_Very Close to Most","rarely/never",1,"No","rarely/never",109.5,"Above 25","Succeeding"
"Rural.Hadza","65+",10,"0","1_Very Close to Most","rarely/never",1,"No","once a day",164.3,"Above 25","Succeeding"
"Rural.Hadza","25-34",16,"6+","1_Very Close to Most","a few times a month",5,"Yes","several days a week",133.1,"Above 25","Succeeding"
"Rural.Hadza","45-54",10,"5","1_Very Close to Most","several days a week",15,"No","once a day",105.7,"Above 25","Succeeding"
"Rural.Hadza","35-44",10,"4","1_Very Close to Most","several times a day",45,"Yes","once a day",103.4,"Above 25","Succeeding"
"Rural.Hadza","35-44",10,"5","1_Very Close to Most","rarely/never",1,"No","once a day",166.2,"Above 25","Succeeding"
"Rural.Hadza","45-54",16,"6+","1_Very Close to Most","rarely/never",1,"Yes","rarely/never",168.8,"Above 25","Succeeding"
"Rural.Hadza","35-44",10,"6+","1_Very Close to Most","rarely/never",1,"No","once a day",151.3,"Above 25","Succeeding"
"Rural.Hadza","55-64",10,"5","1_Very Close to Most","several days a week",15,"No","once a day",140.7,"Above 25","Succeeding"
"Rural.Hadza","16-20",10,"6+","1_Very Close to Most","rarely/never",1,"No","several days a week",106.7,NA,"Succeeding"
"Rural.Hadza","35-44",10,"6+","2_Very Close to Some","a few times a month",5,"Yes","once a day",136.9,"Above 25","Succeeding"
"Rural.Hadza","35-44",8,"3","4_Dont Get Along","several times a day",45,"No","rarely/never",-24.2,"Above 25","Struggling"
"Rural.Hadza","35-44",10,"2","1_Very Close to Most","rarely/never",1,"No","once a day",146.8,"Above 25","Succeeding"
"Rural.Hadza","25-34",10,"5","1_Very Close to Most","several days a week",15,"Yes","once a day",120.2,"Above 25","Succeeding"
"Rural.Hadza","35-44",10,"6+","2_Very Close to Some","several times a day",45,"Yes","once a day",146,"Above 25","Succeeding"
"Rural.Hadza","25-34",10,"4","1_Very Close to Most","several times a day",45,"No","once a day",162.7,"Above 25","Succeeding"
"Rural.Hadza","45-54",10,"5","1_Very Close to Most","rarely/never",1,"No","once a day",-2.1,"Above 25","Struggling"
"Rural.Hadza","45-54",10,"5","2_Very Close to Some","several days a week",15,"No","once a day",108.7,"Above 25","Succeeding"
"Rural.Hadza","65+",10,"0","2_Very Close to Some","several days a week",15,"No","once a day",125.5,"Above 25","Succeeding"
"Rural.Hadza","45-54",10,"4","1_Very Close to Most","several times a day",45,"No","once a day",112.2,"Above 25","Succeeding"
"Rural.Hadza","25-34",10,"3","1_Very Close to Most","several days a week",15,"No","once a day",124.9,"Above 25","Succeeding"
"Rural.Hadza","25-34",10,"2","5_Dont Have Family","rarely/never",1,"Yes","once a day",-28.2,"Above 25","Struggling"
"Rural.Hadza","65+",2,"1","1_Very Close to Most","rarely/never",1,"No","once a day",143,"Above 25","Succeeding"
"Rural.Hadza","21-24",10,"6+","1_Very Close to Most","several days a week",15,"Yes","once a day",143,"20","Succeeding"
"Rural.Hadza","25-34",2,"1","5_Dont Have Family","rarely/never",1,"Yes","once a day",181.7,"Above 25","Succeeding"
"Rural.Hadza","35-44",10,"4","1_Very Close to Most","a few times a month",5,"No","a few times a month",130.8,"Above 25","Succeeding"
"Rural.Hadza","21-24",10,"6+","2_Very Close to Some","once a day",30,"Yes","several days a week",111,"18","Succeeding"
"Rural.Hadza","21-24",10,"6+","2_Very Close to Some","once a day",30,"Yes","once a day",-8,"21-25","Struggling"
"Rural.Hadza","25-34",10,"4","1_Very Close to Most","a few times a month",5,"No","once a day",108,"Above 25","Succeeding"
"Rural.Hadza","55-64",8,"2","2_Very Close to Some","several days a week",15,"No","once a day",152.1,"Above 25","Succeeding"
"Rural.Hadza","25-34",10,"0","5_Dont Have Family","rarely/never",1,"No","rarely/never",-86.8,"Above 25","Struggling"
"Rural.Hadza","16-20",10,"6+","2_Very Close to Some","several times a day",45,"No","a few times a month",173.4,NA,"Succeeding"
"Rural.Hadza","65+",10,"5","1_Very Close to Most","rarely/never",1,"Yes","once a day",100.4,"Above 25","Succeeding"
"Rural.Hadza","25-34",10,"3","1_Very Close to Most","several times a day",45,"No","rarely/never",167.3,"Above 25","Succeeding"
"Rural.Hadza","35-44",8,"6+","1_Very Close to Most","several times a day",45,"No","once a day",154.4,"Above 25","Succeeding"
"Rural.Hadza","35-44",8,"6+","1_Very Close to Most","several times a day",45,"No","once a day",154.4,"Above 25","Succeeding"
"Rural.Hadza","25-34",10,"3","1_Very Close to Most","several times a day",45,"No","rarely/never",162,"Above 25","Succeeding"
"Rural.Hadza","16-20",10,"3","3_Not Close","several times a day",45,"No","rarely/never",-6.5,NA,"Struggling"
"Rural.Hadza","35-44",10,"3","3_Not Close","several times a day",45,"No","rarely/never",-1.8,"Above 25","Struggling"
"Rural.Hadza","35-44",10,"3","3_Not Close","several times a day",45,"No","rarely/never",-1.8,"Above 25","Struggling"
"Rural.Hadza","16-20",10,"3","3_Not Close","several times a day",45,"No","rarely/never",-6.5,NA,"Struggling"
"Rural.Hadza","55-64",10,"4","1_Very Close to Most","several days a week",15,"No","once a day",143,"Above 25","Succeeding"
"Rural.Hadza","25-34",10,"2","1_Very Close to Most","several days a week",15,"Yes","once a day",138.4,"Above 25","Succeeding"
"Rural.Hadza","45-54",10,"4","2_Very Close to Some","a few times a month",5,"Yes","once a day",109.7,"Above 25","Succeeding"
"Rural.Hadza","25-34",10,"3","1_Very Close to Most","rarely/never",1,"Yes","once a day",-28.6,"Above 25","Struggling"
"Rural.Hadza","16-20",10,"6+","1_Very Close to Most","several days a week",15,"No","once a day",127.8,NA,"Succeeding"
"Rural.Hadza","16-20",10,"4","6_Prefer Not to Say","a few times a month",5,"No","once a day",101.9,NA,"Succeeding"
"Rural.Hadza","16-20",10,"4","1_Very Close to Most","several days a week",15,"No","once a day",160.5,NA,"Succeeding"
"Rural.Hadza","35-44",8,"6+","1_Very Close to Most","several times a day",45,"No","rarely/never",118.6,"Above 25","Succeeding"
"Rural.Hadza","45-54",10,"5","2_Very Close to Some","several days a week",15,"No","once a day",119.4,"Above 25","Succeeding"
"Rural.Hadza","25-34",10,"6+","2_Very Close to Some","rarely/never",1,"No","once a day",-41.2,"Above 25","Struggling"
"Rural.Hadza","45-54",0,"6+","1_Very Close to Most","rarely/never",1,"No","once a day",145.2,"Above 25","Succeeding"
"Rural.Hadza","25-34",10,"3","4_Dont Get Along","several times a day",45,"Yes","once a day",136.1,"Above 25","Succeeding"
"Rural.Hadza","55-64",8,"2","2_Very Close to Some","several days a week",15,"No","once a day",138.6,"Above 25","Succeeding"
"Rural.Hadza","55-64",8,"3","1_Very Close to Most","rarely/never",1,"No","rarely/never",129.3,"Above 25","Succeeding"
"Rural.Hadza","25-34",10,"4","2_Very Close to Some","several times a day",45,"Yes","once a day",-13.4,"Above 25","Struggling"
"Rural.Hadza","21-24",8,"1","1_Very Close to Most","rarely/never",1,"No","several days a week",-20.2,NA,"Struggling"
"Rural.Hadza","21-24",8,"1","1_Very Close to Most","rarely/never",1,"No","several days a week",-20.2,NA,"Struggling"
"Rural.Hadza","55-64",8,"3","1_Very Close to Most","a few times a month",5,"No","once a day",116.3,"Above 25","Succeeding"
"Rural.Hadza","55-64",10,"4","1_Very Close to Most","several days a week",15,"No","once a day",103.8,"Above 25","Succeeding"
"Rural.Hadza","25-34",10,"4","1_Very Close to Most","several days a week",15,"No","once a day",123.2,"Above 25","Succeeding"
"Rural.Hadza","35-44",10,"5","1_Very Close to Most","once a day",30,"Yes","once a day",164.3,"Above 25","Succeeding"
"Rural.Hadza","21-24",10,"4","5_Dont Have Family","rarely/never",1,"No","once a day",-11.7,NA,"Struggling"
"Rural.Hadza","45-54",10,"1","1_Very Close to Most","a few times a month",5,"No","rarely/never",121.7,"Above 25","Succeeding"
"Rural.Hadza","25-34",10,"3","1_Very Close to Most","rarely/never",1,"No","once a day",173.4,"Above 25","Succeeding"
"Rural.Hadza","35-44",16,"1","2_Very Close to Some","several days a week",15,"Yes","once a day",118.6,"Above 25","Succeeding"
"Rural.Hadza","16-20",10,"3","1_Very Close to Most","once a day",30,"Yes","once a day",148.3,NA,"Succeeding"
"Rural.Hadza","25-34",10,"5","1_Very Close to Most","several days a week",15,"Yes","once a day",150.6,"Above 25","Succeeding"
"Rural.Hadza","55-64",8,"3","1_Very Close to Most","once a day",30,"No","once a day",139.2,"Above 25","Succeeding"
"Rural.Hadza","35-44",10,"5","1_Very Close to Most","several times a day",45,"No","rarely/never",121.7,"Above 25","Succeeding"
"Rural.Hadza","21-24",16,"6+","1_Very Close to Most","several times a day",45,"Yes","once a day",172.6,"≤10","Succeeding"
"Rural.Hadza","21-24",10,"2","4_Dont Get Along","a few times a month",5,"No","once a day",-9.3,NA,"Struggling"
"Rural.Hadza","35-44",10,"1","2_Very Close to Some","rarely/never",1,"Yes","once a day",128.5,"Above 25","Succeeding"
"Rural.Hadza","21-24",10,"2","1_Very Close to Most","several days a week",15,"Yes","once a day",157.4,"20","Succeeding"
"Rural.Hadza","21-24",10,"2","1_Very Close to Most","several days a week",15,"Yes","once a day",157.4,"20","Succeeding"
"Rural.Hadza","25-34",10,"0","3_Not Close","rarely/never",1,"No","once a day",114.4,"Above 25","Succeeding"
"Rural.Hadza","35-44",8,"5","1_Very Close to Most","a few times a month",5,"No","once a day",165,"Above 25","Succeeding"
"Rural.Hadza","35-44",8,"5","1_Very Close to Most","a few times a month",5,"No","once a day",165,"Above 25","Succeeding"
"Rural.Hadza","25-34",10,"2","1_Very Close to Most","a few times a month",5,"No","once a day",129.3,"Above 25","Succeeding"
"Rural.Hadza","65+",4,"4","1_Very Close to Most","a few times a month",5,"No","once a day",131.6,"Above 25","Succeeding"
"Rural.Hadza","25-34",4,"6+","4_Dont Get Along","several days a week",15,"Yes","several days a week",114.4,"Above 25","Succeeding"
"Rural.Hadza","45-54",4,"1","2_Very Close to Some","a few times a month",5,"Yes","rarely/never",118.6,"Above 25","Succeeding"
"Rural.Hadza","55-64",4,"6+","1_Very Close to Most","rarely/never",1,"No","once a day",155.9,"Above 25","Succeeding"
"Rural.Hadza","45-54",8,"1","3_Not Close","several days a week",15,"No","once a day",138.4,"Above 25","Succeeding"
"Rural.Hadza","35-44",4,"6+","2_Very Close to Some","a few times a month",5,"Yes","rarely/never",-10.1,"Above 25","Struggling"
"Rural.Hadza","65+",4,"4","1_Very Close to Most","several days a week",15,"No","once a day",139.9,"Above 25","Succeeding"
"Rural.Hadza","45-54",4,"5","1_Very Close to Most","several days a week",15,"No","rarely/never",130.8,"Above 25","Succeeding"
"Rural.Hadza","45-54",8,"1","1_Very Close to Most","rarely/never",1,"No","rarely/never",149.8,"Above 25","Succeeding"
"Rural.Hadza","25-34",4,"4","1_Very Close to Most","rarely/never",1,"No","once a day",-1.1,"Above 25","Struggling"
"Rural.Hadza","25-34",4,"6+","1_Very Close to Most","rarely/never",1,"No","once a day",150.6,"Above 25","Succeeding"
"Rural.Hadza","45-54",0,"4","1_Very Close to Most","a few times a month",5,"No","once a day",102.7,"Above 25","Succeeding"
"Rural.Hadza","35-44",4,"5","6_Prefer Not to Say","a few times a month",5,"Yes","rarely/never",-6.6,"Above 25","Struggling"
"Rural.Hadza","35-44",8,"6+","1_Very Close to Most","several times a day",45,"Yes","rarely/never",154.4,"Above 25","Succeeding"
"Rural.Hadza","45-54",4,"4","1_Very Close to Most","rarely/never",1,"No","once a day",117.9,"Above 25","Succeeding"
"Rural.Hadza","55-64",8,"1","1_Very Close to Most","rarely/never",1,"No","rarely/never",103.4,"Above 25","Succeeding"
"Rural.Hadza","21-24",8,"4","1_Very Close to Most","a few times a month",5,"No","several days a week",-8.8,NA,"Struggling"
"Rural.Hadza","65+",4,"1","1_Very Close to Most","rarely/never",1,"No","several days a week",160.5,"Above 25","Succeeding"
"Rural.Hadza","25-34",4,"6+","1_Very Close to Most","several days a week",15,"No","once a day",145.2,"Above 25","Succeeding"
"Rural.Hadza","55-64",4,"5","1_Very Close to Most","rarely/never",1,"No","several days a week",133.8,"Above 25","Succeeding"
"Rural.Hadza","55-64",4,"2","1_Very Close to Most","a few times a month",5,"No","rarely/never",100.4,"Above 25","Succeeding"
"Rural.Hadza","65+",4,"6+","1_Very Close to Most","a few times a month",5,"No","rarely/never",-1,"Above 25","Struggling"
"Rural.Hadza","45-54",4,"5","5_Dont Have Family","rarely/never",1,"No","once a day",101.1,"Above 25","Succeeding"
"Rural.Hadza","35-44",8,"2","1_Very Close to Most","once a day",30,"No","once a day",119.4,"Above 25","Succeeding"
"Rural.Hadza","55-64",0,"6+","2_Very Close to Some","a few times a month",5,"No","once a day",125.1,"Above 25","Succeeding"
"Rural.Hadza","55-64",0,"6+","2_Very Close to Some","a few times a month",5,"No","once a day",125.1,"Above 25","Succeeding"
"Rural.Hadza","55-64",0,"6+","2_Very Close to Some","a few times a month",5,"No","once a day",125.1,"Above 25","Succeeding"
"Rural.Hadza","55-64",0,"6+","2_Very Close to Some","a few times a month",5,"No","once a day",125.1,"Above 25","Succeeding"
"Rural.Hadza","35-44",8,"4","1_Very Close to Most","several days a week",15,"Yes","rarely/never",-13.9,"Above 25","Struggling"
"Rural.Hadza","35-44",8,"4","1_Very Close to Most","several days a week",15,"Yes","rarely/never",-13.9,"Above 25","Struggling"
"Rural.Hadza","55-64",0,"4","2_Very Close to Some","rarely/never",1,"No","once a day",148.3,"Above 25","Succeeding"
"Rural.Hadza","65+",0,"3","1_Very Close to Most","rarely/never",1,"No","once a day",112.5,"Above 25","Succeeding"
"Rural.Hadza","25-34",8,"5","2_Very Close to Some","a few times a month",5,"No","once a day",120.5,"Above 25","Succeeding"
"Rural.Hadza","55-64",0,"2","2_Very Close to Some","several days a week",15,"Yes","once a day",-6.7,"Above 25","Struggling"
"Rural.Hadza","35-44",0,"1","5_Dont Have Family","rarely/never",1,"No","once a day",102.7,"Above 25","Succeeding"
"Rural.Hadza","35-44",0,"6+","1_Very Close to Most","several times a day",45,"No","once a day",104.2,"Above 25","Succeeding"
"Rural.Hadza","45-54",0,"3","1_Very Close to Most","several days a week",15,"No","rarely/never",-4.7,"Above 25","Struggling"
"Rural.Hadza","35-44",0,"4","1_Very Close to Most","a few times a month",5,"No","once a day",157,"Above 25","Succeeding"
"Rural.Hadza","65+",0,"0","1_Very Close to Most","rarely/never",1,"No","rarely/never",-18.3,"Above 25","Struggling"
"Rural.Hadza","45-54",0,"6+","1_Very Close to Most","rarely/never",1,"No","once a day",119.4,"Above 25","Succeeding"
"Rural.Hadza","65+",0,"0","1_Very Close to Most","a few times a month",5,"No","once a day",116.3,"Above 25","Succeeding"
"Rural.Hadza","16-20",8,"3","3_Not Close",NA,NA,"No",NA,-58,NA,"Struggling"
"Rural.Hadza","35-44",0,"6+","1_Very Close to Most","several days a week",15,"No","once a day",139.9,"Above 25","Succeeding"
"Rural.Hadza","25-34",0,"6+","3_Not Close","rarely/never",1,"No","once a day",121.7,"Above 25","Succeeding"
"Rural.Hadza","25-34",0,"5","1_Very Close to Most","several days a week",15,"No","once a day",142.2,"Above 25","Succeeding"
"Rural.Hadza","55-64",8,"",NA,NA,NA,"No",NA,154.4,"Above 25","Succeeding"
"Rural.Hadza","65+",0,"2","1_Very Close to Most","a few times a month",5,"No","several days a week",121.7,"Above 25","Succeeding"
"Rural.Hadza","35-44",0,"6+","2_Very Close to Some","a few times a month",5,"No","once a day",110.3,"Above 25","Succeeding"
"Rural.Hadza","25-34",0,"2","5_Dont Have Family","rarely/never",1,"No","once a day",-2.2,"Above 25","Struggling"
"Rural.Hadza","35-44",8,"6+","1_Very Close to Most","a few times a month",5,"No","once a day",159.7,"Above 25","Succeeding"
"Rural.Hadza","25-34",0,"6+","1_Very Close to Most",NA,NA,"Yes",NA,153,"Above 25","Succeeding"
"Rural.Hadza","55-64",8,"1","1_Very Close to Most","several days a week",15,"No","once a day",119.4,"Above 25","Succeeding"
"Rural.Hadza","35-44",0,"6+","1_Very Close to Most","rarely/never",1,"No","once a day",121.9,"Above 25","Succeeding"
"Rural.Hadza","25-34",0,"6+","1_Very Close to Most","a few times a month",5,"No","once a day",131.2,"Above 25","Succeeding"
"Rural.Hadza","55-64",8,"6+","2_Very Close to Some","several days a week",15,"Yes","once a day",109.9,"Above 25","Succeeding"
"Rural.Hadza","35-44",0,"4","1_Very Close to Most","rarely/never",1,"No","once a day",149,"Above 25","Succeeding"
"Rural.Hadza","55-64",0,"6+","1_Very Close to Most","rarely/never",1,"No","rarely/never",146,"Above 25","Succeeding"
"Rural.Hadza","65+",0,"6+","1_Very Close to Most","a few times a month",5,"No","several days a week",100.4,"Above 25","Succeeding"
"Rural.Hadza","35-44",8,"3","1_Very Close to Most","several days a week",15,"No","once a day",103.4,"Above 25","Succeeding"
"Rural.Hadza","55-64",0,"5","1_Very Close to Most","rarely/never",1,"No","once a day",123.2,"Above 25","Succeeding"
"Rural.Hadza","16-20",14,"3","1_Very Close to Most","several days a week",15,"Yes","rarely/never",155.9,"21-25","Succeeding"
"Rural.Hadza","25-34",0,"6+","1_Very Close to Most","rarely/never",1,"No","once a day",145.2,"Above 25","Succeeding"
"Rural.Hadza","55-64",0,"2","1_Very Close to Most","several times a day",45,"No","once a day",139.9,"Above 25","Succeeding"
"Rural.Hadza","21-24",0,"6+","5_Dont Have Family","rarely/never",1,"No","once a day",158.2,"Do not Own","Succeeding"
"Rural.Hadza","65+",0,"2","3_Not Close","rarely/never",1,"No","once a day",145.2,"Above 25","Succeeding"
"Rural.Hadza","35-44",8,"1","1_Very Close to Most","several times a day",45,"No","once a day",144.5,"Above 25","Succeeding"
"Rural.Hadza","21-24",8,"1","1_Very Close to Most","several times a day",45,"No","once a day",106.5,NA,"Succeeding"
"Rural.Hadza","21-24",8,"1","1_Very Close to Most","several times a day",45,"No","once a day",106.5,NA,"Succeeding"
"Rural.Hadza","35-44",8,"1","1_Very Close to Most","several times a day",45,"No","once a day",144.5,"Above 25","Succeeding"
"Rural.Hadza","35-44",0,"0","1_Very Close to Most","rarely/never",1,"No","rarely/never",141.4,"Above 25","Succeeding"
"Rural.Hadza","16-20",0,"6+","1_Very Close to Most","rarely/never",1,"No","once a day",102.7,NA,"Succeeding"
"Rural.Hadza","25-34",0,"3","2_Very Close to Some","rarely/never",1,"No","once a day",144.5,"Above 25","Succeeding"
"Rural.Hadza","35-44",0,"5","1_Very Close to Most","several days a week",15,"No","once a day",136.1,"Above 25","Succeeding"
"Rural.Hadza","45-54",0,"1","1_Very Close to Most","several times a day",45,"No","rarely/never",142.6,"Above 25","Succeeding"
"Rural.Hadza","35-44",8,"6+","3_Not Close","a few times a month",5,"No","once a day",172.2,"Above 25","Succeeding"
"Rural.Hadza","35-44",8,"6+","3_Not Close","a few times a month",5,"No","once a day",172.2,"Above 25","Succeeding"
"Rural.Hadza","35-44",8,"6+","3_Not Close","a few times a month",5,"No","once a day",172.2,"Above 25","Succeeding"
"Rural.Hadza","55-64",0,"5","3_Not Close","rarely/never",1,"No","rarely/never",-11.3,"Above 25","Struggling"
"Rural.Hadza","35-44",8,"6+","2_Very Close to Some","several days a week",15,"No","a few times a month",115.6,"Above 25","Succeeding"
"Rural.Hadza","21-24",0,"6+","1_Very Close to Most","rarely/never",1,"No","once a day",133.1,NA,"Succeeding"
"Rural.Hadza","45-54",0,"6+","1_Very Close to Most","rarely/never",1,"No","once a day",126.2,"Above 25","Succeeding"
"Rural.Hadza","25-34",0,"3","1_Very Close to Most","a few times a month",5,"No","once a day",164.3,"Above 25","Succeeding"
"Rural.Hadza","55-64",0,"5","1_Very Close to Most","rarely/never",1,"No","once a day",128.5,"Above 25","Succeeding"
"Rural.Hadza","16-20",0,"3","1_Very Close to Most","rarely/never",1,"No","rarely/never",112.5,NA,"Succeeding"
"Rural.Hadza","16-20",0,"3","1_Very Close to Most","rarely/never",1,"No","rarely/never",112.5,NA,"Succeeding"
"Rural.Hadza","35-44",0,"5","1_Very Close to Most","rarely/never",1,"No","once a day",106.1,"Above 25","Succeeding"
"Rural.Hadza","65+",0,"6+","1_Very Close to Most","several days a week",15,"No","once a day",119.8,"Above 25","Succeeding"
"Rural.Hadza","21-24",0,"6+","1_Very Close to Most","rarely/never",1,"No","once a day",132.3,NA,"Succeeding"
"Rural.Hadza","35-44",0,"6+","1_Very Close to Most","rarely/never",1,"No","once a day",124,"Above 25","Succeeding"
"Rural.Hadza","65+",0,"4","5_Dont Have Family","rarely/never",1,"No","once a day",137.6,"Above 25","Succeeding"
"Rural.Hadza","16-20",8,"6+","1_Very Close to Most","several times a day",45,"No","once a day",162.7,NA,"Succeeding"
"Rural.Hadza","25-34",0,"3","1_Very Close to Most","rarely/never",1,"No","once a day",129.3,"Above 25","Succeeding"
"Rural.Hadza","25-34",0,"3","3_Not Close","rarely/never",1,"No","once a day",143,"Above 25","Succeeding"
"Rural.Hadza","35-44",0,"3","1_Very Close to Most","a few times a month",5,"No","once a day",100.4,"Above 25","Succeeding"
"Rural.Hadza","35-44",8,"2","6_Prefer Not to Say","several days a week",15,"Yes","once a day",111.8,"Above 25","Succeeding"
"Rural.Hadza","35-44",8,"2","6_Prefer Not to Say","several days a week",15,"Yes","once a day",111.8,"Above 25","Succeeding"
"Rural.Hadza","35-44",0,"6+","1_Very Close to Most","rarely/never",1,"No","once a day",132.3,"Above 25","Succeeding"
"Rural.Hadza","35-44",0,"6+","1_Very Close to Most","rarely/never",1,"No","once a day",133.8,"Above 25","Succeeding"
"Rural.Hadza","25-34",0,"6+","1_Very Close to Most","rarely/never",1,"No","rarely/never",124,"Above 25","Succeeding"
"Rural.Hadza","45-54",8,"2","1_Very Close to Most","once a day",30,"Yes","once a day",103.4,"Above 25","Succeeding"
"Rural.Hadza","55-64",0,"1","1_Very Close to Most","rarely/never",1,"No","once a day",152.1,"Above 25","Succeeding"
"Rural.Hadza","35-44",0,"4","1_Very Close to Most","rarely/never",1,"No","once a day",146,"Above 25","Succeeding"
"Rural.Hadza","21-24",8,"5","2_Very Close to Some","once a day",30,"No","once a day",-19.1,NA,"Struggling"
"Rural.Hadza","35-44",0,"2","2_Very Close to Some","a few times a month",5,"No","once a day",-7.7,"Above 25","Struggling"
"Rural.Hadza","25-34",8,"2","1_Very Close to Most","rarely/never",1,"No","rarely/never",147.9,"Above 25","Succeeding"
"Rural.Hadza","25-34",0,"6+","1_Very Close to Most","a few times a month",5,"No","once a day",146.8,"Above 25","Succeeding"
"Rural.Hadza","35-44",8,"6+","1_Very Close to Most","several days a week",15,"No","once a day",140.7,"Above 25","Succeeding"
"Rural.Hadza","25-34",0,"3","2_Very Close to Some","rarely/never",1,"No","once a day",103.4,"Above 25","Succeeding"
"Rural.Hadza","65+",0,"6+","1_Very Close to Most","rarely/never",1,"No","once a day",140.7,"Above 25","Succeeding"
"Rural.Hadza","25-34",0,"4","1_Very Close to Most","rarely/never",1,"No","once a day",117.1,"Above 25","Succeeding"
"Rural.Hadza","25-34",0,"4","1_Very Close to Most","rarely/never",1,"No","once a day",114.1,"Above 25","Succeeding"
"Rural.Hadza","21-24",0,"6+","1_Very Close to Most","a few times a month",5,"No","once a day",158.9,NA,"Succeeding"
"Rural.Hadza","55-64",0,"6+","1_Very Close to Most","rarely/never",1,"No","once a day",149.8,"Above 25","Succeeding"
"Rural.Hadza","65+",0,"4","1_Very Close to Most","a few times a month",5,"No","rarely/never",118.6,"Above 25","Succeeding"
"Rural.Hadza","35-44",0,"6+","1_Very Close to Most","several times a day",45,"No","once a day",104.9,"Above 25","Succeeding"
"Rural.Hadza","35-44",8,"4","1_Very Close to Most","a few times a month",5,"No","once a day",151.3,"Above 25","Succeeding"
"Rural.Hadza","16-20",0,"4","1_Very Close to Most","a few times a month",5,"No","rarely/never",-7.5,NA,"Struggling"
"Rural.Hadza","16-20",0,"4","1_Very Close to Most","a few times a month",5,"No","rarely/never",-7.5,NA,"Struggling"
"Rural.Hadza","25-34",0,"4","1_Very Close to Most","rarely/never",1,"No","once a day",138.4,"Above 25","Succeeding"
"Rural.Hadza","45-54",0,"6+","1_Very Close to Most","rarely/never",1,"No","once a day",144.5,"Above 25","Succeeding"
"Rural.Hadza","45-54",0,"3","1_Very Close to Most","several times a day",45,"No","rarely/never",132.3,"Above 25","Succeeding"
"Rural.Hadza","16-20",0,"5","1_Very Close to Most","a few times a month",5,"No","once a day",131.6,NA,"Succeeding"
"Rural.Hadza","65+",0,"4","1_Very Close to Most","rarely/never",1,"No","once a day",125.5,"Above 25","Succeeding"
"Rural.Hadza","45-54",8,"6+","1_Very Close to Most","rarely/never",1,"No","once a day",172.6,"Above 25","Succeeding"
"Rural.Hadza","25-34",0,"2","1_Very Close to Most","rarely/never",1,"No","once a day",133.1,"Above 25","Succeeding"
"Rural.Hadza","65+",0,"5","1_Very Close to Most","rarely/never",1,"No","rarely/never",121.7,"Above 25","Succeeding"
"Rural.Hadza","45-54",0,"6+","1_Very Close to Most","rarely/never",1,"No","once a day",139.9,"Above 25","Succeeding"
"Rural.Hadza","55-64",0,"6+","1_Very Close to Most","several days a week",15,"No","once a day",133.1,"Above 25","Succeeding"
"Rural.Hadza","16-20",0,"6+","1_Very Close to Most","rarely/never",1,"No","once a day",152.9,NA,"Succeeding"
"Rural.Hadza","65+",0,"2","1_Very Close to Most","rarely/never",1,"No","rarely/never",121.7,"Above 25","Succeeding"
"Rural.Hadza","21-24",10,"2","2_Very Close to Some","a few times a month",5,"No","once a day",153.6,NA,"Succeeding"
"Rural.Hadza","25-34",10,"0","1_Very Close to Most","several days a week",15,"No","once a day",163.5,"Above 25","Succeeding"
"Rural.Hadza","35-44",0,"4","1_Very Close to Most","rarely/never",1,"No","once a day",136.3,"Above 25","Succeeding"
"Rural.Hadza","35-44",0,"5","1_Very Close to Most","rarely/never",1,"No","once a day",122.4,"Above 25","Succeeding"
"Rural.Hadza","16-20",0,"4","1_Very Close to Most","rarely/never",1,"No","once a day",134.6,NA,"Succeeding"
"Rural.Hadza","21-24",0,"5","1_Very Close to Most","rarely/never",1,"No","once a day",163.5,NA,"Succeeding"
"Rural.Hadza","25-34",10,"6+","1_Very Close to Most","several days a week",15,"No","once a day",141.4,"Above 25","Succeeding"
"Rural.Hadza","65+",0,"3","2_Very Close to Some","rarely/never",1,"No","rarely/never",115.6,"Above 25","Succeeding"
"Rural.Hadza","55-64",0,"6+","1_Very Close to Most","rarely/never",1,"No","once a day",101.9,"Above 25","Succeeding"
"Rural.Hadza","16-20",10,"5","2_Very Close to Some","once a day",30,"No","once a day",130,NA,"Succeeding"
"Rural.Hadza","35-44",0,"6+","2_Very Close to Some","a few times a month",5,"No","once a day",133.1,"Above 25","Succeeding"
"Rural.Hadza","65+",10,"4","1_Very Close to Most","several days a week",15,"No","once a day",145.2,"Above 25","Succeeding"
"Rural.Hadza","25-34",10,"3","3_Not Close","several days a week",15,"Yes","once a day",-13.1,"Above 25","Struggling"
"Rural.Hadza","65+",0,"3","1_Very Close to Most","a few times a month",5,"No","once a day",102.9,"Above 25","Succeeding"
"Rural.Hadza","25-34",0,"1","1_Very Close to Most","several days a week",15,"No","once a day",158.9,"Above 25","Succeeding"
"Rural.Hadza","55-64",0,"1","1_Very Close to Most","several days a week",15,"No","once a day",115,"Above 25","Succeeding"
"Rural.Hadza","25-34",0,"1","1_Very Close to Most","several days a week",15,"No","once a day",158.9,"Above 25","Succeeding"
"Rural.Hadza","55-64",0,"1","1_Very Close to Most","several days a week",15,"No","once a day",115,"Above 25","Succeeding"
"Rural.Hadza","16-20",0,"6+","1_Very Close to Most","rarely/never",1,"No","once a day",124.7,NA,"Succeeding"
"Rural.Hadza","25-34",0,"1","2_Very Close to Some","several days a week",15,"No","once a day",111,"Above 25","Succeeding"
"Rural.Hadza","45-54",0,"6+","1_Very Close to Most","a few times a month",5,"No","once a day",155.1,"Above 25","Succeeding"
"Rural.Hadza","16-20",0,"3","2_Very Close to Some","rarely/never",1,"No","once a day",127,NA,"Succeeding"
"Rural.Hadza","16-20",0,"6+","1_Very Close to Most","rarely/never",1,"No","rarely/never",139.2,NA,"Succeeding"
"Rural.Hadza","45-54",0,"6+","1_Very Close to Most","rarely/never",1,"No","once a day",138.4,"Above 25","Succeeding"
"Rural.Hadza","25-34",0,"6+","1_Very Close to Most","rarely/never",1,"No","once a day",133.8,"Above 25","Succeeding"
"Rural.Hadza","21-24",10,"3","1_Very Close to Most","rarely/never",1,"No","once a day",110.3,NA,"Succeeding"
"Rural.Hadza","65+",0,"2","1_Very Close to Most","several days a week",15,"No","rarely/never",100.4,"Above 25","Succeeding"
"Rural.Hadza","45-54",0,"5","2_Very Close to Some","rarely/never",1,"No","once a day",108.7,"Above 25","Succeeding"
"Rural.Hadza","65+",0,"2","1_Very Close to Most","a few times a month",5,"No","several days a week",100.4,"Above 25","Succeeding"
"Rural.Hadza","45-54",0,"2","1_Very Close to Most","rarely/never",1,"No","once a day",112.7,"Above 25","Succeeding"
"Rural.Hadza","55-64",0,"1","1_Very Close to Most","rarely/never",1,"No","once a day",101.1,"Above 25","Succeeding"
"Rural.Hadza","35-44",0,"2","1_Very Close to Most","several times a day",45,"No","once a day",-43.2,"Above 25","Struggling"
"Rural.Hadza","16-20",0,"6+","1_Very Close to Most","rarely/never",1,"No","once a day",127.8,NA,"Succeeding"
"Rural.Hadza","45-54",0,"5","2_Very Close to Some","rarely/never",1,"No","once a day",138.4,"Above 25","Succeeding"
"Rural.Hadza","45-54",0,"6+","1_Very Close to Most","rarely/never",1,"No","once a day",133.1,"Above 25","Succeeding"
"Rural.Hadza","35-44",16,"3","1_Very Close to Most","several days a week",15,"Yes","once a day",131.7,"Above 25","Succeeding"
"Rural.Hadza","25-34",6,"0","1_Very Close to Most","rarely/never",1,"No","once a day",-34.8,"Above 25","Struggling"
"Rural.Hadza","55-64",0,"4","2_Very Close to Some","rarely/never",1,"Yes","once a day",140.7,"Above 25","Succeeding"
"Rural.Hadza","65+",0,"4","1_Very Close to Most","rarely/never",1,"No","rarely/never",130,"Above 25","Succeeding"
"Rural.Hadza","65+",0,"3","1_Very Close to Most","rarely/never",1,"No","once a day",-3.2,"Above 25","Struggling"
"Rural.Hadza","65+",0,"3","1_Very Close to Most","rarely/never",1,"No","once a day",-3.2,"Above 25","Struggling"
"Rural.Hadza","55-64",0,"2","1_Very Close to Most","a few times a month",5,"No","once a day",144.5,"Above 25","Succeeding"
"Rural.Hadza","65+",0,"6+","1_Very Close to Most","a few times a month",5,"No","once a day",125.5,"Above 25","Succeeding"
"Rural.Hadza","35-44",6,"6+","1_Very Close to Most","rarely/never",1,"No","once a day",141.6,"Above 25","Succeeding"
"Rural.Hadza","35-44",0,"6+","1_Very Close to Most","a few times a month",5,"No","once a day",139.9,"Above 25","Succeeding"
"Rural.Hadza","35-44",0,"6+","1_Very Close to Most","several days a week",15,"No","once a day",118.6,"Above 25","Succeeding"
"Rural.Hadza","25-34",0,"4","1_Very Close to Most","several days a week",15,"No","once a day",115.8,"Above 25","Succeeding"
"Rural.Hadza","45-54",0,"5","1_Very Close to Most","several days a week",15,"No","once a day",102.9,"Above 25","Succeeding"
"Rural.Hadza","65+",0,"4","1_Very Close to Most","a few times a month",5,"No","once a day",136.9,"Above 25","Succeeding"
"Rural.Hadza","16-20",0,"2","1_Very Close to Most","a few times a month",5,"No","rarely/never",158.9,NA,"Succeeding"
"Rural.Hadza","16-20",0,"2","1_Very Close to Most","a few times a month",5,"No","rarely/never",158.9,NA,"Succeeding"
"Rural.Hadza","55-64",8,"2","1_Very Close to Most","several days a week",15,"No","once a day",120.2,"Above 25","Succeeding"
"Rural.Hadza","45-54",8,"5","1_Very Close to Most","rarely/never",1,"No","once a day",127.8,"Above 25","Succeeding"
"Rural.Hadza","65+",0,"1","3_Not Close","a few times a month",5,"No","once a day",101.1,"Above 25","Succeeding"
"Rural.Hadza","35-44",0,"5","2_Very Close to Some","a few times a month",5,"No","once a day",109.5,"Above 25","Succeeding"
"Rural.Hadza","65+",0,"6+","1_Very Close to Most","rarely/never",1,"No","once a day",162.7,"Above 25","Succeeding"
"Rural.Hadza","16-20",14,"3","1_Very Close to Most","several days a week",15,"No","once a day",129.3,NA,"Succeeding"
"Rural.Hadza","16-20",8,"4","1_Very Close to Most","several days a week",15,"No","once a day",134.8,NA,"Succeeding"
"Rural.Hadza","55-64",0,"4","1_Very Close to Most","rarely/never",1,"No","rarely/never",101.1,"Above 25","Succeeding"
"Rural.Hadza","25-34",0,"3","1_Very Close to Most","rarely/never",1,"No","once a day",107.6,"Above 25","Succeeding"
"Rural.Hadza","35-44",0,"4","1_Very Close to Most","several times a day",45,"No","once a day",117.1,"Above 25","Succeeding"
"Rural.Hadza","65+",0,"1","1_Very Close to Most","several times a day",45,"No","rarely/never",133.8,"Above 25","Succeeding"
"Rural.Hadza","45-54",0,"5","1_Very Close to Most","rarely/never",1,"No","once a day",140.7,"Above 25","Succeeding"
"Rural.Hadza","55-64",0,"4","1_Very Close to Most","rarely/never",1,"No","rarely/never",147.5,"Above 25","Succeeding"
"Rural.Hadza","55-64",0,"6+","2_Very Close to Some","rarely/never",1,"Yes","once a day",123.2,"Above 25","Succeeding"
"Rural.Hadza","55-64",16,"6+","2_Very Close to Some","rarely/never",1,"Yes","once a day",123.2,"Above 25","Succeeding"
"Rural.Hadza","35-44",0,"5","1_Very Close to Most","several days a week",15,"No","once a day",153.6,"Above 25","Succeeding"
"Rural.Hadza","25-34",0,"6+","1_Very Close to Most","rarely/never",1,"No","once a day",127.8,"Above 25","Succeeding"
"Rural.Hadza","21-24",0,"3","1_Very Close to Most","rarely/never",1,"No","once a day",107.2,NA,"Succeeding"
"Rural.Hadza","35-44",0,"1","2_Very Close to Some","rarely/never",1,"No","once a day",117.1,"Above 25","Succeeding"
"Rural.Hadza","16-20",8,"4","1_Very Close to Most","several days a week",15,"No","once a day",117.1,NA,"Succeeding"
"Rural.Hadza","25-34",0,"1","5_Dont Have Family","several days a week",15,"No","once a day",162.7,"Above 25","Succeeding"
"Rural.Hadza","21-24",14,"6+","1_Very Close to Most","several days a week",15,"Yes","once a day",-31.1,"20","Struggling"
"Rural.Hadza","25-34",0,"6+","1_Very Close to Most","several days a week",15,"No","once a day",114.8,"Above 25","Succeeding"
"Rural.Hadza","65+",0,"2","2_Very Close to Some","a few times a month",5,"No","once a day",103.4,"Above 25","Succeeding"
"Rural.Hadza","65+",0,"5","1_Very Close to Most","rarely/never",1,"No","once a day",136.9,"Above 25","Succeeding"
"Rural.Hadza","35-44",0,"6+","3_Not Close","rarely/never",1,"No","rarely/never",118.6,"Above 25","Succeeding"
"Rural.Hadza","35-44",0,"4","5_Dont Have Family","rarely/never",1,"No","once a day",133.8,"Above 25","Succeeding"
"Rural.Hadza","25-34",0,"4","1_Very Close to Most","several times a day",45,"No","once a day",105.7,"Above 25","Succeeding"
"Rural.Hadza","21-24",0,"3","1_Very Close to Most","a few times a month",5,"No","once a day",120.3,NA,"Succeeding"
"Rural.Hadza","35-44",0,"5","1_Very Close to Most","rarely/never",1,"No","once a day",111,"Above 25","Succeeding"
"Rural.Hadza","55-64",0,"6+","2_Very Close to Some","rarely/never",1,"No","once a day",134.6,"Above 25","Succeeding"
"Rural.Hadza","35-44",0,"2","1_Very Close to Most","rarely/never",1,"No","once a day",166.5,"Above 25","Succeeding"
"Rural.Hadza","25-34",0,"6+","2_Very Close to Some","a few times a month",5,"No","once a day",112.5,"Above 25","Succeeding"
"Rural.Hadza","45-54",0,"5","1_Very Close to Most","rarely/never",1,"No","once a day",156.7,"Above 25","Succeeding"
"Rural.Hadza","35-44",14,"5","1_Very Close to Most","several times a day",45,"Yes","once a day",134.6,"Above 25","Succeeding"
"Rural.Hadza","25-34",14,"4","1_Very Close to Most","a few times a month",5,"No","rarely/never",141.8,"Above 25","Succeeding"
"Rural.Hadza","45-54",0,"4","1_Very Close to Most","rarely/never",1,"No","once a day",145.2,"Above 25","Succeeding"
"Rural.Hadza","16-20",0,"6+","1_Very Close to Most","rarely/never",1,"No","once a day",111,NA,"Succeeding"
"Rural.Hadza","16-20",8,"6+","1_Very Close to Most","several days a week",15,"No","once a day",111,NA,"Succeeding"
"Rural.Hadza","45-54",0,"2","1_Very Close to Most","rarely/never",1,"No","rarely/never",-9.9,"Above 25","Struggling"
"Rural.Hadza","45-54",0,"4","1_Very Close to Most","once a day",30,"No","once a day",102.7,"Above 25","Succeeding"
"Rural.Hadza","45-54",0,"6+","1_Very Close to Most","several days a week",15,"No","once a day",148.3,"Above 25","Succeeding"
"Rural.Hadza","16-20",0,"5","2_Very Close to Some","a few times a month",5,"No","once a day",145.2,NA,"Succeeding"
"Rural.Hadza","25-34",12,"3","1_Very Close to Most","several days a week",15,"No","once a day",165,"Above 25","Succeeding"
"Rural.Hadza","45-54",0,"2","1_Very Close to Most","once a day",30,"No","once a day",137.6,"Above 25","Succeeding"
"Rural.Hadza","65+",0,"1","1_Very Close to Most","rarely/never",1,"No","rarely/never",113.3,"Above 25","Succeeding"
"Rural.Hadza","35-44",0,"6+","1_Very Close to Most","several times a day",45,"No","once a day",136.1,"Above 25","Succeeding"
"Rural.Hadza","21-24",0,"4","1_Very Close to Most","a few times a month",5,"No","once a day",148.3,NA,"Succeeding"
"Rural.Hadza","55-64",0,"2","1_Very Close to Most","rarely/never",1,"No","once a day",106.7,"Above 25","Succeeding"
"Rural.Hadza","65+",0,"5","1_Very Close to Most","several days a week",15,"No","once a day",117.1,"Above 25","Succeeding"
"Rural.Hadza","25-34",8,"4","1_Very Close to Most","several days a week",15,"No","a few times a month",149.8,"Above 25","Succeeding"
"Rural.Hadza","25-34",12,"5","1_Very Close to Most","several days a week",15,"No","once a day",114.8,"Above 25","Succeeding"
"Rural.Hadza","65+",0,"2","1_Very Close to Most","a few times a month",5,"No","once a day",143.7,"Above 25","Succeeding"
"Rural.Hadza","55-64",0,"6+","2_Very Close to Some","rarely/never",1,"No","rarely/never",133.8,"Above 25","Succeeding"
"Rural.Hadza","45-54",0,"6+","1_Very Close to Most","once a day",30,"No","once a day",117.9,"Above 25","Succeeding"
"Rural.Hadza","35-44",12,"3","2_Very Close to Some","several times a day",45,"Yes","once a day",137.6,"Above 25","Succeeding"
"Rural.Hadza","25-34",12,"4","2_Very Close to Some","once a day",30,"Yes","once a day",128.5,"Above 25","Succeeding"
"Rural.Hadza","25-34",12,"5","2_Very Close to Some","rarely/never",1,"No","once a day",117.9,"Above 25","Succeeding"
"Rural.Hadza","21-24",0,"3","2_Very Close to Some","rarely/never",1,"No","once a day",-10.1,NA,"Struggling"
"Rural.Hadza","55-64",0,"6+","2_Very Close to Some","rarely/never",1,"No","once a day",119.4,"Above 25","Succeeding"
"Rural.Hadza","25-34",8,"5","3_Not Close","a few times a month",5,"No","once a day",-21.8,"Above 25","Struggling"
"Rural.Hadza","25-34",12,"6+","1_Very Close to Most","rarely/never",1,"Yes","once a day",119.8,"Above 25","Succeeding"
"Rural.Hadza","55-64",8,"3","1_Very Close to Most","once a day",30,"No","rarely/never",136.1,"Above 25","Succeeding"
"Rural.Hadza","35-44",0,"6+","1_Very Close to Most","several days a week",15,"No","once a day",118.6,"Above 25","Succeeding"
"Rural.Hadza","55-64",0,"4","1_Very Close to Most","several days a week",15,"No","once a day",125.5,"Above 25","Succeeding"
"Rural.Hadza","35-44",0,"6+","2_Very Close to Some","rarely/never",1,"No","once a day",180.2,"Above 25","Succeeding"
"Rural.Hadza","16-20",12,"4","1_Very Close to Most","once a day",30,"No","once a day",147.5,NA,"Succeeding"
"Rural.Hadza","55-64",12,"5","1_Very Close to Most","a few times a month",5,"Yes","rarely/never",133.8,"Above 25","Succeeding"
"Rural.Hadza","25-34",8,"6+","3_Not Close","a few times a month",5,"Yes","once a day",140.7,"Above 25","Succeeding"
"Rural.Hadza","16-20",12,"5","3_Not Close","once a day",30,"No","once a day",117.3,NA,"Succeeding"
"Rural.Hadza","55-64",8,"3","1_Very Close to Most","a few times a month",5,"No","once a day",145.2,"Above 25","Succeeding"
"Rural.Hadza","25-34",12,"3","2_Very Close to Some","several days a week",15,"No","once a day",104.9,"Above 25","Succeeding"
"Rural.Hadza","35-44",0,"6+","1_Very Close to Most","rarely/never",1,"No","once a day",109.7,"Above 25","Succeeding"
"Rural.Hadza","35-44",12,"4","1_Very Close to Most","rarely/never",1,"No","once a day",105.9,"Above 25","Succeeding"
"Rural.Hadza","55-64",0,"1","2_Very Close to Some","several days a week",15,"No","once a day",108.7,"Above 25","Succeeding"
"Rural.Hadza","45-54",12,"2","1_Very Close to Most","several times a day",45,"Yes","once a day",173.6,"Above 25","Succeeding"
"Rural.Hadza","35-44",0,"6+","1_Very Close to Most","rarely/never",1,"No","once a day",129.3,"Above 25","Succeeding"
"Rural.Hadza","55-64",0,"1","4_Dont Get Along","rarely/never",1,"No","once a day",135.4,"Above 25","Succeeding"
"Rural.Hadza","55-64",0,"3","1_Very Close to Most","rarely/never",1,"No","once a day",124.7,"Above 25","Succeeding"
"Rural.Hadza","21-24",12,"4","1_Very Close to Most","rarely/never",1,"Yes","a few times a month",149,"21-25","Succeeding"
"Rural.Hadza","25-34",10,"6+","3_Not Close","several times a day",45,"Yes","once a day",137.6,"Above 25","Succeeding"
"Rural.Hadza","65+",0,"6+","2_Very Close to Some","rarely/never",1,"No","once a day",111.8,"Above 25","Succeeding"
"Rural.Hadza","25-34",16,"4","1_Very Close to Most","several days a week",15,"Yes","once a day",118.8,"Above 25","Succeeding"
"Rural.Hadza","35-44",16,"4","1_Very Close to Most","rarely/never",1,"Yes","several days a week",148.3,"Above 25","Succeeding"
"Rural.Hadza","35-44",16,"4","1_Very Close to Most","rarely/never",1,"Yes","several days a week",148.3,"Above 25","Succeeding"
"Rural.Hadza","25-34",16,"4","1_Very Close to Most","rarely/never",1,"Yes","several days a week",178.7,"Above 25","Succeeding"
"Rural.Hadza","25-34",16,"4","1_Very Close to Most","rarely/never",1,"Yes","several days a week",178.7,"Above 25","Succeeding"
"Rural.Hadza","25-34",12,"3","2_Very Close to Some","a few times a month",5,"No","once a day",140.7,"Above 25","Succeeding"
"Rural.Hadza","16-20",12,"5","1_Very Close to Most","several days a week",15,"No","once a day",125.9,NA,"Succeeding"
"Rural.Hadza","16-20",12,"6+","1_Very Close to Most","several days a week",15,"No","once a day",143.7,NA,"Succeeding"
"Rural.Hadza","21-24",16,"4","1_Very Close to Most","once a day",30,"Yes","rarely/never",137.6,"20","Succeeding"
"Rural.Hadza","21-24",16,"0","6_Prefer Not to Say","rarely/never",1,"Yes","rarely/never",121.7,"17","Succeeding"
"Rural.Hadza","65+",16,"4","1_Very Close to Most","rarely/never",1,"Yes","once a day",134.6,"Above 25","Succeeding"
"Rural.Hadza","35-44",12,"3","1_Very Close to Most","several times a day",45,"Yes","once a day",107.4,"Above 25","Succeeding"
"Rural.Hadza","45-54",12,"6+","1_Very Close to Most","rarely/never",1,"No","once a day",149.8,"Above 25","Succeeding"
"Rural.Hadza","25-34",16,"6+","5_Dont Have Family","a few times a month",5,"Yes","several days a week",111.8,"Above 25","Succeeding"
"Rural.Hadza","16-20",16,"6+","1_Very Close to Most","several days a week",15,"Yes","a few times a month",112.9,NA,"Succeeding"
"Rural.Hadza","25-34",16,"5","2_Very Close to Some","several days a week",15,"Yes","once a day",135.4,"Above 25","Succeeding"
"Rural.Hadza","35-44",16,"6+","1_Very Close to Most","a few times a month",5,"Yes","rarely/never",-24.4,"Above 25","Struggling"
"Rural.Hadza","35-44",12,"1","2_Very Close to Some","several days a week",15,"No","once a day",120.9,"Above 25","Succeeding"
"Rural.Hadza","16-20",16,"5","1_Very Close to Most","rarely/never",1,"No","once a day",110.6,NA,"Succeeding"
"Rural.Hadza","21-24",16,"5","3_Not Close","several days a week",15,"No","once a day",141.4,NA,"Succeeding"
"Rural.Hadza","25-34",16,"2","2_Very Close to Some","several days a week",15,"No","once a day",112.9,"Above 25","Succeeding"
"Rural.Hadza","45-54",16,"6+","1_Very Close to Most","rarely/never",1,"No","once a day",111.8,"Above 25","Succeeding"
"Rural.Hadza","35-44",12,"2","1_Very Close to Most","rarely/never",1,"No","once a day",130,"Above 25","Succeeding"
"Rural.Hadza","25-34",12,"3","1_Very Close to Most","several days a week",15,"No","once a day",152.9,"Above 25","Succeeding"
"Rural.Hadza","45-54",16,"5","1_Very Close to Most","several days a week",15,"Yes","several days a week",-36.5,"Above 25","Struggling"
"Rural.Hadza","21-24",12,"1","2_Very Close to Some","a few times a month",5,"Yes","once a day",133.8,"19","Succeeding"
"Rural.Hadza","35-44",12,"6+","1_Very Close to Most","rarely/never",1,"No","once a day",101.9,"Above 25","Succeeding"
"Rural.Hadza","21-24",16,"6+","1_Very Close to Most","several days a week",15,"Yes","once a day",-26.6,"16","Struggling"
"Rural.Hadza","55-64",8,"4","6_Prefer Not to Say","rarely/never",1,"No","once a day",125.5,"Above 25","Succeeding"
"Rural.Hadza","25-34",12,"1","1_Very Close to Most","several times a day",45,"No","once a day",107.2,"Above 25","Succeeding"
"Rural.Hadza","35-44",16,"4","1_Very Close to Most","rarely/never",1,"Yes","once a day",120.2,"Above 25","Succeeding"
"Rural.Hadza","35-44",16,"6+","1_Very Close to Most","a few times a month",5,"Yes","once a day",-26.1,"Above 25","Struggling"
"Rural.Hadza","35-44",8,"2","1_Very Close to Most","several days a week",15,"No","once a day",133.8,"Above 25","Succeeding"
"Rural.Hadza","21-24",6,"5","2_Very Close to Some","a few times a month",5,"No","rarely/never",-45.8,NA,"Struggling"
"Rural.Hadza","35-44",16,"4","1_Very Close to Most","once a day",30,"No","several days a week",160.5,"Above 25","Succeeding"
"Rural.Hadza","25-34",8,"3","1_Very Close to Most","several days a week",15,"No","a few times a month",128.9,"Above 25","Succeeding"
"Rural.Hadza","25-34",16,"4","1_Very Close to Most","rarely/never",1,"Yes","once a day",193.9,"Above 25","Succeeding"
"Rural.Hadza","25-34",16,"6+","1_Very Close to Most","rarely/never",1,"Yes","once a day",-44.8,"Above 25","Struggling"
"Rural.Hadza","25-34",16,"3","1_Very Close to Most","several times a day",45,"Yes","once a day",109.7,"Above 25","Succeeding"
"Rural.Hadza","21-24",16,"5","1_Very Close to Most","several days a week",15,"Yes","rarely/never",163.5,"17","Succeeding"
"Rural.Hadza","21-24",20,"4","2_Very Close to Some","once a day",30,"No","once a day",-27.5,NA,"Struggling"
"Rural.Hadza","25-34",16,"5","2_Very Close to Some","rarely/never",1,"Yes","rarely/never",111.8,"Above 25","Succeeding"
"Rural.Hadza","21-24",16,"6+","1_Very Close to Most","once a day",30,"Yes","once a day",125.7,"19","Succeeding"
"Rural.Hadza","35-44",16,"5","2_Very Close to Some","once a day",30,"Yes","once a day",154.4,"Above 25","Succeeding"
"Rural.Hadza","16-20",16,"3","1_Very Close to Most","a few times a month",5,"No","once a day",171.9,NA,"Succeeding"
"Rural.Hadza","45-54",8,"1","1_Very Close to Most","rarely/never",1,"No","once a day",146,"Above 25","Succeeding"
"Rural.Hadza","35-44",2,"4","1_Very Close to Most","rarely/never",1,"No","once a day",149.8,"Above 25","Succeeding"
"Rural.Hadza","25-34",2,"6+","1_Very Close to Most","rarely/never",1,"No","once a day",100.8,"Above 25","Succeeding"
"Rural.Hadza","25-34",2,"3","2_Very Close to Some","several times a day",45,"Yes","several days a week",160.5,"Above 25","Succeeding"
"Rural.Hadza","35-44",2,"5","1_Very Close to Most","once a day",30,"No","once a day",146,"Above 25","Succeeding"
"Rural.Hadza","21-24",14,"4","1_Very Close to Most","several times a day",45,"No","once a day",-14.6,NA,"Struggling"
"Rural.Hadza","25-34",8,"5","1_Very Close to Most","rarely/never",1,"No","once a day",178.7,"Above 25","Succeeding"
"Rural.Hadza","65+",2,"6+","1_Very Close to Most","rarely/never",1,"No","rarely/never",-9,"Above 25","Struggling"
"Rural.Hadza","25-34",8,"3","1_Very Close to Most","a few times a month",5,"Yes","rarely/never",138.6,"Above 25","Succeeding"
"Rural.Hadza","25-34",8,"3","2_Very Close to Some","several days a week",15,"No","once a day",159.7,"Above 25","Succeeding"
"Rural.Hadza","25-34",8,"4","1_Very Close to Most","rarely/never",1,"No","rarely/never",153.6,"Above 25","Succeeding"
"Rural.Hadza","35-44",8,"2","1_Very Close to Most","rarely/never",1,"Yes","once a day",135.4,"Above 25","Succeeding"
"Rural.Hadza","25-34",4,"4","2_Very Close to Some","a few times a month",5,"No","once a day",143.7,"Above 25","Succeeding"
"Rural.Hadza","45-54",8,"2","1_Very Close to Most","a few times a month",5,"No","once a day",116,"Above 25","Succeeding"
"Rural.Hadza","25-34",8,"5","1_Very Close to Most","several days a week",15,"No","once a day",115.6,"Above 25","Succeeding"
"Rural.Hadza","55-64",8,"5","1_Very Close to Most","a few times a month",5,"No","once a day",125.5,"Above 25","Succeeding"
"Rural.Hadza","55-64",8,"5","1_Very Close to Most","several days a week",15,"No","once a day",136.9,"Above 25","Succeeding"
"Rural.Hadza","35-44",4,"3","3_Not Close","a few times a month",5,"No","once a day",114.1,"Above 25","Succeeding"
"Rural.Hadza","65+",8,"6+","2_Very Close to Some","rarely/never",1,"No","rarely/never",114.8,"Above 25","Succeeding"
"Rural.Hadza","55-64",8,"6+","4_Dont Get Along","rarely/never",1,"No","once a day",136.9,"Above 25","Succeeding"
"Rural.Hadza","25-34",4,"5","1_Very Close to Most","several days a week",15,"No","once a day",122.4,"Above 25","Succeeding"
"Rural.Hadza","45-54",8,"3","2_Very Close to Some","a few times a month",5,"No","once a day",130,"Above 25","Succeeding"
"Rural.Hadza","35-44",8,"6+","1_Very Close to Most","rarely/never",1,"No","once a day",167.3,"Above 25","Succeeding"
"Rural.Hadza","45-54",8,"6+","1_Very Close to Most","rarely/never",1,"No","rarely/never",137.6,"Above 25","Succeeding"
"Rural.Hadza","25-34",8,"5","1_Very Close to Most","a few times a month",5,"No","once a day",142.2,"Above 25","Succeeding"
"Rural.Hadza","35-44",8,"1","3_Not Close","several times a day",45,"No","rarely/never",-44.4,"Above 25","Struggling"
"Rural.Hadza","25-34",4,"3","2_Very Close to Some","several days a week",15,"No","once a day",131.6,"Above 25","Succeeding"
"Rural.Hadza","55-64",4,"4","3_Not Close","several days a week",15,"No","once a day",124,"Above 25","Succeeding"
"Rural.Hadza","55-64",8,"3","1_Very Close to Most","rarely/never",1,"No","once a day",108.7,"Above 25","Succeeding"
"Rural.Hadza","55-64",8,"3","1_Very Close to Most","rarely/never",1,"No","rarely/never",158.2,"Above 25","Succeeding"
"Rural.Hadza","25-34",8,"4","5_Dont Have Family","rarely/never",1,"No","rarely/never",136.1,"Above 25","Succeeding"
"Rural.Hadza","35-44",8,"5","1_Very Close to Most","once a day",30,"Yes","rarely/never",136.9,"Above 25","Succeeding"
"Rural.Hadza","35-44",8,"4","1_Very Close to Most","a few times a month",5,"No","once a day",150.6,"Above 25","Succeeding"
"Rural.Hadza","45-54",8,"3","1_Very Close to Most",NA,NA,"No","once a day",142.2,"Above 25","Succeeding"
"Rural.Hadza","55-64",8,"5","1_Very Close to Most","a few times a month",5,"No","once a day",130.8,"Above 25","Succeeding"
"Rural.Hadza","45-54",8,"5","2_Very Close to Some","a few times a month",5,"Yes","once a day",128.5,"Above 25","Succeeding"
"Rural.Hadza","35-44",8,"4","1_Very Close to Most","several days a week",15,"No","once a day",118.6,"Above 25","Succeeding"
"Rural.Hadza","45-54",8,"2","1_Very Close to Most","rarely/never",1,"Yes","rarely/never",-5.3,"Above 25","Struggling"
"Rural.Hadza","55-64",8,"1","1_Very Close to Most","several days a week",15,"No","once a day",139.9,"Above 25","Succeeding"
"Rural.Hadza","25-34",16,"2","1_Very Close to Most","several days a week",15,"No","once a day",164.3,"Above 25","Succeeding"
"Rural.Hadza","55-64",8,"5","5_Dont Have Family","rarely/never",1,"No","once a day",143,"Above 25","Succeeding"
"Rural.Hadza","45-54",8,"6+","2_Very Close to Some","once a day",30,"No","once a day",149,"Above 25","Succeeding"
"Rural.Hadza","45-54",8,"6+","1_Very Close to Most","a few times a month",5,"No","once a day",119.6,"Above 25","Succeeding"
"Rural.Hadza","65+",8,"3","1_Very Close to Most","several days a week",15,"Yes","rarely/never",150.6,"Above 25","Succeeding"
"Rural.Hadza","35-44",8,"3","1_Very Close to Most","several days a week",15,"No","once a day",101.5,"Above 25","Succeeding"
"Rural.Hadza","45-54",8,"4","1_Very Close to Most","a few times a month",5,"Yes","rarely/never",122.4,"Above 25","Succeeding"
"Rural.Hadza","21-24",8,"3","5_Dont Have Family","a few times a month",5,"Yes","rarely/never",103.4,"21-25","Succeeding"
"Rural.Hadza","25-34",8,"3","1_Very Close to Most","rarely/never",1,"No","rarely/never",127.8,"Above 25","Succeeding"
"Rural.Hadza","25-34",8,"3","1_Very Close to Most","a few times a month",5,"No","once a day",143.7,"Above 25","Succeeding"
"Rural.Hadza","35-44",16,"4","1_Very Close to Most","several times a day",45,"Yes","a few times a month",101.9,"Above 25","Succeeding"
"Rural.Hadza","35-44",16,"6+","5_Dont Have Family","rarely/never",1,"Yes","several days a week",142.2,"Above 25","Succeeding"
"Rural.Hadza","21-24",8,"2","1_Very Close to Most","several times a day",45,"No","once a day",114.1,NA,"Succeeding"
"Rural.Hadza","35-44",8,"6+","1_Very Close to Most","several days a week",15,"No","once a day",171.3,"Above 25","Succeeding"
"Rural.Hadza","25-34",8,"3","1_Very Close to Most","rarely/never",1,"No","once a day",146,"Above 25","Succeeding"
"Rural.Hadza","21-24",6,"3","1_Very Close to Most","several times a day",45,"No","several days a week",115.6,NA,"Succeeding"
"Rural.Hadza","21-24",6,"3","1_Very Close to Most","several times a day",45,"No","several days a week",115.6,NA,"Succeeding"
"Rural.Hadza","16-20",6,"4","2_Very Close to Some","a few times a month",5,"No","once a day",153.2,NA,"Succeeding"
"Rural.Hadza","25-34",8,"4","1_Very Close to Most","several times a day",45,"No","rarely/never",-86.1,"Above 25","Struggling"
"Rural.Hadza","25-34",8,"4","3_Not Close","rarely/never",1,"No","once a day",101.9,"Above 25","Succeeding"
"Rural.Hadza","55-64",8,"1","1_Very Close to Most","a few times a month",5,"No","several days a week",158.9,"Above 25","Succeeding"
"Rural.Hadza","35-44",8,"5","1_Very Close to Most","rarely/never",1,"No","rarely/never",100.2,"Above 25","Succeeding"
"Rural.Hadza","45-54",8,"6+","2_Very Close to Some","a few times a month",5,"No","once a day",127.8,"Above 25","Succeeding"
"Rural.Hadza","55-64",8,"3","2_Very Close to Some","several days a week",15,"No","once a day",111,"Above 25","Succeeding"
"Rural.Hadza","25-34",12,"4","2_Very Close to Some","rarely/never",1,"No","once a day",-11.8,"Above 25","Struggling"
"Rural.Hadza","45-54",8,"6+","1_Very Close to Most","several days a week",15,"No","once a day",148.3,"Above 25","Succeeding"
"Rural.Hadza","21-24",6,"3","2_Very Close to Some","several times a day",45,"No","once a day",168.1,NA,"Succeeding"
"Rural.Hadza","55-64",6,"6+","1_Very Close to Most","once a day",30,"Yes","once a day",146,"Above 25","Succeeding"
"Rural.Hadza","16-20",6,"5","1_Very Close to Most","a few times a month",5,"No","once a day",-19.1,NA,"Struggling"
"Rural.Hadza","21-24",8,"3","1_Very Close to Most","rarely/never",1,"No","once a day",125.5,NA,"Succeeding"
"Rural.Hadza","25-34",18,"2","1_Very Close to Most","several days a week",15,"Yes","several days a week",141.4,"Above 25","Succeeding"
"Rural.Hadza","45-54",8,"6+","1_Very Close to Most","rarely/never",1,"No","rarely/never",165.2,"Above 25","Succeeding"
"Rural.Hadza","55-64",8,"3","1_Very Close to Most","a few times a month",5,"No","once a day",132.3,"Above 25","Succeeding"
"Rural.Hadza","55-64",8,"4","1_Very Close to Most","rarely/never",1,"No","several days a week",113.3,"Above 25","Succeeding"
"Rural.Hadza","35-44",8,"6+","2_Very Close to Some","several days a week",15,"No","a few times a month",-9.3,"Above 25","Struggling"
"Rural.Hadza","35-44",8,"6+","1_Very Close to Most","once a day",30,"No","once a day",133.8,"Above 25","Succeeding"
"Rural.Hadza","35-44",8,"5","1_Very Close to Most","a few times a month",5,"No","once a day",139.2,"Above 25","Succeeding"
"Rural.Hadza","55-64",12,"4","1_Very Close to Most","a few times a month",5,"Yes","once a day",136.9,"Above 25","Succeeding"
"Rural.Hadza","35-44",8,"5","1_Very Close to Most","several days a week",15,"No","once a day",156.7,"Above 25","Succeeding"
"Rural.Hadza","55-64",6,"4","1_Very Close to Most","rarely/never",1,"No","once a day",134.6,"Above 25","Succeeding"
"Rural.Hadza","45-54",8,"5","1_Very Close to Most","several days a week",15,"No","once a day",102.1,"Above 25","Succeeding"
"Rural.Hadza","16-20",8,"5","1_Very Close to Most","several days a week",15,"Yes","rarely/never",144.5,"Do not Own","Succeeding"
"Rural.Hadza","45-54",8,"0","1_Very Close to Most","rarely/never",1,"No","once a day",133.8,"Above 25","Succeeding"
"Rural.Hadza","16-20",NA,"5","1_Very Close to Most","rarely/never",1,"No","once a day",118.1,NA,"Succeeding"
"Rural.Hadza","45-54",8,"0","2_Very Close to Some","several days a week",15,"No","once a day",-9.2,"Above 25","Struggling"
"Rural.Hadza","45-54",8,"0","2_Very Close to Some","several days a week",15,"No","once a day",-9.2,"Above 25","Struggling"
"Rural.Hadza","35-44",8,"4","1_Very Close to Most","a few times a month",5,"No","once a day",120.9,"Above 25","Succeeding"
"Rural.Hadza","25-34",8,"",NA,NA,NA,NA,NA,138.4,"Above 25","Succeeding"
"Rural.Hadza","25-34",NA,"3","1_Very Close to Most","rarely/never",1,"No","rarely/never",-12.5,"Above 25","Struggling"
"Rural.Hadza","55-64",8,"3","2_Very Close to Some","once a day",30,"No","once a day",158.2,"Above 25","Succeeding"
"Rural.Hadza","65+",6,"6+","1_Very Close to Most","a few times a month",5,"No","once a day",127,"Above 25","Succeeding"
"Rural.Hadza","55-64",8,"4","1_Very Close to Most","a few times a month",5,"Yes","once a day",158.2,"Above 25","Succeeding"
"Rural.Hadza","45-54",8,"5","2_Very Close to Some","a few times a month",5,"No","rarely/never",101.1,"Above 25","Succeeding"
"Rural.Hadza","35-44",8,"6+","1_Very Close to Most","several days a week",15,"No","once a day",107.2,"Above 25","Succeeding"
"Rural.Hadza","25-34",8,"1","2_Very Close to Some","once a day",30,"No","once a day",115.6,"Above 25","Succeeding"
"Rural.Hadza","16-20",8,"5","3_Not Close","a few times a month",5,"No","once a day",101.1,NA,"Succeeding"
"Rural.Hadza","65+",10,"4","1_Very Close to Most","several times a day",45,"Yes","once a day",158.9,"Above 25","Succeeding"
"Rural.Hadza","25-34",8,"3","1_Very Close to Most","several days a week",15,"No","once a day",127,"Above 25","Succeeding"
"Rural.Hadza","16-20",10,"3","1_Very Close to Most","several days a week",15,"No","several days a week",-0.1,NA,"Struggling"
"Rural.Hadza","55-64",8,"4","1_Very Close to Most","several days a week",15,"No","once a day",114.6,"Above 25","Succeeding"
"Rural.Hadza","55-64",8,"3","2_Very Close to Some","once a day",30,"No","several days a week",157.4,"Above 25","Succeeding"
"Rural.Hadza","55-64",8,"3","2_Very Close to Some","once a day",30,"No","several days a week",157.4,"Above 25","Succeeding"
"Rural.Hadza","65+",8,"6+","1_Very Close to Most","a few times a month",5,"No","once a day",130.8,"Above 25","Succeeding"
"Rural.Hadza","35-44",10,"4","3_Not Close","a few times a month",5,"No","once a day",114.1,"Above 25","Succeeding"
"Rural.Hadza","16-20",10,"3","1_Very Close to Most","a few times a month",5,"No","several days a week",-59.6,NA,"Struggling"
"Rural.Hadza","16-20",8,"5","1_Very Close to Most","once a day",30,"No","once a day",153.6,NA,"Succeeding"
"Rural.Hadza","55-64",8,"5","1_Very Close to Most","several times a day",45,"No","rarely/never",108,"Above 25","Succeeding"
"Rural.Hadza","25-34",8,"6+","1_Very Close to Most","rarely/never",1,"No","once a day",114.1,"Above 25","Succeeding"
"Rural.Hadza","35-44",8,"0","2_Very Close to Some","several days a week",15,"No","several days a week",124,"Above 25","Succeeding"
"Rural.Hadza","25-34",8,"0","4_Dont Get Along","rarely/never",1,"No","once a day",146.8,"Above 25","Succeeding"
"Rural.Hadza","45-54",8,"2","2_Very Close to Some","a few times a month",5,"No","rarely/never",-2.7,"Above 25","Struggling"
"Rural.Hadza","16-20",8,"4","2_Very Close to Some","several times a day",45,"Yes","once a day",108,"13","Succeeding"
"Rural.Hadza","16-20",8,"4","2_Very Close to Some","several times a day",45,"Yes","once a day",108,"13","Succeeding"
"Rural.Hadza","35-44",8,"6+","1_Very Close to Most","a few times a month",5,"No","once a day",143,"Above 25","Succeeding"
"Rural.Hadza","55-64",8,"5","1_Very Close to Most","once a day",30,"No","once a day",130.8,"Above 25","Succeeding"
"Rural.Hadza","25-34",8,"4","1_Very Close to Most","rarely/never",1,"No","once a day",101.3,"Above 25","Succeeding"
"Rural.Hadza","25-34",8,"5","1_Very Close to Most","several times a day",45,"No","once a day",111.8,"Above 25","Succeeding"
"Rural.Hadza","16-20",8,"3","1_Very Close to Most","rarely/never",1,"No","several days a week",-49.3,NA,"Struggling"
"Rural.Hadza","25-34",8,"6+","1_Very Close to Most","rarely/never",1,"No","once a day",140.7,"Above 25","Succeeding"
"Rural.Hadza","45-54",8,"1","1_Very Close to Most","rarely/never",1,"Yes","rarely/never",149,"Above 25","Succeeding"
"Rural.Hadza","35-44",10,"4","1_Very Close to Most","a few times a month",5,"Yes","several days a week",158.9,"Above 25","Succeeding"
"Rural.Hadza","25-34",10,"3","1_Very Close to Most","several times a day",45,"No","several days a week",146,"Above 25","Succeeding"
"Rural.Hadza","45-54",8,"5","1_Very Close to Most","several days a week",15,"Yes","several days a week",179.5,"Above 25","Succeeding"
"Rural.Hadza","16-20",10,"5","2_Very Close to Some","a few times a month",5,"No","rarely/never",102.7,NA,"Succeeding"
"Rural.Hadza","45-54",8,"4","2_Very Close to Some","a few times a month",5,"No","once a day",101.1,"Above 25","Succeeding"
"Rural.Hadza","16-20",8,"3","1_Very Close to Most","a few times a month",5,"No","rarely/never",-34.1,NA,"Struggling"
"Rural.Hadza","16-20",10,"6+","1_Very Close to Most","several times a day",45,"No","once a day",139.9,NA,"Succeeding"
"Rural.Hadza","21-24",10,"0","2_Very Close to Some","rarely/never",1,"Yes","once a day",120.9,"16","Succeeding"
"Rural.Hadza","35-44",8,"4","3_Not Close","rarely/never",1,"No","once a day",133.1,"Above 25","Succeeding"
"Rural.Hadza","25-34",12,"4","6_Prefer Not to Say","rarely/never",1,"Yes","rarely/never",-4.7,"Above 25","Struggling"
"Rural.Hadza","45-54",8,"6+","1_Very Close to Most","rarely/never",1,"No","once a day",108.7,"Above 25","Succeeding"
"Rural.Hadza","45-54",8,"2","1_Very Close to Most","several times a day",45,"No","once a day",121.7,"Above 25","Succeeding"
"Rural.Hadza","65+",6,"1","6_Prefer Not to Say","rarely/never",1,"No","once a day",-50.8,"Above 25","Struggling"
"Rural.Hadza","35-44",8,"2","2_Very Close to Some","once a day",30,"Yes","once a day",150.6,"Above 25","Succeeding"
"Rural.Hadza","35-44",8,"6+","1_Very Close to Most","rarely/never",1,"No","once a day",110.5,"Above 25","Succeeding"
"Rural.Hadza","16-20",8,"5","1_Very Close to Most","several days a week",15,"Yes","once a day",139.2,"21-25","Succeeding"
"Rural.Hadza","35-44",8,"6+","1_Very Close to Most","a few times a month",5,"No","once a day",134.6,"Above 25","Succeeding"
"Rural.Hadza","45-54",8,"6+","1_Very Close to Most","a few times a month",5,"No","rarely/never",116.3,"Above 25","Succeeding"
"Rural.Hadza","35-44",8,"4","3_Not Close",NA,NA,"No","once a day",-14.5,"Above 25","Struggling"
"Rural.Hadza","25-34",8,"5","2_Very Close to Some","several times a day",45,"No","once a day",146,"Above 25","Succeeding"
"Rural.Hadza","45-54",12,"3","1_Very Close to Most","a few times a month",5,"Yes","rarely/never",110.3,"Above 25","Succeeding"
"Rural.Hadza","45-54",8,"6+","1_Very Close to Most","a few times a month",5,"No","rarely/never",157.4,"Above 25","Succeeding"
"Rural.Hadza","45-54",8,"1","1_Very Close to Most","rarely/never",1,"No","once a day",108.7,"Above 25","Succeeding"
"Rural.Hadza","55-64",8,"1","1_Very Close to Most","rarely/never",1,"No","once a day",146,"Above 25","Succeeding"
"Rural.Hadza","25-34",8,"4","2_Very Close to Some","rarely/never",1,"No","once a day",125.5,"Above 25","Succeeding"
"Rural.Hadza","35-44",6,"1","1_Very Close to Most","several days a week",15,"No","once a day",137.3,"Above 25","Succeeding"
"Rural.Hadza","35-44",2,"5","1_Very Close to Most","several days a week",15,"No","once a day",127,"Above 25","Succeeding"
"Rural.Hadza","45-54",8,"2","2_Very Close to Some","rarely/never",1,"No","once a day",118.6,"Above 25","Succeeding"
"Rural.Hadza","35-44",8,"4","1_Very Close to Most","a few times a month",5,"No","several days a week",152.1,"Above 25","Succeeding"
"Rural.Hadza","21-24",16,"2","1_Very Close to Most","rarely/never",1,"Yes","several days a week",-4.9,"15","Struggling"
"Rural.Hadza","35-44",8,"6+","1_Very Close to Most","several times a day",45,"No","once a day",-4.5,"Above 25","Struggling"
"Rural.Hadza","25-34",6,"3","1_Very Close to Most","several days a week",15,"No","once a day",136.3,"Above 25","Succeeding"
"Rural.Hadza","45-54",8,"1","1_Very Close to Most","a few times a month",5,"No","rarely/never",101.9,"Above 25","Succeeding"
"Rural.Hadza","25-34",8,"5","3_Not Close","several times a day",45,"No","once a day",145.2,"Above 25","Succeeding"
"Rural.Hadza","35-44",2,"5","1_Very Close to Most","several days a week",15,"No","once a day",146.8,"Above 25","Succeeding"
"Rural.Hadza","25-34",2,"4","1_Very Close to Most","rarely/never",1,"No","once a day",124.7,"Above 25","Succeeding"
"Rural.Hadza","25-34",8,"4","3_Not Close","several days a week",15,"Yes","once a day",133.1,"Above 25","Succeeding"
"Rural.Hadza","25-34",8,"3","1_Very Close to Most","a few times a month",5,"Yes","a few times a month",168.8,"Above 25","Succeeding"
"Rural.Hadza","35-44",8,"3","2_Very Close to Some","a few times a month",5,"No","rarely/never",111,"Above 25","Succeeding"
"Rural.Hadza","45-54",8,"6+","1_Very Close to Most","rarely/never",1,"No","rarely/never",158.9,"Above 25","Succeeding"
"Rural.Hadza","55-64",8,"6+","1_Very Close to Most","several days a week",15,"No","once a day",158.2,"Above 25","Succeeding"
"Rural.Hadza","55-64",8,"3","1_Very Close to Most","a few times a month",5,"Yes","once a day",140.7,"Above 25","Succeeding"
"Rural.Hadza","21-24",14,"4","1_Very Close to Most","a few times a month",5,"Yes","once a day",-98.7,"15","Struggling"
"Rural.Hadza","25-34",14,"2","2_Very Close to Some","several times a day",45,"Yes","once a day",124.7,"Above 25","Succeeding"
"Rural.Hadza","21-24",12,"0","2_Very Close to Some","several days a week",15,"Yes","once a day",104.9,"≤10","Succeeding"
"Rural.Hadza","21-24",12,"4","1_Very Close to Most","several times a day",45,"No","once a day",140.7,NA,"Succeeding"
"Rural.Hadza","45-54",8,"2","1_Very Close to Most","several days a week",15,"No","once a day",123.2,"Above 25","Succeeding"
"Rural.Hadza","21-24",8,"5","1_Very Close to Most","a few times a month",5,"No","rarely/never",125.5,NA,"Succeeding"
"Rural.Hadza","55-64",8,"5","1_Very Close to Most","several days a week",15,"No","once a day",115.6,"Above 25","Succeeding"
"Rural.Hadza","35-44",8,"6+","1_Very Close to Most","a few times a month",5,"No","once a day",149,"Above 25","Succeeding"
"Rural.Hadza","21-24",4,"0","5_Dont Have Family","once a day",30,"Yes","once a day",-14,NA,"Struggling"
"Rural.Hadza","35-44",8,"6+","1_Very Close to Most","several times a day",45,"No","once a day",129.3,"Above 25","Succeeding"
"Rural.Hadza","45-54",8,"3","1_Very Close to Most","once a day",30,"No","once a day",158.4,"Above 25","Succeeding"
"Rural.Hadza","25-34",14,"0","2_Very Close to Some","rarely/never",1,"Yes","once a day",-69.7,"Above 25","Struggling"
"Rural.Hadza","65+",8,"0","1_Very Close to Most","rarely/never",1,"No","once a day",-0.7,"Above 25","Struggling"
"Rural.Hadza","55-64",8,"4","1_Very Close to Most","several days a week",15,"No","once a day",158.9,"Above 25","Succeeding"
"Rural.Hadza","35-44",8,"4","1_Very Close to Most","a few times a month",5,"No","once a day",118.6,"Above 25","Succeeding"
"Rural.Hadza","45-54",8,"6+","1_Very Close to Most","several days a week",15,"No","once a day",136.9,"Above 25","Succeeding"
"Rural.Hadza","55-64",4,"2","1_Very Close to Most","rarely/never",1,"No","once a day",112.9,"Above 25","Succeeding"
"Rural.Hadza","25-34",14,"6+","1_Very Close to Most","rarely/never",1,"Yes","once a day",171.1,"Above 25","Succeeding"
"Rural.Hadza","45-54",8,"2","2_Very Close to Some","rarely/never",1,"No","rarely/never",119,"Above 25","Succeeding"
"Rural.Hadza","35-44",8,"4","1_Very Close to Most","once a day",30,"Yes","once a day",135.4,"Above 25","Succeeding"
"Rural.Hadza","35-44",8,"3","1_Very Close to Most","a few times a month",5,"No","once a day",-13.5,"Above 25","Struggling"
"Rural.Hadza","25-34",14,"1","1_Very Close to Most","rarely/never",1,"No","once a day",130,"Above 25","Succeeding"
"Rural.Hadza","45-54",8,"4","1_Very Close to Most","once a day",30,"No","once a day",137.6,"Above 25","Succeeding"
"Rural.Hadza","65+",4,"5","2_Very Close to Some","several days a week",15,"No","once a day",139.9,"Above 25","Succeeding"
"Rural.Hadza","25-34",14,"2","2_Very Close to Some","rarely/never",1,"Yes","once a day",-54.7,"Above 25","Struggling"
"Rural.Hadza","45-54",8,"5","1_Very Close to Most","rarely/never",1,"No","once a day",148.3,"Above 25","Succeeding"
"Rural.Hadza","25-34",8,"5","1_Very Close to Most","rarely/never",1,"No","several days a week",153.6,"Above 25","Succeeding"
"Rural.Hadza","25-34",8,"5","1_Very Close to Most","rarely/never",1,"No","several days a week",153.6,"Above 25","Succeeding"
"Rural.Hadza","25-34",8,"5","1_Very Close to Most","rarely/never",1,"No","several days a week",153.6,"Above 25","Succeeding"
"Rural.Hadza","55-64",8,"1","1_Very Close to Most","a few times a month",5,"No","once a day",149.8,"Above 25","Succeeding"
"Rural.Hadza","25-34",14,"3","6_Prefer Not to Say","rarely/never",1,"No","a few times a month",172.6,"Above 25","Succeeding"
"Rural.Hadza","25-34",8,"5","4_Dont Get Along","several times a day",45,"Yes","rarely/never",-59.7,"Above 25","Struggling"
"Rural.Hadza","35-44",8,"6+","1_Very Close to Most","several days a week",15,"Yes","once a day",114.8,"Above 25","Succeeding"
"Rural.Hadza","25-34",8,"4","1_Very Close to Most","a few times a month",5,"No","once a day",133.8,"Above 25","Succeeding"
"Rural.Hadza","65+",8,"6+","1_Very Close to Most","a few times a month",5,"No","once a day",103.4,"Above 25","Succeeding"
"Rural.Hadza","55-64",8,"3","1_Very Close to Most","several days a week",15,"No","once a day",111,"Above 25","Succeeding"
"Rural.Hadza","35-44",8,"6+","1_Very Close to Most","rarely/never",1,"No","rarely/never",151.3,"Above 25","Succeeding"
"Rural.Hadza","45-54",8,"1","1_Very Close to Most","rarely/never",1,"No","once a day",149.8,"Above 25","Succeeding"
"Rural.Hadza","35-44",8,"1","2_Very Close to Some","several days a week",15,"No","once a day",139.9,"Above 25","Succeeding"
"Rural.Hadza","16-20",12,"6+","1_Very Close to Most","several days a week",15,"No","once a day",146.8,NA,"Succeeding"
"Rural.Hadza","25-34",8,"4","2_Very Close to Some","rarely/never",1,"No","once a day",109.5,"Above 25","Succeeding"
"Rural.Hadza","45-54",8,"0","4_Dont Get Along","several times a day",45,"No","once a day",111.8,"Above 25","Succeeding"
"Rural.Hadza","25-34",14,"3","1_Very Close to Most","several days a week",15,"Yes","once a day",145.4,"Above 25","Succeeding"
"Rural.Hadza","55-64",8,"6+","4_Dont Get Along","rarely/never",1,"No","once a day",113.3,"Above 25","Succeeding"
"Rural.Hadza","35-44",8,"5","1_Very Close to Most","a few times a month",5,"No","rarely/never",102.7,"Above 25","Succeeding"
"Rural.Hadza","25-34",10,"4","2_Very Close to Some","several days a week",15,"No","once a day",-1.1,"Above 25","Struggling"
"Rural.Hadza","55-64",8,"4","1_Very Close to Most","several days a week",15,"No","once a day",143.7,"Above 25","Succeeding"
"Rural.Hadza","55-64",8,"4","1_Very Close to Most","several days a week",15,"No","once a day",143.7,"Above 25","Succeeding"
"Rural.Hadza","35-44",8,"3","1_Very Close to Most","rarely/never",1,"No","once a day",120.9,"Above 25","Succeeding"
"Rural.Hadza","25-34",8,"1","1_Very Close to Most","several days a week",15,"No","once a day",136.9,"Above 25","Succeeding"
"Rural.Hadza","55-64",8,"5","1_Very Close to Most","a few times a month",5,"Yes","several days a week",159.7,"Above 25","Succeeding"
"Rural.Hadza","35-44",8,"4","1_Very Close to Most","several times a day",45,"Yes","once a day",152.1,"Above 25","Succeeding"
"Rural.Hadza","21-24",12,"4","2_Very Close to Some","several days a week",15,"No","once a day",148.3,NA,"Succeeding"
"Rural.Hadza","25-34",8,"4","5_Dont Have Family","rarely/never",1,"No","once a day",133.8,"Above 25","Succeeding"
"Rural.Hadza","16-20",12,"4","1_Very Close to Most","a few times a month",5,"No","once a day",114.3,NA,"Succeeding"
"Rural.Hadza","25-34",12,"6+","1_Very Close to Most","a few times a month",5,"No","once a day",145.2,"Above 25","Succeeding"
"Rural.Hadza","65+",8,"6+","3_Not Close","several days a week",15,"No","once a day",168.8,"Above 25","Succeeding"
"Rural.Hadza","21-24",10,"6+","1_Very Close to Most","rarely/never",1,"Yes","once a day",174.9,"20","Succeeding"
"Rural.Hadza","25-34",6,"6+","1_Very Close to Most","rarely/never",1,"No","once a day",109.1,"Above 25","Succeeding"
"Rural.Hadza","45-54",8,"6+","1_Very Close to Most","several days a week",15,"No","once a day",127.8,"Above 25","Succeeding"
"Rural.Hadza","35-44",8,"3","5_Dont Have Family","several times a day",45,"Yes","once a day",151.7,"Above 25","Succeeding"
"Rural.Hadza","45-54",8,"4","1_Very Close to Most","several times a day",45,"No","once a day",143,"Above 25","Succeeding"
"Rural.Hadza","35-44",8,"3","1_Very Close to Most","a few times a month",5,"No","once a day",130,"Above 25","Succeeding"
"Rural.Hadza","35-44",8,"3","1_Very Close to Most","a few times a month",5,"No","once a day",160.5,"Above 25","Succeeding"
"Rural.Hadza","21-24",8,"3","1_Very Close to Most","a few times a month",5,"Yes","once a day",-20.1,"21-25","Struggling"
"Rural.Hadza","21-24",12,"3","3_Not Close","several days a week",15,"Yes","once a day",128.5,"≤10","Succeeding"
"Rural.Hadza","55-64",8,"6+","2_Very Close to Some","a few times a month",5,"No","once a day",118.6,"Above 25","Succeeding"
"Rural.Hadza","25-34",8,"3","1_Very Close to Most","several times a day",45,"Yes","once a day",173.4,"Above 25","Succeeding"
"Rural.Hadza","45-54",8,"5","3_Not Close","rarely/never",1,"Yes","once a day",144.5,"Above 25","Succeeding"
"Rural.Hadza","35-44",8,"2","3_Not Close","rarely/never",1,"No","once a day",-32.8,"Above 25","Struggling"
"Rural.Hadza","45-54",8,"6+","1_Very Close to Most","rarely/never",1,"Yes","once a day",111,"Above 25","Succeeding"
"Rural.Hadza","55-64",8,"6+","1_Very Close to Most","rarely/never",1,"No","once a day",176.4,"Above 25","Succeeding"
"Rural.Hadza","35-44",8,"3","2_Very Close to Some","rarely/never",1,"Yes","once a day",-25.2,"Above 25","Struggling"
"Rural.Hadza","45-54",8,"4","1_Very Close to Most","a few times a month",5,"No","once a day",113.3,"Above 25","Succeeding"
"Rural.Hadza","25-34",12,"3","1_Very Close to Most","a few times a month",5,"No","several days a week",149.8,"Above 25","Succeeding"
"Rural.Hadza","55-64",8,"2","1_Very Close to Most","a few times a month",5,"Yes","several days a week",131.6,"Above 25","Succeeding"
"Rural.Hadza","16-20",8,"6+","1_Very Close to Most","rarely/never",1,"No","once a day",162,NA,"Succeeding"
"Rural.Hadza","21-24",12,"4","1_Very Close to Most","once a day",30,"No","rarely/never",148.3,NA,"Succeeding"
"Rural.Hadza","45-54",8,"5","1_Very Close to Most","once a day",30,"No","once a day",140.9,"Above 25","Succeeding"
"Rural.Hadza","45-54",8,"4","1_Very Close to Most","a few times a month",5,"No","once a day",143.7,"Above 25","Succeeding"
"Rural.Hadza","55-64",8,"5","2_Very Close to Some","a few times a month",5,"No","once a day",158.9,"Above 25","Succeeding"
"Rural.Hadza","65+",8,"4","1_Very Close to Most","a few times a month",5,"No","rarely/never",-12.3,"Above 25","Struggling"
"Rural.Hadza","55-64",12,"4","1_Very Close to Most","once a day",30,"No","rarely/never",165.8,"Above 25","Succeeding"
"Rural.Hadza","21-24",12,"2","1_Very Close to Most","several times a day",45,"Yes","once a day",120.9,"15","Succeeding"
"Rural.Hadza","25-34",12,"6+","1_Very Close to Most","several times a day",45,"No","rarely/never",156.7,"Above 25","Succeeding"
"Rural.Hadza","25-34",8,"2","5_Dont Have Family","rarely/never",1,"No","once a day",112.5,"Above 25","Succeeding"
"Rural.Hadza","16-20",12,"5","5_Dont Have Family","rarely/never",1,"No","rarely/never",144.5,NA,"Succeeding"
"Rural.Hadza","25-34",6,"4","2_Very Close to Some","several days a week",15,"No","once a day",-10.5,"Above 25","Struggling"
"Rural.Hadza","25-34",6,"4","2_Very Close to Some","several days a week",15,"No","once a day",-10.5,"Above 25","Struggling"
"Rural.Hadza","35-44",8,"4","1_Very Close to Most","several days a week",15,"No","once a day",110.3,"Above 25","Succeeding"
"Rural.Hadza","16-20",8,"4","1_Very Close to Most","several times a day",45,"No","once a day",130.8,NA,"Succeeding"
"Rural.Hadza","25-34",8,"6+","2_Very Close to Some","a few times a month",5,"No","once a day",134.6,"Above 25","Succeeding"
"Rural.Hadza","25-34",8,"3","1_Very Close to Most","a few times a month",5,"No","once a day",-11,"Above 25","Struggling"
"Rural.Hadza","35-44",8,"5","1_Very Close to Most","rarely/never",1,"No","rarely/never",109.5,"Above 25","Succeeding"
"Rural.Hadza","25-34",10,"4","2_Very Close to Some","several days a week",15,"No","once a day",123.2,"Above 25","Succeeding"
"Rural.Hadza","16-20",10,"2","2_Very Close to Some","rarely/never",1,"No","once a day",112.5,"Do not Own","Succeeding"
"Rural.Hadza","16-20",12,"3","1_Very Close to Most","several days a week",15,"Yes","once a day",158.2,"15","Succeeding"
"Rural.Hadza","25-34",12,"4","3_Not Close","a few times a month",5,"No","once a day",120.9,"Above 25","Succeeding"
"Rural.Hadza","21-24",10,"1","1_Very Close to Most","several times a day",45,"Yes","once a day",162.7,"18","Succeeding"
"Rural.Hadza","21-24",14,"2","1_Very Close to Most","a few times a month",5,"No","rarely/never",148.3,NA,"Succeeding"
"Rural.Hadza","21-24",12,"3","2_Very Close to Some","rarely/never",1,"No","once a day",130.8,NA,"Succeeding"
"Rural.Hadza","16-20",10,"5","1_Very Close to Most","a few times a month",5,"No","rarely/never",-29.9,NA,"Struggling"
"Rural.Hadza","16-20",10,"5","1_Very Close to Most","a few times a month",5,"No","rarely/never",-29.9,NA,"Struggling"
"Rural.Hadza","55-64",12,"4","2_Very Close to Some","rarely/never",1,"No","once a day",117.9,"Above 25","Succeeding"
"Rural.Hadza","21-24",10,"5","6_Prefer Not to Say","rarely/never",1,"Yes","several days a week",-8.4,"21-25","Struggling"
"Rural.Hadza","16-20",10,"3","5_Dont Have Family","rarely/never",1,"No","rarely/never",106.5,NA,"Succeeding"
"Rural.Hadza","16-20",14,"6+","2_Very Close to Some","several times a day",45,"No","once a day",135,NA,"Succeeding"
"Rural.Hadza","16-20",12,"5","1_Very Close to Most","a few times a month",5,"No","once a day",187.1,NA,"Succeeding"
"Rural.Hadza","16-20",12,"4","1_Very Close to Most","a few times a month",5,"No","once a day",132.3,NA,"Succeeding"
"Rural.Hadza","25-34",10,"3","1_Very Close to Most","a few times a month",5,"No","rarely/never",150.6,"Above 25","Succeeding"
"Rural.Hadza","55-64",2,"3","3_Not Close","several days a week",15,NA,"once a day",124.1,"Above 25","Succeeding"
"Rural.Hadza","35-44",6,"6+","2_Very Close to Some","a few times a month",5,"No","once a day",136.9,"Above 25","Succeeding"
"Rural.Hadza","25-34",12,"4","1_Very Close to Most","several days a week",15,"No","once a day",102.7,"Above 25","Succeeding"
"Rural.Hadza","25-34",2,"6+","1_Very Close to Most","rarely/never",1,"No","once a day",139.9,"Above 25","Succeeding"
"Rural.Hadza","16-20",12,"3","1_Very Close to Most","several days a week",15,"Yes","once a day",126.6,"18","Succeeding"
"Rural.Hadza","25-34",10,"5","3_Not Close","a few times a month",5,"Yes","once a day",148.3,"Above 25","Succeeding"
"Rural.Hadza","21-24",10,"2","2_Very Close to Some","a few times a month",5,"Yes","a few times a month",104.2,NA,"Succeeding"
"Rural.Hadza","65+",12,"2","2_Very Close to Some","rarely/never",1,"Yes","several days a week",139.2,"Above 25","Succeeding"
"Rural.Hadza","25-34",10,"4","1_Very Close to Most","once a day",30,"Yes","several days a week",127.9,"Above 25","Succeeding"
"Rural.Hadza","16-20",10,"2","5_Dont Have Family","rarely/never",1,"No","once a day",-6.5,NA,"Struggling"
"Rural.Hadza","25-34",12,"2","2_Very Close to Some","several days a week",15,"Yes","once a day",147.5,"Above 25","Succeeding"
"Rural.Hadza","21-24",12,"3","1_Very Close to Most","rarely/never",1,"No","rarely/never",155.1,NA,"Succeeding"
"Rural.Hadza","35-44",10,"4","1_Very Close to Most","rarely/never",1,"No","once a day",-11.6,"Above 25","Struggling"
"Rural.Hadza","35-44",10,"2","1_Very Close to Most","several days a week",15,"No","once a day",-93.7,"Above 25","Struggling"
"Rural.Hadza","35-44",12,"4","2_Very Close to Some","several times a day",45,"No","once a day",105.7,"Above 25","Succeeding"
"Rural.Hadza","55-64",12,"6+","1_Very Close to Most","rarely/never",1,"No","once a day",-55.1,"Above 25","Struggling"
"Rural.Hadza","16-20",10,"2","2_Very Close to Some","once a day",30,"No","once a day",116.3,"Do not Own","Succeeding"
"Rural.Hadza","25-34",12,"2","1_Very Close to Most","several times a day",45,"Yes","once a day",152.9,"Above 25","Succeeding"
"Rural.Hadza","35-44",10,"5","2_Very Close to Some","a few times a month",5,"No","once a day",127,"Above 25","Succeeding"
"Rural.Hadza","16-20",10,"5","2_Very Close to Some","a few times a month",5,"Yes","once a day",121.7,"14","Succeeding"
"Rural.Hadza","65+",14,"6+","1_Very Close to Most","a few times a month",5,"No","rarely/never",162,"Above 25","Succeeding"
"Rural.Hadza","25-34",14,"6+","1_Very Close to Most","several days a week",15,"Yes","once a day",136.5,"Above 25","Succeeding"
"Rural.Hadza","55-64",6,"3","1_Very Close to Most","several days a week",15,"No","several days a week",134.6,"Above 25","Succeeding"
"Rural.Hadza","21-24",12,"4","2_Very Close to Some","several days a week",15,"Yes","a few times a month",114.8,"16","Succeeding"
"Rural.Hadza","25-34",12,"5","3_Not Close","several times a day",45,"No","once a day",-5.1,"Above 25","Struggling"
"Rural.Hadza","25-34",14,"5","1_Very Close to Most","once a day",30,"Yes","once a day",143,"Above 25","Succeeding"
"Rural.Hadza","25-34",6,"1","1_Very Close to Most","several times a day",45,"Yes","once a day",121.3,"Above 25","Succeeding"
"Rural.Hadza","45-54",2,"6+","1_Very Close to Most","a few times a month",5,"No","once a day",135,"Above 25","Succeeding"
"Rural.Hadza","35-44",6,"5","1_Very Close to Most","a few times a month",5,"No","once a day",139.5,"Above 25","Succeeding"
"Rural.Hadza","21-24",14,"4","1_Very Close to Most","rarely/never",1,"Yes","once a day",143,"≤10","Succeeding"
"Rural.Hadza","55-64",12,"6+","2_Very Close to Some","several days a week",15,"No","rarely/never",131.6,"Above 25","Succeeding"
"Rural.Hadza","35-44",12,"5","1_Very Close to Most","rarely/never",1,"No","once a day",144.5,"Above 25","Succeeding"
"Rural.Hadza","25-34",12,"5","2_Very Close to Some","several days a week",15,"No","once a day",126.4,"Above 25","Succeeding"
"Rural.Hadza","25-34",14,"6+","3_Not Close","a few times a month",5,"Yes","once a day",165.8,"Above 25","Succeeding"
"Rural.Hadza","25-34",12,"4","6_Prefer Not to Say","rarely/never",1,"Yes","rarely/never",127.9,"Above 25","Succeeding"
"Rural.Hadza","21-24",14,"6+","1_Very Close to Most","several times a day",45,"Yes","rarely/never",175.7,"≤10","Succeeding"
"Rural.Hadza","25-34",20,"0","2_Very Close to Some","several days a week",15,"Yes","once a day",123.6,"Above 25","Succeeding"
"Rural.Hadza","25-34",14,"3","2_Very Close to Some","several days a week",15,"No","once a day",147.5,"Above 25","Succeeding"
"Rural.Hadza","65+",20,"4","2_Very Close to Some","rarely/never",1,"No","rarely/never",160.5,"Above 25","Succeeding"
"Rural.Hadza","35-44",6,"5","2_Very Close to Some","a few times a month",5,"No","once a day",140.7,"Above 25","Succeeding"
"Rural.Hadza","35-44",16,"6+","1_Very Close to Most","several times a day",45,"Yes","once a day",131.6,"Above 25","Succeeding"
"Rural.Hadza","55-64",2,"4","2_Very Close to Some","several times a day",45,"No","once a day",-3.5,"Above 25","Struggling"
"Rural.Hadza","21-24",2,"3","1_Very Close to Most","several times a day",45,"Yes","once a day",139.9,"≤10","Succeeding"
"Rural.Hadza","65+",2,"4","1_Very Close to Most","several times a day",45,"No","once a day",126.2,"Above 25","Succeeding"
"Rural.Hadza","65+",4,"6+","1_Very Close to Most","rarely/never",1,"No","once a day",116.3,"Above 25","Succeeding"
"Rural.Hadza","16-20",6,"3","1_Very Close to Most","once a day",30,"No","rarely/never",133.8,NA,"Succeeding"
"Rural.Hadza","35-44",2,"3","4_Dont Get Along","a few times a month",5,"No","once a day",111.8,"Above 25","Succeeding"
"Rural.Hadza","16-20",14,"5","1_Very Close to Most","a few times a month",5,"Yes","once a day",-10.6,"19","Struggling"
"Rural.Hadza","25-34",14,"6+","1_Very Close to Most","a few times a month",5,"No","several days a week",148.3,"Above 25","Succeeding"
"Rural.Hadza","21-24",14,"6+","1_Very Close to Most","a few times a month",5,"Yes","once a day",119,NA,"Succeeding"
"Rural.Hadza","55-64",14,"6+","1_Very Close to Most","rarely/never",1,"No","once a day",149,"Above 25","Succeeding"
"Rural.Hadza","25-34",14,"4","1_Very Close to Most","several times a day",45,"Yes","once a day",152.1,"Above 25","Succeeding"
"Rural.Hadza","21-24",14,"2","1_Very Close to Most","several days a week",15,"No","once a day",148.3,NA,"Succeeding"
"Rural.Hadza","45-54",16,"6+","1_Very Close to Most","several days a week",15,"No","once a day",131.6,"Above 25","Succeeding"
"Rural.Hadza","35-44",6,"3","1_Very Close to Most","several days a week",15,"No","once a day",126.2,"Above 25","Succeeding"
"Rural.Hadza","25-34",12,"4","1_Very Close to Most","once a day",30,"Yes","once a day",146.8,"Above 25","Succeeding"
"Rural.Hadza","35-44",12,"6+","1_Very Close to Most","several days a week",15,"Yes","rarely/never",109.5,"Above 25","Succeeding"
"Rural.Hadza","35-44",16,"6+","1_Very Close to Most","rarely/never",1,"Yes","several days a week",172.6,"Above 25","Succeeding"
"Rural.Hadza","55-64",4,"1","2_Very Close to Some","several days a week",15,"No","once a day",130,"Above 25","Succeeding"
"Rural.Hadza","16-20",12,"4","6_Prefer Not to Say","once a day",30,"Yes","once a day",-29.9,"≤10","Struggling"
"Rural.Hadza","21-24",12,"6+","1_Very Close to Most","a few times a month",5,"No","rarely/never",-13.3,NA,"Struggling"
"Rural.Hadza","65+",4,"1","1_Very Close to Most","rarely/never",1,"No","rarely/never",130,"Above 25","Succeeding"
"Rural.Hadza","65+",4,"1","1_Very Close to Most","rarely/never",1,"No","rarely/never",130,"Above 25","Succeeding"
"Rural.Hadza","65+",4,"1","1_Very Close to Most","rarely/never",1,"No","rarely/never",130,"Above 25","Succeeding"
"Rural.Hadza","65+",4,"1","1_Very Close to Most","rarely/never",1,"No","rarely/never",130,"Above 25","Succeeding"
"Rural.Hadza","45-54",18,"2","1_Very Close to Most","several days a week",15,"No","once a day",137.6,"Above 25","Succeeding"
"Rural.Hadza","25-34",14,"2","6_Prefer Not to Say","a few times a month",5,"No","once a day",100.4,"Above 25","Succeeding"
"Rural.Hadza","25-34",14,"3","1_Very Close to Most","several days a week",15,"No","once a day",140.7,"Above 25","Succeeding"
"Rural.Hadza","45-54",4,"3","2_Very Close to Some","a few times a month",5,"No","once a day",127,"Above 25","Succeeding"
"Rural.Hadza","25-34",4,"5","5_Dont Have Family","a few times a month",5,"No","rarely/never",114.8,"Above 25","Succeeding"
"Rural.Hadza","35-44",4,"5","1_Very Close to Most","rarely/never",1,"No","rarely/never",127.2,"Above 25","Succeeding"
"Rural.Hadza","25-34",14,"6+","1_Very Close to Most","rarely/never",1,"Yes","once a day",118.6,"Above 25","Succeeding"
"Rural.Hadza","21-24",6,"3","1_Very Close to Most","once a day",30,"No","once a day",162.7,NA,"Succeeding"
"Rural.Hadza","21-24",12,"4","2_Very Close to Some","a few times a month",5,"No","once a day",152.1,NA,"Succeeding"
"Rural.Hadza","65+",4,"5","1_Very Close to Most","rarely/never",1,"No","once a day",119.4,"Above 25","Succeeding"
"Rural.Hadza","65+",2,"2","5_Dont Have Family","rarely/never",1,"No","rarely/never",131.6,"Above 25","Succeeding"
"Rural.Hadza","21-24",16,"3","2_Very Close to Some","several days a week",15,"Yes","several days a week",149.8,NA,"Succeeding"
"Rural.Hadza","65+",4,"2","1_Very Close to Most","rarely/never",1,"No","several days a week",127,"Above 25","Succeeding"
"Rural.Hadza","16-20",14,"3","2_Very Close to Some","several times a day",45,"Yes","rarely/never",147.5,"18","Succeeding"
"Rural.Hadza","21-24",12,"6+","3_Not Close","several days a week",15,"Yes","once a day",153.6,NA,"Succeeding"
"Rural.Hadza","35-44",14,"5","1_Very Close to Most","rarely/never",1,"Yes","rarely/never",101,"Above 25","Succeeding"
"Rural.Hadza","16-20",14,"5","2_Very Close to Some","several times a day",45,"Yes","a few times a month",162.7,NA,"Succeeding"
"Rural.Hadza","25-34",14,"4","1_Very Close to Most","once a day",30,"No","once a day",142.2,"Above 25","Succeeding"
"Rural.Hadza","55-64",6,"5","1_Very Close to Most","several days a week",15,"Yes","once a day",178.7,"Above 25","Succeeding"
"Rural.Hadza","55-64",14,"4","1_Very Close to Most","a few times a month",5,"No","once a day",124.1,"Above 25","Succeeding"
"Rural.Hadza","45-54",6,"6+","1_Very Close to Most","rarely/never",1,"No","once a day",127,"Above 25","Succeeding"
"Rural.Hadza","45-54",14,"4","1_Very Close to Most","several days a week",15,"No","several days a week",154.4,"Above 25","Succeeding"
"Rural.Hadza","45-54",14,"4","1_Very Close to Most","several days a week",15,"No","several days a week",154.4,"Above 25","Succeeding"
"Rural.Hadza","16-20",12,"6+","1_Very Close to Most","once a day",30,"Yes","once a day",166.2,"16","Succeeding"
"Rural.Hadza","16-20",16,"3","1_Very Close to Most","several days a week",15,"Yes","once a day",-35.2,"17","Struggling"
"Rural.Hadza","35-44",12,"4","5_Dont Have Family","rarely/never",1,"Yes","once a day",123.2,"Above 25","Succeeding"
"Rural.Hadza","25-34",12,"1","1_Very Close to Most","several days a week",15,"No","once a day",150.6,"Above 25","Succeeding"
"Rural.Hadza","16-20",6,"5","1_Very Close to Most","once a day",30,"No","rarely/never",104.4,NA,"Succeeding"
"Rural.Hadza","16-20",12,"3","1_Very Close to Most","several times a day",45,"Yes","several days a week",158.9,"≤10","Succeeding"
"Rural.Hadza","21-24",16,"3","1_Very Close to Most","several days a week",15,"Yes","once a day",-6,"19","Struggling"
"Rural.Hadza","25-34",12,"1","3_Not Close","a few times a month",5,"Yes","rarely/never",-26.9,"Above 25","Struggling"
"Rural.Hadza","25-34",12,"2","1_Very Close to Most","rarely/never",1,"No","once a day",145.2,"Above 25","Succeeding"
"Rural.Hadza","25-34",18,"1","1_Very Close to Most","several days a week",15,"Yes","once a day",158.9,"Above 25","Succeeding"
"Rural.Hadza","16-20",NA,"6+","1_Very Close to Most","a few times a month",5,"Yes","once a day",174.1,"19","Succeeding"
"Rural.Hadza","25-34",18,"1","3_Not Close","a few times a month",5,"Yes","several days a week",167.7,"Above 25","Succeeding"
"Rural.Hadza","35-44",12,"3","1_Very Close to Most","a few times a month",5,"No","rarely/never",108.7,"Above 25","Succeeding"
"Rural.Hadza","25-34",2,"4","1_Very Close to Most","rarely/never",1,"No","once a day",121.9,"Above 25","Succeeding"
"Rural.Hadza","35-44",4,"4","1_Very Close to Most","several days a week",15,"No","once a day",138,"Above 25","Succeeding"
"Rural.Hadza","35-44",12,"3","1_Very Close to Most","several times a day",45,"No","once a day",164.3,"Above 25","Succeeding"
"Rural.Hadza","65+",4,"1","1_Very Close to Most","a few times a month",5,"No","once a day",100.4,"Above 25","Succeeding"
"Rural.Hadza","25-34",16,"4","1_Very Close to Most","a few times a month",5,"Yes","once a day",151.3,"Above 25","Succeeding"
"Rural.Hadza","45-54",12,"5","1_Very Close to Most","several times a day",45,"No","once a day",133.1,"Above 25","Succeeding"
"Rural.Hadza","25-34",20,"5","1_Very Close to Most","several days a week",15,"Yes","once a day",170.3,"Above 25","Succeeding"
"Rural.Hadza","35-44",4,"4","1_Very Close to Most","a few times a month",5,"No","rarely/never",156.7,"Above 25","Succeeding"
"Rural.Hadza","55-64",NA,"5","1_Very Close to Most","a few times a month",5,"No","once a day",149,"Above 25","Succeeding"
"Rural.Hadza","25-34",12,"5","1_Very Close to Most","once a day",30,"No","once a day",-35.2,"Above 25","Struggling"
"Rural.Hadza","65+",4,"6+","2_Very Close to Some","rarely/never",1,"No","once a day",133.1,"Above 25","Succeeding"
"Rural.Hadza","16-20",12,"3","1_Very Close to Most","once a day",30,"Yes","once a day",-5.2,"≤10","Struggling"
"Rural.Hadza","16-20",12,"6+","1_Very Close to Most","rarely/never",1,"No","several days a week",146,"Do not Own","Succeeding"
"Rural.Hadza","45-54",NA,"4","2_Very Close to Some","several times a day",45,"Yes","once a day",155.9,"Above 25","Succeeding"
"Rural.Hadza","35-44",12,"5","1_Very Close to Most","several times a day",45,"No","rarely/never",158.2,"Above 25","Succeeding"
"Rural.Hadza","25-34",6,"3","1_Very Close to Most","rarely/never",1,"No","once a day",132.3,"Above 25","Succeeding"
"Rural.Hadza","65+",2,"2","1_Very Close to Most","a few times a month",5,"No","once a day",138.4,"Above 25","Succeeding"
"Rural.Hadza","25-34",18,"5","2_Very Close to Some","rarely/never",1,"No","once a day",146,"Above 25","Succeeding"
"Rural.Hadza","25-34",12,"4","1_Very Close to Most","rarely/never",1,"No","rarely/never",121.7,"Above 25","Succeeding"
"Rural.Hadza","25-34",12,"2","1_Very Close to Most","once a day",30,"No","once a day",143,"Above 25","Succeeding"
"Rural.Hadza","25-34",4,"3","1_Very Close to Most","rarely/never",1,"No","once a day",108,"Above 25","Succeeding"
"Rural.Hadza","25-34",NA,"5","6_Prefer Not to Say","once a day",30,"Yes","once a day",-23.8,"Above 25","Struggling"
"Rural.Hadza","25-34",12,"3","2_Very Close to Some","several days a week",15,"No","once a day",119.4,"Above 25","Succeeding"
"Rural.Hadza","21-24",12,"6+","2_Very Close to Some","several days a week",15,"No","once a day",142.2,NA,"Succeeding"
"Rural.Hadza","35-44",16,"5","1_Very Close to Most","a few times a month",5,"Yes","once a day",133.1,"Above 25","Succeeding"
"Rural.Hadza","45-54",8,"1","1_Very Close to Most","rarely/never",1,"No","rarely/never",117.7,"Above 25","Succeeding"
"Rural.Hadza","35-44",12,"2","1_Very Close to Most","rarely/never",1,"Yes","once a day",161.2,"Above 25","Succeeding"
"Rural.Hadza","65+",0,"4","1_Very Close to Most","once a day",30,"No","once a day",-9.6,"Above 25","Struggling"
"Rural.Hadza","35-44",14,"6+","1_Very Close to Most","rarely/never",1,"Yes","rarely/never",157.4,"Above 25","Succeeding"
"Rural.Hadza","55-64",8,"4","1_Very Close to Most","a few times a month",5,"Yes","rarely/never",122.6,"Above 25","Succeeding"
"Rural.Hadza","45-54",8,"3","6_Prefer Not to Say","several times a day",45,"No","rarely/never",-31.4,"Above 25","Struggling"
"Rural.Hadza","65+",8,"4","1_Very Close to Most","rarely/never",1,"No","rarely/never",103.4,"Above 25","Succeeding"
"Rural.Hadza","16-20",8,"5","1_Very Close to Most","several days a week",15,"No","rarely/never",106.5,"Do not Own","Succeeding"
"Rural.Hadza","25-34",10,"3","1_Very Close to Most","once a day",30,"Yes","rarely/never",146,"Above 25","Succeeding"
"Rural.Hadza","21-24",12,"6+","1_Very Close to Most","several days a week",15,"Yes","several days a week",157.6,"21-25","Succeeding"
"Rural.Hadza","35-44",8,"3","1_Very Close to Most","several times a day",45,"No","once a day",146.8,"Above 25","Succeeding"
"Rural.Hadza","35-44",8,"5","1_Very Close to Most","a few times a month",5,"No","rarely/never",124.7,"Above 25","Succeeding"
"Rural.Hadza","25-34",14,"2","1_Very Close to Most",NA,NA,"Yes",NA,134.8,"Above 25","Succeeding"
"Rural.Hadza","25-34",8,"1","1_Very Close to Most","rarely/never",1,"No","once a day",156.7,"Above 25","Succeeding"
"Rural.Hadza","55-64",8,"3","1_Very Close to Most","a few times a month",5,"No","several days a week",107.2,"Above 25","Succeeding"
"Rural.Hadza","35-44",8,"2","1_Very Close to Most","rarely/never",1,"No","once a day",101,"Above 25","Succeeding"
"Rural.Hadza","21-24",8,"2","1_Very Close to Most","a few times a month",5,"Yes","once a day",107.2,"21-25","Succeeding"
"Rural.Hadza","55-64",14,"3","1_Very Close to Most","several times a day",45,"No","once a day",129.3,"Above 25","Succeeding"
"Rural.Hadza","21-24",14,"0","5_Dont Have Family","a few times a month",5,"No","once a day",145.2,"Do not Own","Succeeding"
"Rural.Hadza","25-34",8,"6+","1_Very Close to Most","several days a week",15,"No","rarely/never",146.8,"Above 25","Succeeding"
"Rural.Hadza","35-44",8,"4","1_Very Close to Most","rarely/never",1,"No","once a day",-4.5,"Above 25","Struggling"
"Rural.Hadza","35-44",8,"6+","1_Very Close to Most","rarely/never",1,"No","once a day",127,"Above 25","Succeeding"
"Rural.Hadza","65+",8,"5","1_Very Close to Most","rarely/never",1,"Yes","once a day",131.2,"Above 25","Succeeding"
"Rural.Hadza","65+",8,"1","2_Very Close to Some","several times a day",45,"No","once a day",-14.7,"Above 25","Struggling"
"Rural.Hadza","45-54",8,"4","3_Not Close","several days a week",15,"No","once a day",139.2,"Above 25","Succeeding"
"Rural.Hadza","45-54",10,"5","1_Very Close to Most","a few times a month",5,"Yes","once a day",153.6,"Above 25","Succeeding"
"Rural.Hadza","45-54",8,"4","5_Dont Have Family","rarely/never",1,"No","once a day",112.5,"Above 25","Succeeding"
"Rural.Hadza","16-20",10,"5","1_Very Close to Most","several days a week",15,"No","once a day",-29.2,"Do not Own","Struggling"
"Rural.Hadza","25-34",10,"2","2_Very Close to Some","several times a day",45,"No","once a day",112.9,"Above 25","Succeeding"
"Rural.Hadza","45-54",8,"5","2_Very Close to Some","several times a day",45,"Yes","once a day",108.7,"Above 25","Succeeding"
"Rural.Hadza","45-54",12,"5","2_Very Close to Some","several times a day",45,"Yes","once a day",108.7,"Above 25","Succeeding"
"Rural.Hadza","35-44",8,"5","2_Very Close to Some","several times a day",45,"Yes","once a day",-13.5,"Above 25","Struggling"
"Rural.Hadza","35-44",12,"5","2_Very Close to Some","several times a day",45,"Yes","once a day",-13.5,"Above 25","Struggling"
"Rural.Hadza","35-44",8,"5","2_Very Close to Some","several times a day",45,"Yes","once a day",-13.5,"Above 25","Struggling"
"Rural.Hadza","45-54",8,"5","2_Very Close to Some","several times a day",45,"Yes","once a day",108.7,"Above 25","Succeeding"
"Rural.Hadza","35-44",12,"5","2_Very Close to Some","several times a day",45,"Yes","once a day",-13.5,"Above 25","Struggling"
"Rural.Hadza","45-54",12,"5","2_Very Close to Some","several times a day",45,"Yes","once a day",108.7,"Above 25","Succeeding"
"Rural.Hadza","35-44",8,"4","1_Very Close to Most","a few times a month",5,"No","once a day",133.1,"Above 25","Succeeding"
"Rural.Hadza","21-24",8,"1","2_Very Close to Some","rarely/never",1,"Yes","once a day",186.3,"≤10","Succeeding"
"Rural.Hadza","65+",8,"2","3_Not Close","several days a week",15,"No","once a day",-8.5,"Above 25","Struggling"
"Rural.Hadza","35-44",10,"5","1_Very Close to Most","rarely/never",1,"No","once a day",156.7,"Above 25","Succeeding"
"Rural.Hadza","35-44",12,"6+","4_Dont Get Along","rarely/never",1,"No","once a day",107.2,"Above 25","Succeeding"
"Rural.Hadza","55-64",8,"2","1_Very Close to Most","several times a day",45,"No","once a day",-14.1,"Above 25","Struggling"
"Rural.Hadza","21-24",12,"5","1_Very Close to Most","several days a week",15,"Yes","rarely/never",154.4,"19","Succeeding"
"Rural.Hadza","65+",4,"5","1_Very Close to Most","a few times a month",5,"No","rarely/never",130.8,"Above 25","Succeeding"
"Rural.Hadza","35-44",8,"6+","1_Very Close to Most","a few times a month",5,"Yes","once a day",110.3,"Above 25","Succeeding"
"Rural.Hadza","45-54",8,"3","5_Dont Have Family","rarely/never",1,"Yes","rarely/never",131.6,"Above 25","Succeeding"
"Rural.Hadza","55-64",4,"1","2_Very Close to Some","rarely/never",1,"No","once a day",-6.5,"Above 25","Struggling"
"Rural.Hadza","25-34",4,"2","2_Very Close to Some","several times a day",45,"Yes","once a day",-10.1,"Above 25","Struggling"
"Rural.Hadza","35-44",18,"0","5_Dont Have Family","once a day",30,"Yes","rarely/never",150,"Above 25","Succeeding"
"Rural.Hadza","35-44",8,"4","1_Very Close to Most","a few times a month",5,"No","once a day",159.7,"Above 25","Succeeding"
"Rural.Hadza","65+",4,"6+","1_Very Close to Most","rarely/never",1,"No","once a day",139.2,"Above 25","Succeeding"
"Rural.Hadza","65+",4,"6+","1_Very Close to Most","rarely/never",1,"No","once a day",139.2,"Above 25","Succeeding"
"Rural.Hadza","65+",4,"4","1_Very Close to Most","rarely/never",1,"No","rarely/never",136.9,"Above 25","Succeeding"
"Rural.Hadza","45-54",4,"6+","2_Very Close to Some","rarely/never",1,"Yes","once a day",158.9,"Above 25","Succeeding"
"Rural.Hadza","35-44",4,"6+","2_Very Close to Some","rarely/never",1,"No","once a day",116.7,"Above 25","Succeeding"
"Rural.Hadza","45-54",4,"6+","1_Very Close to Most","rarely/never",1,"No","rarely/never",130,"Above 25","Succeeding"
"Rural.Hadza","25-34",12,"3","1_Very Close to Most","a few times a month",5,"No","rarely/never",119.4,"Above 25","Succeeding"
"Rural.Hadza","45-54",8,"1","1_Very Close to Most","rarely/never",1,"No","once a day",135.6,"Above 25","Succeeding"
"Rural.Hadza","55-64",8,"6+","1_Very Close to Most","several times a day",45,"No","once a day",120.2,"Above 25","Succeeding"
"Rural.Hadza","35-44",8,"5","1_Very Close to Most","several days a week",15,"No","once a day",143,"Above 25","Succeeding"
"Rural.Hadza","35-44",8,"3","1_Very Close to Most","rarely/never",1,"Yes","once a day",-42,"Above 25","Struggling"
"Rural.Hadza","35-44",4,"3","2_Very Close to Some","a few times a month",5,"No","several days a week",116.3,"Above 25","Succeeding"
"Rural.Hadza","16-20",4,"6+","1_Very Close to Most","rarely/never",1,"No","once a day",155.1,NA,"Succeeding"
"Rural.Hadza","45-54",8,"3","2_Very Close to Some","rarely/never",1,"No","once a day",168.3,"Above 25","Succeeding"
"Rural.Hadza","35-44",8,"6+","1_Very Close to Most","a few times a month",5,"No","rarely/never",143.7,"Above 25","Succeeding"
"Rural.Hadza","65+",4,"2","2_Very Close to Some","rarely/never",1,"No","a few times a month",-1.6,"Above 25","Struggling"
"Rural.Hadza","25-34",8,"5","1_Very Close to Most","rarely/never",1,"No","once a day",110.3,"Above 25","Succeeding"
"Rural.Hadza","45-54",4,"4","2_Very Close to Some","rarely/never",1,"No","once a day",-17.2,"Above 25","Struggling"
"Rural.Hadza","35-44",12,"4","1_Very Close to Most","rarely/never",1,"Yes","rarely/never",177.2,"Above 25","Succeeding"
"Rural.Hadza","65+",4,"4","1_Very Close to Most","rarely/never",1,"No","once a day",181,"Above 25","Succeeding"
"Rural.Hadza","45-54",0,"3","1_Very Close to Most","several days a week",15,"No","once a day",107.2,"Above 25","Succeeding"
"Rural.Hadza","35-44",14,"4","1_Very Close to Most","several times a day",45,"Yes","rarely/never",101.9,"Above 25","Succeeding"
"Rural.Hadza","25-34",8,"4","5_Dont Have Family","several days a week",15,"Yes","rarely/never",155.1,"Above 25","Succeeding"
"Rural.Hadza","65+",4,"4","2_Very Close to Some","rarely/never",1,"No","once a day",130.8,"Above 25","Succeeding"
"Rural.Hadza","25-34",4,"4","2_Very Close to Some","rarely/never",1,"No","once a day",115,"Above 25","Succeeding"
"Rural.Hadza","45-54",8,"6+","1_Very Close to Most","a few times a month",5,"No","once a day",101.7,"Above 25","Succeeding"
"Rural.Hadza","65+",8,"5","1_Very Close to Most","a few times a month",5,"Yes","once a day",161.2,"Above 25","Succeeding"
"Rural.Hadza","65+",8,"3","1_Very Close to Most","rarely/never",1,"Yes","once a day",141.8,"Above 25","Succeeding"
"Rural.Hadza","55-64",6,"5","1_Very Close to Most","rarely/never",1,"No","once a day",176,"Above 25","Succeeding"
"Rural.Hadza","35-44",8,"5","1_Very Close to Most","rarely/never",1,"No","once a day",149.8,"Above 25","Succeeding"
"Rural.Hadza","35-44",4,"6+","2_Very Close to Some","rarely/never",1,"No","once a day",152.9,"Above 25","Succeeding"
"Rural.Hadza","55-64",6,"6+","1_Very Close to Most","several times a day",45,"No","rarely/never",165.4,"Above 25","Succeeding"
"Rural.Hadza","55-64",8,"5","1_Very Close to Most","a few times a month",5,"No","once a day",135.7,"Above 25","Succeeding"
"Rural.Hadza","35-44",4,"4","2_Very Close to Some","rarely/never",1,"No","once a day",124.1,"Above 25","Succeeding"
"Rural.Hadza","45-54",8,"4","1_Very Close to Most","several days a week",15,"No","rarely/never",143.7,"Above 25","Succeeding"
"Rural.Hadza","25-34",8,"2","1_Very Close to Most","rarely/never",1,"Yes","once a day",123.2,"Above 25","Succeeding"
"Rural.Hadza","35-44",8,"2","1_Very Close to Most","rarely/never",1,"No","once a day",-17.5,"Above 25","Struggling"
"Rural.Hadza","55-64",4,"6+","1_Very Close to Most","rarely/never",1,"No","once a day",136.1,"Above 25","Succeeding"
"Rural.Hadza","25-34",14,"3","1_Very Close to Most","several days a week",15,"Yes","once a day",155.9,"Above 25","Succeeding"
"Rural.Hadza","35-44",8,"3","1_Very Close to Most","a few times a month",5,"No","several days a week",144.5,"Above 25","Succeeding"
"Rural.Hadza","35-44",8,"5","1_Very Close to Most","rarely/never",1,"No","once a day",173.4,"Above 25","Succeeding"
"Rural.Hadza","65+",4,"3","2_Very Close to Some","rarely/never",1,"No","once a day",-0.4,"Above 25","Struggling"
"Rural.Hadza","21-24",18,"1","3_Not Close","several days a week",15,"Yes","once a day",118.6,"21-25","Succeeding"
"Rural.Hadza","35-44",8,"5","1_Very Close to Most","a few times a month",5,"No","once a day",116.3,"Above 25","Succeeding"
"Rural.Hadza","65+",4,"4","1_Very Close to Most","a few times a month",5,"No","once a day",-3,"Above 25","Struggling"
"Rural.Hadza","55-64",8,"3","2_Very Close to Some","rarely/never",1,"No","rarely/never",111,"Above 25","Succeeding"
"Rural.Hadza","65+",8,"5","1_Very Close to Most","several days a week",15,"No","once a day",143.7,"Above 25","Succeeding"
"Rural.Hadza","35-44",8,"2","1_Very Close to Most","several days a week",15,"No","once a day",114.1,"Above 25","Succeeding"
"Rural.Hadza","35-44",8,"5","1_Very Close to Most","several days a week",15,"Yes","once a day",126.2,"Above 25","Succeeding"
"Rural.Hadza","25-34",12,"3","1_Very Close to Most","rarely/never",1,"Yes","rarely/never",164.3,"Above 25","Succeeding"
"Rural.Hadza","35-44",8,"5","1_Very Close to Most","a few times a month",5,"No","once a day",145.2,"Above 25","Succeeding"
"Rural.Hadza","55-64",8,"1","1_Very Close to Most","a few times a month",5,"No","once a day",158.2,"Above 25","Succeeding"
"Rural.Hadza","65+",0,"3","1_Very Close to Most","rarely/never",1,"No","rarely/never",136.1,"Above 25","Succeeding"
"Rural.Hadza","65+",0,"3","1_Very Close to Most","rarely/never",1,"No","rarely/never",136.1,"Above 25","Succeeding"
"Rural.Hadza","16-20",6,"5","5_Dont Have Family","rarely/never",1,"No","once a day",187.1,NA,"Succeeding"
"Rural.Hadza","55-64",0,"6+","1_Very Close to Most","rarely/never",1,"No","rarely/never",103.4,"Above 25","Succeeding"
"Rural.Hadza","16-20",8,"6+","1_Very Close to Most","several days a week",15,"No","rarely/never",119.4,NA,"Succeeding"
"Rural.Hadza","45-54",20,"2","2_Very Close to Some","several days a week",15,"Yes","once a day",-43.9,"Above 25","Struggling"
"Rural.Hadza","25-34",10,"3","1_Very Close to Most","several times a day",45,"Yes","rarely/never",-28.2,"Above 25","Struggling"
"Rural.Hadza","55-64",12,"4","1_Very Close to Most","once a day",30,"Yes","once a day",136.3,"Above 25","Succeeding"
"Rural.Hadza","45-54",8,"2","5_Dont Have Family","rarely/never",1,"Yes","rarely/never",132.3,"Above 25","Succeeding"
"Rural.Hadza","25-34",18,"5","1_Very Close to Most","several days a week",15,"Yes","rarely/never",158.2,"Above 25","Succeeding"
"Rural.Hadza","25-34",12,"5","1_Very Close to Most","once a day",30,"Yes","once a day",143,"Above 25","Succeeding"
"Rural.Hadza","25-34",0,"6+","1_Very Close to Most","rarely/never",1,"No","once a day",103.8,"Above 25","Succeeding"
"Rural.Hadza","25-34",8,"5","1_Very Close to Most","several days a week",15,"Yes","rarely/never",119.4,"Above 25","Succeeding"
"Rural.Hadza","25-34",10,"6+","2_Very Close to Some","several days a week",15,"Yes","several days a week",-22.3,"Above 25","Struggling"
"Rural.Hadza","35-44",8,"6+","1_Very Close to Most","once a day",30,"No","once a day",124.7,"Above 25","Succeeding"
"Rural.Hadza","35-44",8,"4","1_Very Close to Most","several times a day",45,"Yes","rarely/never",162.7,"Above 25","Succeeding"
"Rural.Hadza","25-34",8,"3","1_Very Close to Most","rarely/never",1,"Yes","once a day",158.6,"Above 25","Succeeding"
"Rural.Hadza","21-24",12,"5","1_Very Close to Most","several times a day",45,"Yes","several days a week",110.3,NA,"Succeeding"
"Rural.Hadza","45-54",8,"4","1_Very Close to Most","a few times a month",5,"No","several days a week",136.9,"Above 25","Succeeding"
"Rural.Hadza","25-34",12,"2","2_Very Close to Some","several days a week",15,"Yes","once a day",136.7,"Above 25","Succeeding"
"Rural.Hadza","25-34",16,"6+","1_Very Close to Most","rarely/never",1,"Yes","once a day",170.3,"Above 25","Succeeding"
"Rural.Hadza","55-64",8,"1","1_Very Close to Most","several days a week",15,"Yes","once a day",135.4,"Above 25","Succeeding"
"Rural.Hadza","25-34",12,"1","3_Not Close","rarely/never",1,"Yes","once a day",-20.4,"Above 25","Struggling"
"Rural.Hadza","25-34",14,"1","3_Not Close","once a day",30,"Yes","once a day",137.6,"Above 25","Succeeding"
"Rural.Hadza","25-34",12,"2","1_Very Close to Most","rarely/never",1,"Yes","once a day",-58.5,"Above 25","Struggling"
"Rural.Hadza","35-44",8,"4","1_Very Close to Most","several days a week",15,"Yes","once a day",111,"Above 25","Succeeding"
"Rural.Hadza","21-24",12,"1","1_Very Close to Most","several days a week",15,"Yes","once a day",140.7,"17","Succeeding"
"Rural.Hadza","35-44",14,"0","2_Very Close to Some","several days a week",15,"Yes","once a day",-29,"Above 25","Struggling"
"Rural.Hadza","55-64",6,"4","4_Dont Get Along","several times a day",45,"No","once a day",127.8,"Above 25","Succeeding"
"Rural.Hadza","55-64",8,"4","3_Not Close","rarely/never",1,"No","once a day",155.1,"Above 25","Succeeding"
"Rural.Hadza","25-34",12,"0","3_Not Close","rarely/never",1,"Yes","once a day",146,"Above 25","Succeeding"
"Rural.Hadza","25-34",8,"1","1_Very Close to Most","a few times a month",5,"No","rarely/never",152.5,"Above 25","Succeeding"
"Rural.Hadza","35-44",12,"6+","1_Very Close to Most","rarely/never",1,"No","once a day",102.7,"Above 25","Succeeding"
"Rural.Hadza","25-34",8,"5","1_Very Close to Most","several days a week",15,"No","once a day",127.8,"Above 25","Succeeding"
"Rural.Hadza","55-64",8,"5","1_Very Close to Most","rarely/never",1,"No","once a day",168.1,"Above 25","Succeeding"
"Rural.Hadza","35-44",8,"1","3_Not Close","several times a day",45,"Yes","once a day",-1.7,"Above 25","Struggling"
"Rural.Hadza","45-54",8,"5","1_Very Close to Most","several days a week",15,"No","rarely/never",177.2,"Above 25","Succeeding"
"Rural.Hadza","45-54",8,"5","2_Very Close to Some","several days a week",15,"No","rarely/never",117.3,"Above 25","Succeeding"
"Rural.Hadza","25-34",8,"1","2_Very Close to Some","a few times a month",5,"No","once a day",168.8,"Above 25","Succeeding"
"Rural.Hadza","35-44",8,"5","1_Very Close to Most","rarely/never",1,"Yes","once a day",168.1,"Above 25","Succeeding"
"Rural.Hadza","45-54",8,"6+","1_Very Close to Most","a few times a month",5,"No","once a day",144.5,"Above 25","Succeeding"
"Rural.Hadza","35-44",0,"2","2_Very Close to Some","a few times a month",5,"No","once a day",-29.4,"Above 25","Struggling"
"Rural.Hadza","45-54",6,"3","1_Very Close to Most","several times a day",45,"No","once a day",108.7,"Above 25","Succeeding"
"Rural.Hadza","25-34",12,"3","1_Very Close to Most","rarely/never",1,"Yes","once a day",162,"Above 25","Succeeding"
"Rural.Hadza","35-44",0,"6+","2_Very Close to Some","rarely/never",1,"No","once a day",-50.9,"Above 25","Struggling"
"Rural.Hadza","45-54",8,"3","1_Very Close to Most","rarely/never",1,"Yes","once a day",-4.5,"Above 25","Struggling"
"Rural.Hadza","35-44",8,"4","1_Very Close to Most","a few times a month",5,"Yes","rarely/never",164.3,"Above 25","Succeeding"
"Rural.Hadza","35-44",12,"3","2_Very Close to Some","a few times a month",5,"Yes","once a day",122.4,"Above 25","Succeeding"
"Rural.Hadza","25-34",8,"2","1_Very Close to Most","rarely/never",1,"No","once a day",-3.3,"Above 25","Struggling"
"Rural.Hadza","35-44",8,"6+","1_Very Close to Most","rarely/never",1,"No","rarely/never",160.5,"Above 25","Succeeding"
"Rural.Hadza","45-54",8,"6+","1_Very Close to Most","a few times a month",5,"No","rarely/never",144.5,"Above 25","Succeeding"
"Rural.Hadza","35-44",8,"2","1_Very Close to Most","rarely/never",1,"No","once a day",117.5,"Above 25","Succeeding"
"Rural.Hadza","25-34",8,"6+","1_Very Close to Most","several times a day",45,"No","once a day",-78.1,"Above 25","Struggling"
"Rural.Hadza","16-20",8,"5","1_Very Close to Most","rarely/never",1,"No","once a day",110.1,NA,"Succeeding"
"Rural.Hadza","25-34",12,"2","1_Very Close to Most","several days a week",15,"No","once a day",107.2,"Above 25","Succeeding"
"Rural.Hadza","25-34",8,"2","1_Very Close to Most","several days a week",15,"No","once a day",107.2,"Above 25","Succeeding"
"Rural.Hadza","21-24",8,"4","1_Very Close to Most","several days a week",15,"No","rarely/never",168.8,"Do not Own","Succeeding"
"Rural.Hadza","45-54",8,"6+","1_Very Close to Most","rarely/never",1,"Yes","once a day",-13.4,"Above 25","Struggling"
"Rural.Hadza","55-64",8,"4","3_Not Close","a few times a month",5,"No","once a day",146,"Above 25","Succeeding"
"Rural.Hadza","55-64",8,"3","1_Very Close to Most","rarely/never",1,"No","once a day",124.7,"Above 25","Succeeding"
"Rural.Hadza","25-34",8,"5","1_Very Close to Most","several days a week",15,"Yes","once a day",169.6,"Above 25","Succeeding"
"Rural.Hadza","35-44",8,"4","2_Very Close to Some","a few times a month",5,"No","rarely/never",130,"Above 25","Succeeding"
"Rural.Hadza","16-20",8,"6+","3_Not Close","a few times a month",5,"No","once a day",-34,"Do not Own","Struggling"
"Rural.Hadza","45-54",8,"2","1_Very Close to Most","several times a day",45,"No","once a day",-2.8,"Above 25","Struggling"
"Rural.Hadza","45-54",8,"3","1_Very Close to Most","a few times a month",5,"No","rarely/never",160.5,"Above 25","Succeeding"
"Rural.Hadza","55-64",10,"1","1_Very Close to Most","rarely/never",1,"No","rarely/never",104.9,"Above 25","Succeeding"
"Rural.Hadza","25-34",8,"4","1_Very Close to Most","a few times a month",5,"Yes","rarely/never",135,"Above 25","Succeeding"
"Rural.Hadza","55-64",8,"2","1_Very Close to Most","several times a day",45,"No","once a day",156.7,"Above 25","Succeeding"
"Rural.Hadza","55-64",8,"2","1_Very Close to Most","several times a day",45,"No","once a day",156.7,"Above 25","Succeeding"
"Rural.Hadza","35-44",8,"6+","6_Prefer Not to Say","rarely/never",1,"Yes","once a day",119.4,"Above 25","Succeeding"
"Rural.Hadza","55-64",8,"6+","1_Very Close to Most","several times a day",45,"No","once a day",136.1,"Above 25","Succeeding"
"Rural.Hadza","25-34",12,"4","1_Very Close to Most","a few times a month",5,"No","rarely/never",166.5,"Above 25","Succeeding"
"Rural.Hadza","21-24",8,"3","2_Very Close to Some","once a day",30,"Yes","rarely/never",-2.5,"21-25","Struggling"
"Rural.Hadza","35-44",8,"6+","1_Very Close to Most","a few times a month",5,"Yes","once a day",147.1,"Above 25","Succeeding"
"Rural.Hadza","45-54",8,"3","1_Very Close to Most","once a day",30,"No","once a day",182.5,"Above 25","Succeeding"
"Rural.Hadza","21-24",8,"3","1_Very Close to Most","several times a day",45,"No","rarely/never",114.1,"Do not Own","Succeeding"
"Rural.Hadza","55-64",8,"6+","2_Very Close to Some","a few times a month",5,"Yes","once a day",131.7,"Above 25","Succeeding"
"Rural.Hadza","25-34",10,"6+","1_Very Close to Most","rarely/never",1,"No","rarely/never",178.3,"Above 25","Succeeding"
"Rural.Hadza","35-44",12,"1","1_Very Close to Most","several days a week",15,"Yes","rarely/never",156.7,"Above 25","Succeeding"
"Rural.Hadza","35-44",8,"5","1_Very Close to Most","rarely/never",1,"Yes","rarely/never",173.4,"Above 25","Succeeding"
"Rural.Hadza","65+",8,"1","3_Not Close","several days a week",15,"No","rarely/never",159.7,"Above 25","Succeeding"
"Rural.Hadza","45-54",0,"3","1_Very Close to Most","rarely/never",1,"Yes","once a day",162.9,"Above 25","Succeeding"
"Rural.Hadza","45-54",8,"1","1_Very Close to Most","several days a week",15,"Yes","rarely/never",115.6,"Above 25","Succeeding"
"Rural.Hadza","35-44",8,"4","1_Very Close to Most","rarely/never",1,"Yes","rarely/never",157.4,"Above 25","Succeeding"
"Rural.Hadza","25-34",10,"5","3_Not Close","several times a day",45,"Yes","once a day",159.7,"Above 25","Succeeding"
"Rural.Hadza","35-44",8,"3","1_Very Close to Most","a few times a month",5,"No","once a day",149.4,"Above 25","Succeeding"
"Rural.Hadza","16-20",0,"4","1_Very Close to Most","rarely/never",1,"No","once a day",109.5,NA,"Succeeding"
"Rural.Hadza","55-64",8,"3","1_Very Close to Most","rarely/never",1,"No","once a day",165,"Above 25","Succeeding"
"Rural.Hadza","45-54",8,"4","1_Very Close to Most","rarely/never",1,"No","once a day",105.7,"Above 25","Succeeding"
"Rural.Hadza","35-44",12,"2","1_Very Close to Most","several days a week",15,"No","once a day",127.8,"Above 25","Succeeding"
"Rural.Hadza","35-44",12,"4","2_Very Close to Some","rarely/never",1,"Yes","rarely/never",111,"Above 25","Succeeding"
"Rural.Hadza","25-34",0,"6+","1_Very Close to Most","several times a day",45,"No","once a day",141.4,"Above 25","Succeeding"
"Rural.Hadza","55-64",8,"3","1_Very Close to Most","several days a week",15,"Yes","rarely/never",-0.3,"Above 25","Struggling"
"Rural.Hadza","55-64",8,"4","2_Very Close to Some","rarely/never",1,"Yes","once a day",-42.6,"Above 25","Struggling"
"Rural.Hadza","35-44",8,"4","1_Very Close to Most","a few times a month",5,"No","once a day",139.5,"Above 25","Succeeding"
"Rural.Hadza","25-34",12,"5","2_Very Close to Some","several days a week",15,"No","once a day",142.2,"Above 25","Succeeding"
"Rural.Hadza","25-34",12,"0","2_Very Close to Some","several days a week",15,"Yes","once a day",144.5,"Above 25","Succeeding"
"Rural.Hadza","16-20",8,"3","1_Very Close to Most","rarely/never",1,"Yes","once a day",151,"19","Succeeding"
"Rural.Hadza","35-44",8,"5","1_Very Close to Most","rarely/never",1,"No","once a day",143,"Above 25","Succeeding"
"Rural.Hadza","25-34",12,"4","1_Very Close to Most","rarely/never",1,"Yes","rarely/never",167.3,"Above 25","Succeeding"
"Rural.Hadza","35-44",8,"6+","1_Very Close to Most","rarely/never",1,"No","once a day",182.5,"Above 25","Succeeding"
"Rural.Hadza","65+",8,"1","3_Not Close","a few times a month",5,"No","rarely/never",107.2,"Above 25","Succeeding"
"Rural.Hadza","35-44",14,"1","1_Very Close to Most","several days a week",15,"Yes","once a day",103.6,"Above 25","Succeeding"
"Rural.Hadza","65+",0,"2","2_Very Close to Some","several days a week",15,"No","once a day",-33,"Above 25","Struggling"
"Rural.Hadza","45-54",8,"6+","1_Very Close to Most","several days a week",15,"Yes","once a day",105.7,"Above 25","Succeeding"
"Rural.Hadza","25-34",8,"4","1_Very Close to Most","rarely/never",1,"No","once a day",145.4,"Above 25","Succeeding"
"Rural.Hadza","16-20",8,"4","2_Very Close to Some","rarely/never",1,"No","rarely/never",-23.1,"Do not Own","Struggling"
"Rural.Hadza","16-20",0,"5","1_Very Close to Most","rarely/never",1,"No","once a day",143,NA,"Succeeding"
"Rural.Hadza","55-64",8,"5","1_Very Close to Most","several times a day",45,"No","once a day",115.6,"Above 25","Succeeding"
"Rural.Hadza","55-64",8,"5","2_Very Close to Some","a few times a month",5,"No","once a day",112.9,"Above 25","Succeeding"
"Rural.Hadza","25-34",8,"4","1_Very Close to Most","a few times a month",5,"No","once a day",137.6,"Above 25","Succeeding"
"Rural.Hadza","35-44",8,"1","4_Dont Get Along","rarely/never",1,"No","once a day",-15.8,"Above 25","Struggling"
"Rural.Hadza","45-54",8,"6+","1_Very Close to Most","a few times a month",5,"No","once a day",-3.7,"Above 25","Struggling"
"Rural.Hadza","25-34",12,"5","1_Very Close to Most","rarely/never",1,"Yes","once a day",157.4,"Above 25","Succeeding"
"Rural.Hadza","55-64",8,"6+","2_Very Close to Some","several times a day",45,"No","rarely/never",108,"Above 25","Succeeding"
"Rural.Hadza","25-34",16,"3","2_Very Close to Some","several days a week",15,"Yes","once a day",-4.6,"Above 25","Struggling"
"Rural.Hadza","35-44",8,"1","1_Very Close to Most","rarely/never",1,"No","once a day",114.1,"Above 25","Succeeding"
"Rural.Hadza","35-44",8,"2","1_Very Close to Most","rarely/never",1,"No","once a day",-49.1,"Above 25","Struggling"
"Rural.Hadza","65+",8,"6+","1_Very Close to Most","several days a week",15,"No","once a day",109.9,"Above 25","Succeeding"
"Rural.Hadza","35-44",8,"2","3_Not Close","several times a day",45,"No","once a day",-28.4,"Above 25","Struggling"
"Rural.Hadza","55-64",8,"5","1_Very Close to Most","rarely/never",1,"No","once a day",122.4,"Above 25","Succeeding"
"Rural.Hadza","35-44",8,"6+","2_Very Close to Some","rarely/never",1,"Yes","once a day",173.4,"Above 25","Succeeding"
"Rural.Hadza","55-64",8,"2","1_Very Close to Most","rarely/never",1,"No","once a day",112.5,"Above 25","Succeeding"
"Rural.Hadza","35-44",8,"2","1_Very Close to Most","several times a day",45,"No","once a day",121.7,"Above 25","Succeeding"
"Rural.Hadza","21-24",16,"2","2_Very Close to Some","rarely/never",1,"Yes","several days a week",184,"19","Succeeding"
"Rural.Hadza","45-54",8,"6+","1_Very Close to Most","rarely/never",1,"No","once a day",113.3,"Above 25","Succeeding"
"Rural.Hadza","25-34",8,"4","3_Not Close","rarely/never",1,"Yes","once a day",-41.6,"Above 25","Struggling"
"Rural.Hadza","55-64",8,"3","2_Very Close to Some","a few times a month",5,"No","once a day",163.5,"Above 25","Succeeding"
"Rural.Hadza","25-34",12,"5","1_Very Close to Most","several times a day",45,"Yes","a few times a month",-50.8,"Above 25","Struggling"
"Rural.Hadza","35-44",8,"1","1_Very Close to Most","several times a day",45,"No","once a day",154.4,"Above 25","Succeeding"
"Rural.Hadza","65+",0,"2","2_Very Close to Some","rarely/never",1,"No","once a day",-0.9,"Above 25","Struggling"
"Rural.Hadza","25-34",0,"0","2_Very Close to Some","rarely/never",1,"No","once a day",-45.6,"Above 25","Struggling"
"Rural.Hadza","65+",14,"6+","1_Very Close to Most","a few times a month",5,"No","rarely/never",140.7,"Above 25","Succeeding"
"Rural.Hadza","25-34",18,"4","2_Very Close to Some","several days a week",15,"Yes","once a day",-24.2,"Above 25","Struggling"
"Rural.Hadza","25-34",8,"3","1_Very Close to Most","once a day",30,"Yes","several days a week",176.4,"Above 25","Succeeding"
"Rural.Hadza","35-44",8,"1","5_Dont Have Family","several times a day",45,"Yes","once a day",139.2,"Above 25","Succeeding"
"Rural.Hadza","45-54",8,"5","1_Very Close to Most","rarely/never",1,"No","once a day",107.8,"Above 25","Succeeding"
"Rural.Hadza","45-54",8,"6+","1_Very Close to Most","rarely/never",1,"No","once a day",146,"Above 25","Succeeding"
"Rural.Hadza","45-54",8,"6+","1_Very Close to Most","rarely/never",1,"No","once a day",146,"Above 25","Succeeding"
"Rural.Hadza","65+",0,"3","1_Very Close to Most","a few times a month",5,"No","rarely/never",121.7,"Above 25","Succeeding"
"Rural.Hadza","35-44",8,"0","1_Very Close to Most","rarely/never",1,"No","once a day",167.3,"Above 25","Succeeding"
"Rural.Hadza","25-34",8,"4","4_Dont Get Along","several days a week",15,"Yes","once a day",-4.9,"Above 25","Struggling"
"Rural.Hadza","35-44",14,"6+","1_Very Close to Most","once a day",30,"Yes","once a day",138.4,"Above 25","Succeeding"
"Rural.Hadza","45-54",8,"5","1_Very Close to Most","rarely/never",1,"No","once a day",181.7,"Above 25","Succeeding"
"Rural.Hadza","45-54",14,"4","4_Dont Get Along","several days a week",15,"No","once a day",166.2,"Above 25","Succeeding"
"Rural.Hadza","21-24",14,"5","5_Dont Have Family","several times a day",45,"Yes","once a day",133.8,"20","Succeeding"
"Rural.Hadza","65+",0,"6+","1_Very Close to Most","several times a day",45,"No","rarely/never",121.7,"Above 25","Succeeding"
"Rural.Hadza","45-54",14,"6+","1_Very Close to Most","a few times a month",5,"Yes","rarely/never",102.7,"Above 25","Succeeding"
"Rural.Hadza","25-34",4,"6+","1_Very Close to Most","rarely/never",1,"Yes","once a day",130,"Above 25","Succeeding"
"Rural.Hadza","16-20",12,"4","2_Very Close to Some","a few times a month",5,"Yes","several days a week",142.2,"18","Succeeding"
"Rural.Hadza","55-64",8,"4","1_Very Close to Most","rarely/never",1,"No","once a day",139.9,"Above 25","Succeeding"
"Rural.Hadza","35-44",8,"2","1_Very Close to Most","a few times a month",5,"No","several days a week",117.9,"Above 25","Succeeding"
"Rural.Hadza","45-54",8,"4","5_Dont Have Family","a few times a month",5,"No","once a day",103.4,"Above 25","Succeeding"
"Rural.Hadza","45-54",8,"4","1_Very Close to Most","rarely/never",1,"No","once a day",132.3,"Above 25","Succeeding"
"Rural.Hadza","65+",8,"6+","5_Dont Have Family","rarely/never",1,"No","rarely/never",141.4,"Above 25","Succeeding"
"Rural.Hadza","55-64",8,"6+","2_Very Close to Some","rarely/never",1,"No","once a day",127.8,"Above 25","Succeeding"
"Rural.Hadza","16-20",10,"4","1_Very Close to Most","several days a week",15,"No","several days a week",164.3,"Do not Own","Succeeding"
"Rural.Hadza","55-64",8,"4","1_Very Close to Most","rarely/never",1,"No","once a day",129.3,"Above 25","Succeeding"
"Rural.Hadza","35-44",0,"4","5_Dont Have Family","rarely/never",1,"No","once a day",135.4,"Above 25","Succeeding"
"Rural.Hadza","35-44",8,"3","1_Very Close to Most","several days a week",15,"Yes","several days a week",139.2,"Above 25","Succeeding"
"Rural.Hadza","35-44",14,"3","1_Very Close to Most","rarely/never",1,"Yes","once a day",121.1,"Above 25","Succeeding"
"Rural.Hadza","45-54",8,"3","1_Very Close to Most","rarely/never",1,"No","once a day",146,"Above 25","Succeeding"
"Rural.Hadza","25-34",14,"1","1_Very Close to Most","a few times a month",5,"No","rarely/never",149.8,"Above 25","Succeeding"
"Rural.Hadza","65+",4,"4","1_Very Close to Most","several times a day",45,"No","once a day",113.3,"Above 25","Succeeding"
"Rural.Hadza","25-34",8,"3","2_Very Close to Some","a few times a month",5,"Yes","once a day",-61.7,"Above 25","Struggling"
"Rural.Hadza","35-44",14,"4","1_Very Close to Most","a few times a month",5,"Yes","several days a week",113.3,"Above 25","Succeeding"
"Rural.Hadza","21-24",14,"3","1_Very Close to Most","several days a week",15,"Yes","a few times a month",192.4,"12","Succeeding"
"Rural.Hadza","35-44",8,"5","1_Very Close to Most","several days a week",15,"Yes","once a day",175.7,"Above 25","Succeeding"
"Rural.Hadza","35-44",14,"5","1_Very Close to Most","several days a week",15,"Yes","a few times a month",180.2,"Above 25","Succeeding"
"Rural.Hadza","65+",8,"4","1_Very Close to Most","several times a day",45,"No","once a day",152.1,"Above 25","Succeeding"
"Rural.Hadza","25-34",12,"1","1_Very Close to Most","once a day",30,"Yes","several days a week",108.7,"Above 25","Succeeding"
"Rural.Hadza","25-34",14,"6+","1_Very Close to Most","several days a week",15,"Yes","several days a week",133.1,"Above 25","Succeeding"
"Rural.Hadza","21-24",16,"5","1_Very Close to Most","several days a week",15,"Yes","a few times a month",156.7,"20","Succeeding"
"Rural.Hadza","35-44",8,"1","3_Not Close","several times a day",45,"Yes","once a day",169.6,"Above 25","Succeeding"
"Rural.Hadza","35-44",8,"2","2_Very Close to Some","a few times a month",5,"No","once a day",-17.3,"Above 25","Struggling"
"Rural.Hadza","35-44",8,"5","5_Dont Have Family","rarely/never",1,"No","rarely/never",148.3,"Above 25","Succeeding"
"Rural.Hadza","55-64",0,"3","1_Very Close to Most","rarely/never",1,"No","once a day",119.4,"Above 25","Succeeding"
"Rural.Hadza","65+",14,"4","1_Very Close to Most","several days a week",15,"Yes","once a day",161.2,"Above 25","Succeeding"
"Rural.Hadza","21-24",12,"6+","5_Dont Have Family","rarely/never",1,"Yes","once a day",108,"≤10","Succeeding"
"Rural.Hadza","25-34",12,"4","1_Very Close to Most","rarely/never",1,"Yes","rarely/never",177.2,"Above 25","Succeeding"
"Rural.Hadza","35-44",0,"2","1_Very Close to Most","rarely/never",1,"No","once a day",130.8,"Above 25","Succeeding"
"Rural.Hadza","16-20",8,"6+","1_Very Close to Most","rarely/never",1,"No","once a day",127,NA,"Succeeding"
"Rural.Hadza","25-34",14,"0","2_Very Close to Some","rarely/never",1,"Yes","once a day",158.9,"Above 25","Succeeding"
"Rural.Hadza","35-44",8,"5","3_Not Close","rarely/never",1,"No","once a day",116.3,"Above 25","Succeeding"
"Rural.Hadza","55-64",12,"2","1_Very Close to Most","rarely/never",1,"No","once a day",141.4,"Above 25","Succeeding"
"Rural.Hadza","65+",0,"1","2_Very Close to Some","rarely/never",1,"No","rarely/never",-17.4,"Above 25","Struggling"
"Rural.Hadza","25-34",8,"3","1_Very Close to Most","several days a week",15,"Yes","rarely/never",114.1,"Above 25","Succeeding"
"Rural.Hadza","35-44",8,"5","1_Very Close to Most","once a day",30,"Yes","once a day",100.4,"Above 25","Succeeding"
"Rural.Hadza","65+",0,"3","4_Dont Get Along","several times a day",45,"No","once a day",117.9,"Above 25","Succeeding"
"Rural.Hadza","25-34",8,"2","1_Very Close to Most","several days a week",15,"No","once a day",136.5,"Above 25","Succeeding"
"Rural.Hadza","45-54",8,"4","2_Very Close to Some","rarely/never",1,"No","once a day",145.4,"Above 25","Succeeding"
"Rural.Hadza","35-44",8,"4","1_Very Close to Most","rarely/never",1,"No","once a day",151,"Above 25","Succeeding"
"Rural.Hadza","45-54",8,"3","1_Very Close to Most","several days a week",15,"No","once a day",137.6,"Above 25","Succeeding"
"Rural.Hadza","35-44",8,"3","1_Very Close to Most","a few times a month",5,"Yes","once a day",158.9,"Above 25","Succeeding"
"Rural.Hadza","21-24",8,"1","1_Very Close to Most","a few times a month",5,"Yes","several days a week",169.6,"21-25","Succeeding"
"Rural.Hadza","35-44",8,"3","1_Very Close to Most","rarely/never",1,"Yes","several days a week",185.6,"Above 25","Succeeding"
"Rural.Hadza","45-54",8,"2","1_Very Close to Most","rarely/never",1,"No","once a day",155.9,"Above 25","Succeeding"
"Rural.Hadza","25-34",6,"2","1_Very Close to Most","a few times a month",5,"No","once a day",139.2,"Above 25","Succeeding"
"Rural.Hadza","65+",4,"1","1_Very Close to Most","rarely/never",1,"No","once a day",151.3,"Above 25","Succeeding"
"Rural.Hadza","45-54",8,"4","2_Very Close to Some","rarely/never",1,"No","once a day",131,"Above 25","Succeeding"
"Rural.Hadza","35-44",18,"6+","1_Very Close to Most","rarely/never",1,"Yes","once a day",147.5,"Above 25","Succeeding"
"Rural.Hadza","25-34",8,"2","1_Very Close to Most","once a day",30,"Yes","once a day",118.6,"Above 25","Succeeding"
"Rural.Hadza","65+",8,"4","6_Prefer Not to Say","several times a day",45,"No","once a day",119.4,"Above 25","Succeeding"
"Rural.Hadza","21-24",8,"2","2_Very Close to Some","rarely/never",1,"No","rarely/never",-21.1,"Do not Own","Struggling"
"Rural.Hadza","25-34",8,"4","5_Dont Have Family","a few times a month",5,"No","once a day",162.7,"Above 25","Succeeding"
"Rural.Hadza","45-54",8,"5","2_Very Close to Some","a few times a month",5,"No","once a day",133.8,"Above 25","Succeeding"
"Rural.Hadza","35-44",8,"6+","1_Very Close to Most","a few times a month",5,"Yes","once a day",169.6,"Above 25","Succeeding"
"Rural.Hadza","25-34",8,"3","1_Very Close to Most","several times a day",45,"No","once a day",-44.8,"Above 25","Struggling"
"Rural.Hadza","45-54",8,"3","2_Very Close to Some","rarely/never",1,"No","once a day",166.5,"Above 25","Succeeding"
"Rural.Hadza","45-54",8,"5","2_Very Close to Some","several times a day",45,"No","once a day",158.9,"Above 25","Succeeding"
"Rural.Hadza","45-54",8,"3","1_Very Close to Most","rarely/never",1,"No","once a day",169.6,"Above 25","Succeeding"
"Rural.Hadza","21-24",12,"4","1_Very Close to Most","several days a week",15,"Yes","once a day",131.7,"15","Succeeding"
"Rural.Hadza","55-64",8,"2","1_Very Close to Most","rarely/never",1,"No","once a day",127.8,"Above 25","Succeeding"
"Rural.Hadza","35-44",0,"6+","1_Very Close to Most","rarely/never",1,"Yes","rarely/never",155.9,"Above 25","Succeeding"
"Rural.Hadza","35-44",0,"6+","1_Very Close to Most","rarely/never",1,"Yes","rarely/never",155.9,"Above 25","Succeeding"
"Rural.Hadza","45-54",8,"5","1_Very Close to Most","rarely/never",1,"No","once a day",-54.4,"Above 25","Struggling"
"Rural.Hadza","16-20",12,"2","6_Prefer Not to Say","several times a day",45,"Yes","a few times a month",112.2,"17","Succeeding"
"Rural.Hadza","65+",8,"3","1_Very Close to Most","a few times a month",5,"No","rarely/never",116.3,"Above 25","Succeeding"
"Rural.Hadza","21-24",0,"2","1_Very Close to Most","rarely/never",1,"No","rarely/never",-31,NA,"Struggling"
"Rural.Hadza","25-34",14,"2","1_Very Close to Most","once a day",30,"Yes","several days a week",171.1,"Above 25","Succeeding"
"Rural.Hadza","25-34",12,"2","5_Dont Have Family","once a day",30,"Yes","once a day",103.4,"Above 25","Succeeding"
"Rural.Hadza","25-34",12,"4","1_Very Close to Most","rarely/never",1,"No","once a day",152.1,"Above 25","Succeeding"
"Rural.Hadza","16-20",8,"6+","1_Very Close to Most","several days a week",15,"No","once a day",152.1,NA,"Succeeding"
"Rural.Hadza","35-44",12,"3","1_Very Close to Most","a few times a month",5,"No","several days a week",-13.4,"Above 25","Struggling"
"Rural.Hadza","25-34",12,"1","2_Very Close to Some","a few times a month",5,"Yes","a few times a month",175.7,"Above 25","Succeeding"
"Rural.Hadza","35-44",8,"4","1_Very Close to Most","rarely/never",1,"Yes","once a day",169.6,"Above 25","Succeeding"
"Rural.Hadza","25-34",12,"3","1_Very Close to Most","once a day",30,"No","once a day",166.5,"Above 25","Succeeding"
"Rural.Hadza","25-34",12,"1","2_Very Close to Some","a few times a month",5,"Yes","once a day",134,"Above 25","Succeeding"
"Rural.Hadza","25-34",8,"2","2_Very Close to Some","a few times a month",5,"Yes","once a day",168.1,"Above 25","Succeeding"
"Rural.Hadza","35-44",8,"6+","2_Very Close to Some","rarely/never",1,"Yes","once a day",168.8,"Above 25","Succeeding"
"Rural.Hadza","55-64",8,"4","1_Very Close to Most","rarely/never",1,"No","rarely/never",147.5,"Above 25","Succeeding"
"Rural.Hadza","45-54",8,"6+","1_Very Close to Most","rarely/never",1,"Yes","rarely/never",150.8,"Above 25","Succeeding"
"Rural.Hadza","35-44",12,"5","1_Very Close to Most","several times a day",45,"Yes","once a day",133.1,"Above 25","Succeeding"
"Rural.Hadza","35-44",8,"3","3_Not Close","rarely/never",1,"No","once a day",-32.8,"Above 25","Struggling"
"Rural.Hadza","25-34",12,"3","2_Very Close to Some","several times a day",45,"Yes","once a day",-47.2,"Above 25","Struggling"
"Rural.Hadza","65+",0,"2","6_Prefer Not to Say","several times a day",45,"No","rarely/never",135.4,"Above 25","Succeeding"
"Rural.Hadza","45-54",8,"0","1_Very Close to Most","rarely/never",1,"Yes","once a day",156.7,"Above 25","Succeeding"
"Rural.Hadza","21-24",12,"1","2_Very Close to Some","several times a day",45,"Yes","rarely/never",-19.5,"20","Struggling"
"Rural.Hadza","25-34",12,"4","2_Very Close to Some","several days a week",15,"No","rarely/never",-51.6,"Above 25","Struggling"
"Rural.Hadza","55-64",8,"3","1_Very Close to Most","rarely/never",1,"No","once a day",157.4,"Above 25","Succeeding"
"Rural.Hadza","35-44",8,"4","1_Very Close to Most","rarely/never",1,"Yes","once a day",178.7,"Above 25","Succeeding"
"Rural.Hadza","55-64",8,"6+","1_Very Close to Most","several days a week",15,"Yes","rarely/never",143,"Above 25","Succeeding"
"Rural.Hadza","45-54",8,"1","1_Very Close to Most","several times a day",45,"No","once a day",142.2,"Above 25","Succeeding"
"Rural.Hadza","45-54",12,"6+","1_Very Close to Most","rarely/never",1,"Yes","rarely/never",114.4,"Above 25","Succeeding"
"Rural.Hadza","35-44",12,"2","5_Dont Have Family","rarely/never",1,"Yes","rarely/never",144.5,"Above 25","Succeeding"
"Rural.Hadza","21-24",12,"3","3_Not Close","several times a day",45,"Yes","once a day",-39.2,"≤10","Struggling"
"Rural.Hadza","21-24",12,"3","3_Not Close","several times a day",45,"Yes","once a day",-39.2,"≤10","Struggling"
"Rural.Hadza","25-34",12,"2","2_Very Close to Some","a few times a month",5,"No","once a day",-5.9,"Above 25","Struggling"
"Rural.Hadza","55-64",0,"5","1_Very Close to Most","a few times a month",5,"No","several days a week",122.4,"Above 25","Succeeding"
"Rural.Hadza","35-44",8,"0","1_Very Close to Most","a few times a month",5,"No","once a day",-11.1,"Above 25","Struggling"
"Rural.Hadza","55-64",8,"6+","1_Very Close to Most","several times a day",45,"Yes","once a day",138.4,"Above 25","Succeeding"
"Rural.Hadza","45-54",8,"4","1_Very Close to Most","rarely/never",1,"No","once a day",-8.5,"Above 25","Struggling"
"Rural.Hadza","45-54",8,"4","1_Very Close to Most","rarely/never",1,"No","once a day",-8.5,"Above 25","Struggling"
"Rural.Hadza","45-54",8,"5","2_Very Close to Some","a few times a month",5,"Yes","once a day",-20.1,"Above 25","Struggling"
"Rural.Hadza","65+",0,"3","1_Very Close to Most","rarely/never",1,"Yes","once a day",107.2,"Above 25","Succeeding"
"Rural.Hadza","45-54",8,"2","4_Dont Get Along","rarely/never",1,"No","once a day",149,"Above 25","Succeeding"
"Rural.Hadza","25-34",16,"3","1_Very Close to Most","rarely/never",1,"Yes","rarely/never",135,"Above 25","Succeeding"
"Rural.Hadza","45-54",8,"4","1_Very Close to Most","several days a week",15,"No","once a day",114.8,"Above 25","Succeeding"
"Rural.Hadza","25-34",8,"1","2_Very Close to Some","several times a day",45,"No","once a day",139.2,"Above 25","Succeeding"
"Rural.Hadza","35-44",8,"0","1_Very Close to Most","rarely/never",1,"No","once a day",144.5,"Above 25","Succeeding"
"Rural.Hadza","35-44",8,"1","1_Very Close to Most","a few times a month",5,"No","rarely/never",111,"Above 25","Succeeding"
"Rural.Hadza","25-34",8,"5","2_Very Close to Some","rarely/never",1,"Yes","several days a week",113.3,"Above 25","Succeeding"
"Rural.Hadza","25-34",16,"0","4_Dont Get Along","several days a week",15,"Yes","a few times a month",-24.7,"Above 25","Struggling"
"Rural.Hadza","25-34",16,"4","1_Very Close to Most","several days a week",15,"Yes","once a day",141.4,"Above 25","Succeeding"
"Rural.Hadza","35-44",8,"5","1_Very Close to Most","several times a day",45,"No","once a day",-49.2,"Above 25","Struggling"
"Rural.Hadza","35-44",8,"1","2_Very Close to Some","rarely/never",1,"No","once a day",111,"Above 25","Succeeding"
"Rural.Hadza","35-44",8,"6+","1_Very Close to Most","a few times a month",5,"Yes","rarely/never",119,"Above 25","Succeeding"
"Rural.Hadza","25-34",10,"6+","1_Very Close to Most","several times a day",45,"Yes","once a day",172.6,"Above 25","Succeeding"
"Rural.Hadza","25-34",8,"5","2_Very Close to Some","a few times a month",5,"Yes","once a day",-0.4,"Above 25","Struggling"
"Rural.Hadza","35-44",8,"5","2_Very Close to Some","once a day",30,"No","once a day",120.3,"Above 25","Succeeding"
"Rural.Hadza","16-20",16,"2","1_Very Close to Most","several days a week",15,"No","once a day",139.9,"Do not Own","Succeeding"
"Rural.Hadza","16-20",16,"2","1_Very Close to Most","several days a week",15,"No","once a day",139.9,"Do not Own","Succeeding"
"Rural.Hadza","45-54",8,"6+","2_Very Close to Some","rarely/never",1,"Yes","once a day",142.2,"Above 25","Succeeding"
"Rural.Hadza","21-24",12,"2","1_Very Close to Most","a few times a month",5,"Yes","once a day",156.7,"18","Succeeding"
"Rural.Hadza","45-54",8,"0","1_Very Close to Most","rarely/never",1,"No","rarely/never",113.7,"Above 25","Succeeding"
"Rural.Hadza","65+",6,"3","1_Very Close to Most","rarely/never",1,"No","rarely/never",139.9,"Above 25","Succeeding"
"Rural.Hadza","45-54",0,"4","5_Dont Have Family","a few times a month",5,"No","once a day",115.6,"Above 25","Succeeding"
"Rural.Hadza","55-64",8,"6+","2_Very Close to Some","rarely/never",1,"No","once a day",150.6,"Above 25","Succeeding"
"Rural.Hadza","45-54",8,"3","3_Not Close","rarely/never",1,"No","once a day",-21.3,"Above 25","Struggling"
"Rural.Hadza","16-20",8,"6+","1_Very Close to Most","a few times a month",5,"No","once a day",101.9,"Do not Own","Succeeding"
"Rural.Hadza","35-44",8,"6+","1_Very Close to Most","several days a week",15,"No","once a day",134.6,"Above 25","Succeeding"
"Rural.Hadza","45-54",8,"2","5_Dont Have Family","several times a day",45,"No","several days a week",123.2,"Above 25","Succeeding"
"Rural.Hadza","35-44",0,"1","1_Very Close to Most","rarely/never",1,"No","once a day",141.4,"Above 25","Succeeding"
"Rural.Hadza","25-34",14,"1","5_Dont Have Family","rarely/never",1,"Yes","once a day",-57.8,"Above 25","Struggling"
"Rural.Hadza","25-34",12,"3","1_Very Close to Most","a few times a month",5,"Yes","rarely/never",116.3,"Above 25","Succeeding"
"Rural.Hadza","45-54",10,"4","2_Very Close to Some","several days a week",15,"No","once a day",162,"Above 25","Succeeding"
"Rural.Hadza","35-44",8,"3","1_Very Close to Most","rarely/never",1,"No","once a day",125.5,"Above 25","Succeeding"
"Rural.Hadza","35-44",12,"4","1_Very Close to Most","once a day",30,"Yes","once a day",168.1,"Above 25","Succeeding"
"Rural.Hadza","25-34",0,"6+","2_Very Close to Some","rarely/never",1,"No","once a day",141.4,"Above 25","Succeeding"
"Rural.Hadza","25-34",0,"3","2_Very Close to Some","rarely/never",1,"No","once a day",-5.3,"Above 25","Struggling"
"Rural.Hadza","45-54",8,"6+","2_Very Close to Some","several times a day",45,"No","once a day",-9.6,"Above 25","Struggling"
"Rural.Hadza","55-64",12,"4","1_Very Close to Most","rarely/never",1,"No","several days a week",146,"Above 25","Succeeding"
"Rural.Hadza","65+",8,"2","1_Very Close to Most","rarely/never",1,"No","once a day",166.9,"Above 25","Succeeding"
"Rural.Hadza","16-20",12,"5","1_Very Close to Most","several days a week",15,"No","several days a week",155.1,"Do not Own","Succeeding"
"Rural.Hadza","21-24",12,"4","1_Very Close to Most","rarely/never",1,"Yes","once a day",171.9,"20","Succeeding"
"Rural.Hadza","16-20",12,"4","1_Very Close to Most","once a day",30,"Yes","several days a week",139.2,"18","Succeeding"
"Rural.Hadza","25-34",14,"5","6_Prefer Not to Say","several times a day",45,"Yes","once a day",177.9,"Above 25","Succeeding"
"Rural.Hadza","55-64",12,"6+","1_Very Close to Most","several times a day",45,"Yes","once a day",176.4,"Above 25","Succeeding"
"Rural.Hadza","55-64",8,"6+","1_Very Close to Most","a few times a month",5,"No","once a day",130,"Above 25","Succeeding"
"Rural.Hadza","25-34",12,"1","1_Very Close to Most","several days a week",15,"Yes","a few times a month",160.5,"Above 25","Succeeding"
"Rural.Hadza","45-54",12,"4","1_Very Close to Most","a few times a month",5,"No","once a day",136.1,"Above 25","Succeeding"
"Rural.Hadza","25-34",10,"1","5_Dont Have Family","rarely/never",1,"No","once a day",174.1,"Above 25","Succeeding"
"Rural.Hadza","16-20",12,"2","1_Very Close to Most","rarely/never",1,"No","once a day",139.2,"Do not Own","Succeeding"
"Rural.Hadza","16-20",12,"1","1_Very Close to Most","a few times a month",5,"Yes","once a day",136.1,"17","Succeeding"
"Rural.Hadza","35-44",10,"4","1_Very Close to Most","several days a week",15,"No","rarely/never",139.5,"Above 25","Succeeding"
"Rural.Hadza","35-44",12,"4","3_Not Close","several days a week",15,"Yes","once a day",139.9,"Above 25","Succeeding"
"Rural.Hadza","35-44",8,"5","1_Very Close to Most","rarely/never",1,"Yes","rarely/never",139.9,"Above 25","Succeeding"
"Rural.Hadza","25-34",10,"3","2_Very Close to Some","once a day",30,"No","a few times a month",154.4,"Above 25","Succeeding"
"Rural.Hadza","55-64",8,"4","1_Very Close to Most","several days a week",15,"No","once a day",116.5,"Above 25","Succeeding"
"Rural.Hadza","55-64",8,"6+","1_Very Close to Most","several days a week",15,"Yes","once a day",-1.6,"Above 25","Struggling"
"Rural.Hadza","25-34",10,"1","2_Very Close to Some","several days a week",15,"No","rarely/never",127,"Above 25","Succeeding"
"Rural.Hadza","45-54",8,"6+","4_Dont Get Along","rarely/never",1,"No","once a day",-2.6,"Above 25","Struggling"
"Rural.Hadza","16-20",0,"6+","1_Very Close to Most","several days a week",15,"No","once a day",166.5,NA,"Succeeding"
"Rural.Hadza","16-20",14,"6+","1_Very Close to Most","once a day",30,"Yes","once a day",137.6,"18","Succeeding"
"Rural.Hadza","16-20",8,"3","2_Very Close to Some","rarely/never",1,"No","once a day",-23.6,"Do not Own","Struggling"
"Rural.Hadza","45-54",8,"6+","2_Very Close to Some","rarely/never",1,"Yes","rarely/never",173.4,"Above 25","Succeeding"
"Rural.Hadza","16-20",12,"4","2_Very Close to Some","rarely/never",1,"Yes","rarely/never",149,"16","Succeeding"
"Rural.Hadza","25-34",12,"2","6_Prefer Not to Say","several days a week",15,"Yes","once a day",-38.4,"Above 25","Struggling"
"Rural.Hadza","55-64",8,"2","1_Very Close to Most","rarely/never",1,"No","once a day",125.7,"Above 25","Succeeding"
"Rural.Hadza","35-44",14,"3","1_Very Close to Most","a few times a month",5,"Yes","a few times a month",-23.7,"Above 25","Struggling"
"Rural.Hadza","65+",0,"5","1_Very Close to Most","several times a day",45,"No","rarely/never",-12.8,"Above 25","Struggling"
"Rural.Hadza","21-24",16,"2","1_Very Close to Most","a few times a month",5,"Yes","rarely/never",163.9,"20","Succeeding"
"Rural.Hadza","55-64",8,"4","1_Very Close to Most","rarely/never",1,"No","rarely/never",150.6,"Above 25","Succeeding"
"Rural.Hadza","21-24",8,"4","1_Very Close to Most","rarely/never",1,"Yes","a few times a month",149,"19","Succeeding"
"Rural.Hadza","21-24",14,"4","1_Very Close to Most","rarely/never",1,"Yes","a few times a month",149,"19","Succeeding"
"Rural.Hadza","35-44",16,"1","1_Very Close to Most","once a day",30,"Yes","once a day",123.2,"Above 25","Succeeding"
"Rural.Hadza","35-44",8,"3","2_Very Close to Some","rarely/never",1,"No","once a day",131.6,"Above 25","Succeeding"
"Rural.Hadza","65+",6,"3","1_Very Close to Most","a few times a month",5,"No","once a day",152.1,"Above 25","Succeeding"
"Rural.Hadza","55-64",10,"4","1_Very Close to Most","rarely/never",1,"Yes","once a day",145.2,"Above 25","Succeeding"
"Rural.Hadza","25-34",10,"2","2_Very Close to Some","rarely/never",1,"No","once a day",-4.5,"Above 25","Struggling"
"Rural.Hadza","55-64",8,"1","1_Very Close to Most","rarely/never",1,"No","rarely/never",165,"Above 25","Succeeding"
"Rural.Hadza","25-34",12,"4","2_Very Close to Some","several days a week",15,"No","once a day",-41.5,"Above 25","Struggling"
"Rural.Hadza","35-44",8,"6+","1_Very Close to Most","rarely/never",1,"No","once a day",164.3,"Above 25","Succeeding"
"Rural.Hadza","55-64",8,"3","1_Very Close to Most","rarely/never",1,"No","once a day",109.5,"Above 25","Succeeding"
"Rural.Hadza","21-24",12,"4","1_Very Close to Most","rarely/never",1,"Yes","once a day",147.5,"19","Succeeding"
"Rural.Hadza","35-44",8,"4","1_Very Close to Most","rarely/never",1,"Yes","once a day",173.4,"Above 25","Succeeding"
"Rural.Hadza","25-34",12,"3","1_Very Close to Most","several times a day",45,"Yes","rarely/never",113.7,"Above 25","Succeeding"
"Rural.Hadza","65+",4,"1","2_Very Close to Some","rarely/never",1,"No","once a day",-0.9,"Above 25","Struggling"
"Rural.Hadza","65+",16,"3","1_Very Close to Most","rarely/never",1,"No","rarely/never",173.4,"Above 25","Succeeding"
"Rural.Hadza","55-64",12,"3","1_Very Close to Most","a few times a month",5,"No","once a day",144.5,"Above 25","Succeeding"
"Rural.Hadza","35-44",8,"6+","1_Very Close to Most","rarely/never",1,"Yes","rarely/never",102.9,"Above 25","Succeeding"
"Rural.Hadza","65+",2,"1","1_Very Close to Most","several times a day",45,"No","several days a week",104.2,"Above 25","Succeeding"
"Rural.Hadza","45-54",8,"6+","1_Very Close to Most","a few times a month",5,"Yes","several days a week",136.9,"Above 25","Succeeding"
"Rural.Hadza","21-24",2,"6+","1_Very Close to Most","rarely/never",1,"Yes","once a day",144.5,"21-25","Succeeding"
"Rural.Hadza","35-44",8,"6+","2_Very Close to Some","a few times a month",5,"Yes","rarely/never",160.5,"Above 25","Succeeding"
"Rural.Hadza","35-44",8,"2","4_Dont Get Along","several days a week",15,"No","rarely/never",112.5,"Above 25","Succeeding"
"Rural.Hadza","21-24",12,"1","1_Very Close to Most","rarely/never",1,"Yes","once a day",165,"21-25","Succeeding"
"Rural.Hadza","16-20",2,"5","1_Very Close to Most","several days a week",15,"No","rarely/never",121.1,"Do not Own","Succeeding"
"Rural.Hadza","45-54",14,"5","1_Very Close to Most","several days a week",15,"No","once a day",119.6,"Above 25","Succeeding"
"Rural.Hadza","35-44",12,"4","2_Very Close to Some","rarely/never",1,"Yes","once a day",-52.1,"Above 25","Struggling"
"Rural.Hadza","55-64",12,"2","3_Not Close","rarely/never",1,"Yes","once a day",154.6,"Above 25","Succeeding"
"Rural.Hadza","25-34",8,"3","1_Very Close to Most","rarely/never",1,"Yes","once a day",155.3,"Above 25","Succeeding"
"Rural.Hadza","35-44",8,"6+","1_Very Close to Most","rarely/never",1,"Yes","once a day",-4.6,"Above 25","Struggling"
"Rural.Hadza","25-34",8,"2","1_Very Close to Most","several times a day",45,"Yes","rarely/never",-0.8,"Above 25","Struggling"
"Rural.Hadza","25-34",8,"2","1_Very Close to Most","a few times a month",5,"Yes","a few times a month",133.8,"Above 25","Succeeding"
"Rural.Hadza","35-44",10,"6+","3_Not Close","several times a day",45,"Yes","rarely/never",150.6,"Above 25","Succeeding"
"Rural.Hadza","55-64",20,"1","2_Very Close to Some","rarely/never",1,"Yes","once a day",149,"Above 25","Succeeding"
"Rural.Hadza","25-34",12,"2","2_Very Close to Some","a few times a month",5,"No","once a day",159.7,"Above 25","Succeeding"
"Rural.Hadza","25-34",12,"4","1_Very Close to Most","rarely/never",1,"Yes","rarely/never",139.9,"Above 25","Succeeding"
"Rural.Hadza","25-34",8,"4","3_Not Close","several times a day",45,"No","rarely/never",155.1,"Above 25","Succeeding"
"Rural.Hadza","35-44",12,"1","2_Very Close to Some","rarely/never",1,"No","once a day",-2.5,"Above 25","Struggling"
"Rural.Hadza","25-34",8,"3","3_Not Close","several times a day",45,"Yes","once a day",136.7,"Above 25","Succeeding"
"Rural.Hadza","55-64",12,"3","1_Very Close to Most","rarely/never",1,"Yes","several days a week",149.8,"Above 25","Succeeding"
"Rural.Hadza","25-34",12,"6+","1_Very Close to Most","rarely/never",1,"Yes","once a day",122.4,"Above 25","Succeeding"
"Rural.Hadza","25-34",12,"0","1_Very Close to Most","several days a week",15,"Yes","several days a week",147.5,"Above 25","Succeeding"
"Rural.Hadza","55-64",8,"3","1_Very Close to Most","several times a day",45,"No","once a day",148.3,"Above 25","Succeeding"
"Rural.Hadza","35-44",8,"2","1_Very Close to Most","rarely/never",1,"No","once a day",150.2,"Above 25","Succeeding"
"Rural.Hadza","25-34",8,"5","1_Very Close to Most","several days a week",15,"No","rarely/never",168.1,"Above 25","Succeeding"
"Rural.Hadza","65+",4,"4","1_Very Close to Most","rarely/never",1,"No","once a day",136.9,"Above 25","Succeeding"
"Rural.Hadza","25-34",12,"2","1_Very Close to Most","several days a week",15,"Yes","once a day",122.4,"Above 25","Succeeding"
"Rural.Hadza","65+",4,"2","1_Very Close to Most","several times a day",45,"No","once a day",104.9,"Above 25","Succeeding"
"Rural.Hadza","35-44",8,"2","2_Very Close to Some","a few times a month",5,"No","once a day",-9.1,"Above 25","Struggling"
"Rural.Hadza","25-34",12,"5","2_Very Close to Some","a few times a month",5,"Yes","once a day",149,"Above 25","Succeeding"
"Rural.Hadza","55-64",8,"4","1_Very Close to Most","rarely/never",1,"No","once a day",-8.4,"Above 25","Struggling"
"Rural.Hadza","65+",4,"3","2_Very Close to Some","a few times a month",5,"No","once a day",-5.2,"Above 25","Struggling"
"Rural.Hadza","35-44",12,"4","1_Very Close to Most","several times a day",45,"Yes","once a day",-23.7,"Above 25","Struggling"
"Rural.Hadza","45-54",8,"5","1_Very Close to Most","a few times a month",5,"Yes","once a day",145.2,"Above 25","Succeeding"
"Rural.Hadza","21-24",14,"1","1_Very Close to Most","several days a week",15,"Yes","several days a week",134.6,"17","Succeeding"
"Rural.Hadza","45-54",8,"5","1_Very Close to Most","rarely/never",1,"No","once a day",158.2,"Above 25","Succeeding"
"Rural.Hadza","45-54",12,"1","1_Very Close to Most","several days a week",15,"No","once a day",125.9,"Above 25","Succeeding"
"Rural.Hadza","55-64",8,"4","1_Very Close to Most","once a day",30,"No","once a day",133.8,"Above 25","Succeeding"
"Rural.Hadza","25-34",10,"3","1_Very Close to Most","several times a day",45,"Yes","once a day",108.6,"Above 25","Succeeding"
"Rural.Hadza","55-64",8,"5","1_Very Close to Most","rarely/never",1,"No","once a day",166.5,"Above 25","Succeeding"
"Rural.Hadza","35-44",8,"1","1_Very Close to Most","several days a week",15,"No","once a day",113.3,"Above 25","Succeeding"
"Rural.Hadza","65+",0,"2","1_Very Close to Most","rarely/never",1,"No","rarely/never",-10.2,"Above 25","Struggling"
"Rural.Hadza","25-34",12,"3","2_Very Close to Some","a few times a month",5,"No","once a day",158.9,"Above 25","Succeeding"
"Rural.Hadza","55-64",8,"2","3_Not Close","several times a day",45,"No","once a day",181.7,"Above 25","Succeeding"
"Rural.Hadza","45-54",8,"3","2_Very Close to Some","rarely/never",1,"No","once a day",135.4,"Above 25","Succeeding"
"Rural.Hadza","65+",0,"1","1_Very Close to Most","rarely/never",1,"No","rarely/never",-5.2,"Above 25","Struggling"
"Rural.Hadza","35-44",6,"2","1_Very Close to Most","rarely/never",1,"No","once a day",138.4,"Above 25","Succeeding"
"Rural.Hadza","45-54",8,"5","2_Very Close to Some","several days a week",15,"Yes","once a day",108,"Above 25","Succeeding"
"Rural.Hadza","16-20",12,"5","1_Very Close to Most","once a day",30,"Yes","a few times a month",169.6,"18","Succeeding"
"Rural.Hadza","25-34",12,"2","2_Very Close to Some","several days a week",15,"No","rarely/never",129.3,"Above 25","Succeeding"
"Rural.Hadza","35-44",8,"4","2_Very Close to Some","rarely/never",1,"No","rarely/never",193.9,"Above 25","Succeeding"
"Rural.Hadza","25-34",8,"2","5_Dont Have Family","once a day",30,"Yes","once a day",152.1,"Above 25","Succeeding"
"Rural.Hadza","21-24",8,"1","2_Very Close to Some","a few times a month",5,"No","once a day",-52.3,"Do not Own","Struggling"
"Rural.Hadza","35-44",8,"1","1_Very Close to Most","rarely/never",1,"No","once a day",170.3,"Above 25","Succeeding"
"Rural.Hadza","25-34",8,"3","1_Very Close to Most","rarely/never",1,"Yes","once a day",105.3,"Above 25","Succeeding"
"Rural.Hadza","25-34",8,"4","2_Very Close to Some","a few times a month",5,"No","once a day",104.2,"Above 25","Succeeding"
"Rural.Hadza","45-54",8,"6+","1_Very Close to Most","rarely/never",1,"No","once a day",154.4,"Above 25","Succeeding"
"Rural.Hadza","25-34",12,"4","2_Very Close to Some","several times a day",45,"Yes","once a day",-27.3,"Above 25","Struggling"
"Rural.Hadza","65+",8,"6+","1_Very Close to Most","a few times a month",5,"No","once a day",140.7,"Above 25","Succeeding"
"Rural.Hadza","25-34",8,"2","2_Very Close to Some","a few times a month",5,"No","once a day",104.9,"Above 25","Succeeding"
"Rural.Hadza","55-64",8,"1","2_Very Close to Some","rarely/never",1,"No","once a day",-9.5,"Above 25","Struggling"
"Rural.Hadza","21-24",8,"4","1_Very Close to Most","rarely/never",1,"Yes","rarely/never",176.4,"20","Succeeding"
"Rural.Hadza","25-34",12,"4","1_Very Close to Most","a few times a month",5,"No","rarely/never",-19.8,"Above 25","Struggling"
"Rural.Hadza","25-34",12,"1","1_Very Close to Most","several times a day",45,"Yes","once a day",168.1,"Above 25","Succeeding"
"Rural.Hadza","35-44",12,"3","1_Very Close to Most","rarely/never",1,"Yes","once a day",151.3,"Above 25","Succeeding"
"Rural.Hadza","21-24",10,"4","1_Very Close to Most","several times a day",45,"Yes","once a day",-49.9,"20","Struggling"
"Rural.Hadza","21-24",10,"5","2_Very Close to Some","a few times a month",5,"No","rarely/never",145.6,"Do not Own","Succeeding"
"Rural.Hadza","21-24",10,"6+","1_Very Close to Most","once a day",30,"No","once a day",158.2,NA,"Succeeding"
"Rural.Hadza","45-54",8,"3","2_Very Close to Some","rarely/never",1,"Yes","once a day",152.7,"Above 25","Succeeding"
"Rural.Hadza","16-20",8,"3","1_Very Close to Most","several times a day",45,"No","once a day",107.2,NA,"Succeeding"
"Rural.Hadza","25-34",10,"4","2_Very Close to Some","once a day",30,"Yes","a few times a month",126.2,"Above 25","Succeeding"
"Rural.Hadza","21-24",10,"3","1_Very Close to Most","rarely/never",1,"No","once a day",124,NA,"Succeeding"
"Rural.Hadza","45-54",8,"6+","1_Very Close to Most","a few times a month",5,"No","rarely/never",156.7,"Above 25","Succeeding"
"Rural.Hadza","25-34",16,"4","1_Very Close to Most","a few times a month",5,"Yes","rarely/never",147.5,"Above 25","Succeeding"
"Rural.Hadza","21-24",16,"3","1_Very Close to Most","rarely/never",1,"Yes","once a day",171.1,"19","Succeeding"
"Rural.Hadza","45-54",8,"5","1_Very Close to Most","a few times a month",5,"No","once a day",142.2,"Above 25","Succeeding"
"Rural.Hadza","16-20",8,"6+","1_Very Close to Most","rarely/never",1,"No","once a day",147.5,"Do not Own","Succeeding"
"Rural.Hadza","65+",0,"2","2_Very Close to Some","rarely/never",1,"No","rarely/never",107.2,"Above 25","Succeeding"
"Rural.Hadza","35-44",10,"4","2_Very Close to Some","rarely/never",1,"No","once a day",166.2,"Above 25","Succeeding"
"Rural.Hadza","55-64",10,"5","1_Very Close to Most","rarely/never",1,"No","once a day",183.3,"Above 25","Succeeding"
"Rural.Hadza","16-20",8,"6+","2_Very Close to Some","a few times a month",5,"Yes","several days a week",158.2,"15","Succeeding"
"Rural.Hadza","65+",8,"2","2_Very Close to Some","rarely/never",1,"No","once a day",-12.1,"Above 25","Struggling"
"Rural.Hadza","21-24",10,"1","1_Very Close to Most","rarely/never",1,"Yes","rarely/never",193.2,"14","Succeeding"
"Rural.Hadza","25-34",14,"3","1_Very Close to Most","several days a week",15,"No","rarely/never",146.8,"Above 25","Succeeding"
"Rural.Hadza","45-54",8,"5","2_Very Close to Some","rarely/never",1,"No","once a day",102.7,"Above 25","Succeeding"
"Rural.Hadza","35-44",10,"5","2_Very Close to Some","several days a week",15,"No","several days a week",-7.5,"Above 25","Struggling"
"Rural.Hadza","21-24",10,"3","1_Very Close to Most","several days a week",15,"No","once a day",136.1,"Do not Own","Succeeding"
"Rural.Hadza","25-34",NA,"3","2_Very Close to Some","rarely/never",1,"No","once a day",-9.2,"Above 25","Struggling"
"Rural.Hadza","25-34",16,"2","5_Dont Have Family","several times a day",45,"Yes","once a day",-17.5,"Above 25","Struggling"
"Rural.Hadza","45-54",8,"5","1_Very Close to Most","a few times a month",5,"No","once a day",168.8,"Above 25","Succeeding"
"Rural.Hadza","25-34",12,"5","1_Very Close to Most","rarely/never",1,"No","once a day",152.1,"Above 25","Succeeding"
"Rural.Hadza","45-54",8,"2","1_Very Close to Most","several times a day",45,"Yes","once a day",149,"Above 25","Succeeding"
"Rural.Hadza","25-34",16,"4","1_Very Close to Most","rarely/never",1,"Yes","once a day",105.9,"Above 25","Succeeding"
"Rural.Hadza","55-64",0,"1","1_Very Close to Most","rarely/never",1,"No","rarely/never",162,"Above 25","Succeeding"
"Rural.Hadza","25-34",16,"6+","1_Very Close to Most","rarely/never",1,"Yes","once a day",171.5,"Above 25","Succeeding"
"Rural.Hadza","65+",0,"5","1_Very Close to Most","several days a week",15,"No","once a day",106.5,"Above 25","Succeeding"
"Rural.Hadza","45-54",0,"5","1_Very Close to Most","a few times a month",5,"No","once a day",119.4,"Above 25","Succeeding"
"Rural.Hadza","35-44",6,"1","2_Very Close to Some","several times a day",45,"No","once a day",-27.3,"Above 25","Struggling"
"Rural.Hadza","16-20",14,"6+","2_Very Close to Some","several times a day",45,"Yes","rarely/never",125.1,"18","Succeeding"
"Rural.Hadza","35-44",6,"4","1_Very Close to Most","rarely/never",1,"Yes","once a day",112.5,"Above 25","Succeeding"
"Rural.Hadza","25-34",12,"3","1_Very Close to Most","a few times a month",5,"No","once a day",157.4,"Above 25","Succeeding"
"Rural.Hadza","35-44",10,"2","1_Very Close to Most","a few times a month",5,"No","rarely/never",149,"Above 25","Succeeding"
"Rural.Hadza","45-54",8,"0","1_Very Close to Most","several days a week",15,"Yes","once a day",149.8,"Above 25","Succeeding"
"Rural.Hadza","35-44",14,"6+","2_Very Close to Some","a few times a month",5,"No","once a day",105.7,"Above 25","Succeeding"
"Rural.Hadza","21-24",16,"3","1_Very Close to Most","several days a week",15,"Yes","a few times a month",123.2,"13","Succeeding"
"Rural.Hadza","25-34",12,"5","1_Very Close to Most","several days a week",15,"Yes","rarely/never",151.3,"Above 25","Succeeding"
"Rural.Hadza","35-44",4,"5","2_Very Close to Some","several days a week",15,"No","once a day",-15.6,"Above 25","Struggling"
"Rural.Hadza","25-34",16,"4","1_Very Close to Most","once a day",30,"Yes","once a day",-45.2,"Above 25","Struggling"
"Rural.Hadza","55-64",4,"1","2_Very Close to Some","a few times a month",5,"No","once a day",-4.8,"Above 25","Struggling"
"Rural.Hadza","25-34",16,"3","1_Very Close to Most","several days a week",15,"Yes","rarely/never",141.4,"Above 25","Succeeding"
"Rural.Hadza","45-54",8,"5","1_Very Close to Most","a few times a month",5,"No","once a day",147.5,"Above 25","Succeeding"
"Rural.Hadza","21-24",16,"5","5_Dont Have Family","several days a week",15,"Yes","once a day",150,"19","Succeeding"
"Rural.Hadza","25-34",14,"3","2_Very Close to Some","rarely/never",1,"Yes","several days a week",158.6,"Above 25","Succeeding"
"Rural.Hadza","25-34",16,"5","1_Very Close to Most","several times a day",45,"Yes","once a day",165.8,"Above 25","Succeeding"
"Rural.Hadza","25-34",12,"1","1_Very Close to Most","rarely/never",1,"No","once a day",152.9,"Above 25","Succeeding"
"Rural.Hadza","25-34",16,"3","2_Very Close to Some","several days a week",15,"Yes","rarely/never",137.6,"Above 25","Succeeding"
"Rural.Hadza","16-20",16,"6+","1_Very Close to Most","rarely/never",1,"Yes","once a day",170.3,"18","Succeeding"
"Rural.Hadza","25-34",14,"3","2_Very Close to Some","several days a week",15,"Yes","once a day",-2,"Above 25","Struggling"
"Rural.Hadza","45-54",12,"3","1_Very Close to Most","a few times a month",5,"No","once a day",169.6,"Above 25","Succeeding"
"Rural.Hadza","55-64",0,"1","1_Very Close to Most","a few times a month",5,"No","rarely/never",108,"Above 25","Succeeding"
"Rural.Hadza","25-34",12,"4","1_Very Close to Most","several times a day",45,"Yes","once a day",-3.8,"Above 25","Struggling"
"Rural.Hadza","16-20",12,"6+","3_Not Close","a few times a month",5,"No","once a day",-60.6,"Do not Own","Struggling"
"Rural.Hadza","65+",4,"6+","2_Very Close to Some","several days a week",15,"No","once a day",-14.9,"Above 25","Struggling"
"Rural.Hadza","21-24",10,"2","2_Very Close to Some","several days a week",15,"No","once a day",-18.7,"Do not Own","Struggling"
"Rural.Hadza","25-34",12,"6+","1_Very Close to Most","rarely/never",1,"Yes","once a day",121.9,"Above 25","Succeeding"
"Rural.Hadza","65+",4,"2","5_Dont Have Family","several times a day",45,"No","once a day",-1.5,"Above 25","Struggling"
"Rural.Hadza","35-44",10,"5","1_Very Close to Most","rarely/never",1,"No","once a day",141.8,"Above 25","Succeeding"
"Rural.Hadza","25-34",14,"4","1_Very Close to Most","rarely/never",1,"Yes","once a day",184.8,"Above 25","Succeeding"
"Rural.Hadza","21-24",14,"6+","1_Very Close to Most","rarely/never",1,"Yes","once a day",173.8,"19","Succeeding"
"Rural.Hadza","16-20",12,"5","2_Very Close to Some","several times a day",45,"Yes","once a day",-2.5,"20","Struggling"
"Rural.Hadza","16-20",14,"3","1_Very Close to Most","several times a day",45,"No","several days a week",-51.9,NA,"Struggling"
"Rural.Hadza","21-24",12,"3","1_Very Close to Most","several days a week",15,"Yes","rarely/never",185.6,"18","Succeeding"
"Rural.Hadza","45-54",6,"4","1_Very Close to Most","a few times a month",5,"Yes","once a day",171.9,"Above 25","Succeeding"
"Rural.Hadza","25-34",12,"2","1_Very Close to Most","several times a day",45,"Yes","once a day",-13.3,"Above 25","Struggling"
"Rural.Hadza","16-20",12,"6+","1_Very Close to Most","several days a week",15,"No","once a day",157.4,"Do not Own","Succeeding"
"Rural.Hadza","25-34",12,"3","5_Dont Have Family","once a day",30,"No","several days a week",-26.5,"Above 25","Struggling"
"Rural.Hadza","45-54",0,"4","5_Dont Have Family","rarely/never",1,"No","once a day",156.7,"Above 25","Succeeding"
"Rural.Hadza","65+",0,"3","1_Very Close to Most","rarely/never",1,"Yes","once a day",128.5,"Above 25","Succeeding"
"Rural.Hadza","45-54",8,"2","1_Very Close to Most","rarely/never",1,"No","a few times a month",176.4,"Above 25","Succeeding"
"Rural.Hadza","25-34",12,"5","1_Very Close to Most","a few times a month",5,"No","once a day",-13.1,"Above 25","Struggling"
"Rural.Hadza","25-34",12,"3","5_Dont Have Family","several days a week",15,"Yes","once a day",148.3,"Above 25","Succeeding"
"Rural.Hadza","65+",0,"2","1_Very Close to Most","rarely/never",1,"No","once a day",101.9,"Above 25","Succeeding"
"Rural.Hadza","16-20",0,"1","2_Very Close to Some","several days a week",15,"No","once a day",165,NA,"Succeeding"
"Rural.Hadza","21-24",12,"2","2_Very Close to Some","several days a week",15,"No","a few times a month",124.3,"Do not Own","Succeeding"
"Rural.Hadza","25-34",8,"4","2_Very Close to Some","rarely/never",1,"No","once a day",123.4,"Above 25","Succeeding"
"Rural.Hadza","35-44",0,"4","1_Very Close to Most","rarely/never",1,"Yes","once a day",-8.4,"Above 25","Struggling"
"Rural.Hadza","25-34",12,"1","1_Very Close to Most","a few times a month",5,"Yes","once a day",178.7,"Above 25","Succeeding"
"Rural.Hadza","25-34",8,"4","1_Very Close to Most","rarely/never",1,"Yes","several days a week",133.1,"Above 25","Succeeding"
"Rural.Hadza","65+",16,"2","1_Very Close to Most","several times a day",45,"Yes","once a day",145.2,"Above 25","Succeeding"
"Rural.Hadza","65+",4,"3","1_Very Close to Most","a few times a month",5,"No","rarely/never",109.9,"Above 25","Succeeding"
"Rural.Hadza","45-54",8,"6+","1_Very Close to Most","several days a week",15,"Yes","once a day",108,"Above 25","Succeeding"
"Rural.Hadza","45-54",12,"4","2_Very Close to Some","a few times a month",5,"Yes","once a day",160.5,"Above 25","Succeeding"
"Rural.Hadza","45-54",12,"4","2_Very Close to Some","a few times a month",5,"No","once a day",121.1,"Above 25","Succeeding"
"Rural.Hadza","21-24",14,"1","1_Very Close to Most","several times a day",45,"Yes","once a day",153.6,"15","Succeeding"
"Rural.Hadza","45-54",16,"6+","1_Very Close to Most","several times a day",45,"Yes","once a day",158.6,"Above 25","Succeeding"
"Rural.Hadza","65+",0,"2","2_Very Close to Some","several times a day",45,"No","rarely/never",-7.1,"Above 25","Struggling"
"Rural.Hadza","55-64",0,"6+","1_Very Close to Most","rarely/never",1,"No","once a day",136.1,"Above 25","Succeeding"
"Rural.Hadza","35-44",0,"2","4_Dont Get Along","rarely/never",1,"No","rarely/never",-14.4,"Above 25","Struggling"
"Rural.Hadza","35-44",8,"6+","1_Very Close to Most","a few times a month",5,"No","once a day",102.1,"Above 25","Succeeding"
"Rural.Hadza","25-34",16,"6+","1_Very Close to Most","several days a week",15,"Yes","a few times a month",171.9,"Above 25","Succeeding"
"Rural.Hadza","25-34",12,"6+","1_Very Close to Most","a few times a month",5,"No","several days a week",141.6,"Above 25","Succeeding"
"Rural.Hadza","45-54",8,"6+","1_Very Close to Most","several days a week",15,"No","once a day",133.8,"Above 25","Succeeding"
"Rural.Hadza","55-64",0,"6+","1_Very Close to Most","rarely/never",1,"No","once a day",-25.2,"Above 25","Struggling"
"Rural.Hadza","21-24",12,"3","2_Very Close to Some","a few times a month",5,"No","rarely/never",104.9,NA,"Succeeding"
"Rural.Hadza","35-44",0,"5","1_Very Close to Most","rarely/never",1,"No","once a day",141.4,"Above 25","Succeeding"
"Rural.Hadza","21-24",14,"6+","2_Very Close to Some","rarely/never",1,"Yes","once a day",161.2,"18","Succeeding"
"Rural.Hadza","65+",0,"5","1_Very Close to Most","several days a week",15,"No","once a day",-7.2,"Above 25","Struggling"
"Rural.Hadza","25-34",16,"3","6_Prefer Not to Say","several times a day",45,"Yes","rarely/never",-3.7,"Above 25","Struggling"
"Rural.Hadza","25-34",12,"4","2_Very Close to Some","a few times a month",5,"No","once a day",130.4,"Above 25","Succeeding"
"Rural.Hadza","35-44",6,"2","1_Very Close to Most","a few times a month",5,"No","once a day",106.1,"Above 25","Succeeding"
"Rural.Hadza","21-24",8,"5","1_Very Close to Most","a few times a month",5,"No","once a day",-15.5,NA,"Struggling"
"Rural.Hadza","25-34",12,"1","1_Very Close to Most","rarely/never",1,"Yes","once a day",137.1,"Above 25","Succeeding"
"Rural.Hadza","25-34",8,"3","5_Dont Have Family","a few times a month",5,"No","once a day",111.2,"Above 25","Succeeding"
"Rural.Hadza","65+",16,"1","1_Very Close to Most","several times a day",45,"No","rarely/never",116.7,"Above 25","Succeeding"
"Rural.Hadza","16-20",12,"4","1_Very Close to Most","a few times a month",5,"Yes","rarely/never",155.1,"17","Succeeding"
"Rural.Hadza","35-44",8,"5","2_Very Close to Some","rarely/never",1,"No","once a day",191.6,"Above 25","Succeeding"
"Rural.Hadza","35-44",8,"3","1_Very Close to Most","rarely/never",1,"No","once a day",107.6,"Above 25","Succeeding"
"Rural.Hadza","25-34",18,"0","2_Very Close to Some","several times a day",45,"Yes","once a day",114.1,"Above 25","Succeeding"
"Rural.Hadza","16-20",14,"3","1_Very Close to Most","several days a week",15,"Yes","once a day",165.8,"17","Succeeding"
"Rural.Hadza","21-24",12,"1","1_Very Close to Most","a few times a month",5,"Yes","once a day",165,"18","Succeeding"
"Rural.Hadza","21-24",12,"1","1_Very Close to Most","a few times a month",5,"Yes","once a day",151.3,"19","Succeeding"
"Rural.Hadza","21-24",12,"3","2_Very Close to Some","several days a week",15,"Yes","once a day",-27.3,"17","Struggling"
"Rural.Hadza","65+",6,"3","2_Very Close to Some","several times a day",45,"No","once a day",105.3,"Above 25","Succeeding"
"Rural.Hadza","35-44",12,"2","1_Very Close to Most","rarely/never",1,"No","once a day",-14.8,"Above 25","Struggling"
"Rural.Hadza","25-34",16,"4","1_Very Close to Most","rarely/never",1,"Yes","once a day",172.6,"Above 25","Succeeding"
"Rural.Hadza","25-34",12,"4","2_Very Close to Some","several days a week",15,"Yes","once a day",104.4,"Above 25","Succeeding"
"Rural.Hadza","25-34",18,"5","2_Very Close to Some","several days a week",15,"Yes","once a day",139.2,"Above 25","Succeeding"
"Rural.Hadza","35-44",14,"4","1_Very Close to Most","several times a day",45,"Yes","once a day",103.4,"Above 25","Succeeding"
"Rural.Hadza","16-20",2,"1","1_Very Close to Most","rarely/never",1,"No","once a day",127.8,NA,"Succeeding"
"Rural.Hadza","35-44",8,"0","5_Dont Have Family","several days a week",15,"No","rarely/never",-24.9,"Above 25","Struggling"
"Rural.Hadza","35-44",12,"4","3_Not Close","several times a day",45,"No","once a day",184,"Above 25","Succeeding"
"Rural.Hadza","45-54",12,"4","1_Very Close to Most","several days a week",15,"Yes","once a day",-12.1,"Above 25","Struggling"
"Rural.Hadza","25-34",12,"3","2_Very Close to Some","several times a day",45,"No","once a day",-17.6,"Above 25","Struggling"
"Rural.Hadza","25-34",16,"6+","4_Dont Get Along","several days a week",15,"Yes","once a day",135,"Above 25","Succeeding"
"Rural.Hadza","25-34",12,"3","2_Very Close to Some","rarely/never",1,"No","a few times a month",113.3,"Above 25","Succeeding"
"Rural.Hadza","16-20",12,"6+","2_Very Close to Some","once a day",30,"Yes","once a day",-62.8,"17","Struggling"
"Rural.Hadza","45-54",0,"6+","1_Very Close to Most","rarely/never",1,"No","rarely/never",130.8,"Above 25","Succeeding"
"Rural.Hadza","25-34",16,"1","5_Dont Have Family","a few times a month",5,"Yes","rarely/never",177.2,"Above 25","Succeeding"
"Rural.Hadza","25-34",12,"1","1_Very Close to Most","a few times a month",5,"Yes","rarely/never",159.7,"Above 25","Succeeding"
"Rural.Hadza","65+",0,"2","2_Very Close to Some","a few times a month",5,"No","rarely/never",-0.2,"Above 25","Struggling"
"Rural.Hadza","55-64",12,"4","1_Very Close to Most","rarely/never",1,"No","once a day",174.9,"Above 25","Succeeding"
"Rural.Hadza","25-34",12,"4","1_Very Close to Most","rarely/never",1,"No","rarely/never",174.9,"Above 25","Succeeding"
"Rural.Hadza","55-64",0,"0","1_Very Close to Most","a few times a month",5,"No","once a day",152.1,"Above 25","Succeeding"
"Rural.Hadza","16-20",12,"6+","1_Very Close to Most","once a day",30,"Yes","once a day",172.6,"15","Succeeding"
"Rural.Hadza","45-54",0,NA,NA,NA,NA,NA,NA,130,"Above 25","Succeeding"
"Rural.Hadza","35-44",8,NA,NA,NA,NA,NA,NA,157.4,"Above 25","Succeeding"
"Rural.Hadza","25-34",12,NA,NA,NA,NA,NA,NA,173.4,"Above 25","Succeeding"
"Rural.Hadza","16-20",0,NA,NA,NA,NA,NA,NA,140.7,NA,"Succeeding"
"Rural.Hadza","16-20",12,NA,NA,NA,NA,NA,NA,131.6,NA,"Succeeding"
"Rural.Hadza","35-44",8,NA,NA,NA,NA,NA,NA,137.6,"Above 25","Succeeding"
"Rural.Hadza","65+",12,NA,NA,NA,NA,NA,NA,168.1,"Above 25","Succeeding"
"Rural.Hadza","16-20",12,NA,NA,NA,NA,NA,NA,180.2,NA,"Succeeding"
"Rural.Hadza","21-24",10,NA,NA,NA,NA,NA,NA,-27.7,NA,"Struggling"
"Rural.Hadza","25-34",8,NA,NA,NA,NA,NA,NA,124.1,"Above 25","Succeeding"
"Rural.Hadza","65+",8,NA,NA,NA,NA,NA,NA,163.5,"Above 25","Succeeding"
"Rural.Hadza","35-44",8,NA,NA,NA,NA,NA,NA,-4.5,"Above 25","Struggling"
"Rural.Hadza","45-54",8,NA,NA,NA,NA,NA,NA,-6.4,"Above 25","Struggling"
"Rural.Hadza","35-44",8,NA,NA,NA,NA,NA,NA,-4.5,"Above 25","Struggling"
"Rural.Hadza","16-20",4,NA,NA,NA,NA,NA,NA,157.4,NA,"Succeeding"
"Rural.Hadza","35-44",8,NA,NA,NA,NA,NA,NA,-4.5,"Above 25","Struggling"
"Rural.Hadza","45-54",8,NA,NA,NA,NA,NA,NA,-6.4,"Above 25","Struggling"
"Rural.Hadza","35-44",8,NA,NA,NA,NA,NA,NA,-4.5,"Above 25","Struggling"
"Rural.Hadza","25-34",14,NA,NA,NA,NA,NA,NA,147.5,"Above 25","Succeeding"
"Rural.Hadza","35-44",10,NA,NA,NA,NA,NA,NA,122.4,"Above 25","Succeeding"
"Rural.Hadza","45-54",8,NA,NA,NA,NA,NA,NA,132.3,"Above 25","Succeeding"
"Rural.Hadza","35-44",8,NA,NA,NA,NA,NA,NA,142.2,"Above 25","Succeeding"
"Rural.Hadza","35-44",8,NA,NA,NA,NA,NA,NA,139.2,"Above 25","Succeeding"
"Rural.Hadza","35-44",18,NA,NA,NA,NA,NA,NA,153.6,"Above 25","Succeeding"
"Rural.Hadza","65+",0,NA,NA,NA,NA,NA,NA,143.7,"Above 25","Succeeding"
"Rural.Hadza","21-24",14,NA,NA,NA,NA,NA,NA,158.2,NA,"Succeeding"
"Rural.Hadza","35-44",8,NA,NA,NA,NA,NA,NA,136.9,"Above 25","Succeeding"
"Rural.Hadza","16-20",0,NA,NA,NA,NA,NA,NA,122.1,NA,"Succeeding"
"Rural.Hadza","55-64",12,NA,NA,NA,NA,NA,NA,155.9,"Above 25","Succeeding"
"Rural.Hadza","16-20",8,NA,NA,NA,NA,NA,NA,101.9,NA,"Succeeding"
"Rural.Hadza","35-44",8,NA,NA,NA,NA,NA,NA,-15.5,"Above 25","Struggling"
"Rural.Hadza","45-54",8,NA,NA,NA,NA,NA,NA,144.5,"Above 25","Succeeding"
"Rural.Hadza","21-24",12,NA,NA,NA,NA,NA,NA,-35.1,NA,"Struggling"
"Rural.Hadza","55-64",0,NA,NA,NA,NA,NA,NA,112.5,"Above 25","Succeeding"
"Rural.Hadza","55-64",0,NA,NA,NA,NA,NA,NA,112.5,"Above 25","Succeeding"
"Rural.Hadza","55-64",0,NA,NA,NA,NA,NA,NA,112.5,"Above 25","Succeeding"
"Rural.Hadza","45-54",8,NA,NA,NA,NA,NA,NA,-67.8,"Above 25","Struggling"
"Rural.Hadza","45-54",8,NA,NA,NA,NA,NA,NA,-67.8,"Above 25","Struggling"
"Rural.Hadza","35-44",8,NA,NA,NA,NA,NA,NA,146,"Above 25","Succeeding"
"Rural.Hadza","25-34",12,NA,NA,NA,NA,NA,NA,155.1,"Above 25","Succeeding"
"Rural.Hadza","35-44",12,NA,NA,NA,NA,NA,NA,-18.7,"Above 25","Struggling"
"Rural.Hadza","45-54",12,NA,NA,NA,NA,NA,NA,128.5,"Above 25","Succeeding"
"Rural.Hadza","21-24",12,NA,NA,NA,NA,NA,NA,-10.5,NA,"Struggling"
"Rural.Hadza","25-34",12,NA,NA,NA,NA,NA,NA,170.3,"Above 25","Succeeding"
"Rural.Hadza","35-44",12,NA,NA,NA,NA,NA,NA,159.7,"Above 25","Succeeding"
"Rural.Hadza","35-44",0,NA,NA,NA,NA,NA,NA,159.7,"Above 25","Succeeding"
"Rural.Hadza","35-44",12,NA,NA,NA,NA,NA,NA,159.7,"Above 25","Succeeding"
"Rural.Hadza","35-44",0,NA,NA,NA,NA,NA,NA,159.7,"Above 25","Succeeding"
"Rural.Hadza","55-64",8,NA,NA,NA,NA,NA,NA,-9.2,"Above 25","Struggling"
"Rural.Hadza","35-44",8,NA,NA,NA,NA,NA,NA,-15.5,"Above 25","Struggling"
"Rural.Hadza","35-44",12,NA,NA,NA,NA,NA,NA,-15.5,"Above 25","Struggling"
"Rural.Hadza","35-44",8,NA,NA,NA,NA,NA,NA,-15.5,"Above 25","Struggling"
"Rural.Hadza","55-64",8,NA,NA,NA,NA,NA,NA,-9.2,"Above 25","Struggling"
"Rural.Hadza","55-64",12,NA,NA,NA,NA,NA,NA,-9.2,"Above 25","Struggling"
"Rural.Hadza","35-44",12,NA,NA,NA,NA,NA,NA,-15.5,"Above 25","Struggling"
"Rural.Hadza","55-64",12,NA,NA,NA,NA,NA,NA,-9.2,"Above 25","Struggling"
"Rural.Hadza","35-44",16,NA,NA,NA,NA,NA,NA,-44.6,"Above 25","Struggling"
"Rural.Hadza","21-24",8,NA,NA,NA,NA,NA,NA,156.7,NA,"Succeeding"
"Rural.Hadza","65+",8,NA,NA,NA,NA,NA,NA,129.3,"Above 25","Succeeding"
"Rural.Hadza","21-24",8,NA,NA,NA,NA,NA,NA,-3,NA,"Struggling"
"Rural.Hadza","21-24",14,NA,NA,NA,NA,NA,NA,-3,NA,"Struggling"
"Rural.Hadza","16-20",8,NA,NA,NA,NA,NA,NA,140.7,NA,"Succeeding"
"Rural.Hadza","21-24",14,NA,NA,NA,NA,NA,NA,-3,NA,"Struggling"
"Rural.Hadza","45-54",8,NA,NA,NA,NA,NA,NA,107.2,"Above 25","Succeeding"
"Rural.Hadza","16-20",12,NA,NA,NA,NA,NA,NA,131.6,NA,"Succeeding"
"Rural.Hadza","35-44",12,NA,NA,NA,NA,NA,NA,-4.2,"Above 25","Struggling"
"Rural.Hadza","21-24",12,NA,NA,NA,NA,NA,NA,-30,NA,"Struggling"
"Rural.Hadza","25-34",8,NA,NA,NA,NA,NA,NA,145.2,"Above 25","Succeeding"
"Rural.Hadza","25-34",10,NA,NA,NA,NA,NA,NA,-51.5,"Above 25","Struggling"
"Rural.Hadza","65+",8,NA,NA,NA,NA,NA,NA,133.1,"Above 25","Succeeding"
"Rural.Hadza","25-34",8,NA,NA,NA,NA,NA,NA,147.5,"Above 25","Succeeding"
"Rural.Hadza","25-34",14,NA,NA,NA,NA,NA,NA,147.5,"Above 25","Succeeding"
"Rural.Hadza","35-44",8,NA,NA,NA,NA,NA,NA,112.5,"Above 25","Succeeding"
"Rural.Hadza","16-20",14,NA,NA,NA,NA,NA,NA,-0.9,NA,"Struggling"
"Rural.Hadza","65+",0,NA,NA,NA,NA,NA,NA,135.4,"Above 25","Succeeding"
"Rural.Hadza","35-44",8,NA,NA,NA,NA,NA,NA,142.2,"Above 25","Succeeding"
"Rural.Hadza","45-54",0,NA,NA,NA,NA,NA,NA,-2.5,"Above 25","Struggling"
"Rural.Hadza","45-54",0,NA,NA,NA,NA,NA,NA,151.3,"Above 25","Succeeding"
"Rural.Hadza","65+",10,NA,NA,NA,NA,NA,NA,127.8,"Above 25","Succeeding"
"Rural.Hadza","35-44",4,NA,NA,NA,NA,NA,NA,120.9,"Above 25","Succeeding"
"Rural.Hadza","25-34",12,NA,NA,NA,NA,NA,NA,170.3,"Above 25","Succeeding"
"Rural.Hadza","25-34",0,NA,NA,NA,NA,NA,NA,145.2,"Above 25","Succeeding"
"Rural.Hadza","55-64",2,NA,NA,NA,NA,NA,NA,158.9,"Above 25","Succeeding"
"Rural.Hadza","25-34",10,NA,NA,NA,NA,NA,NA,-51.5,"Above 25","Struggling"
"Rural.Hadza","35-44",0,NA,NA,NA,NA,NA,NA,124,"Above 25","Succeeding"
"Rural.Hadza","65+",12,NA,NA,NA,NA,NA,NA,-59.3,"Above 25","Struggling"
"Rural.Hadza","21-24",0,NA,NA,NA,NA,NA,NA,149.8,NA,"Succeeding"
"Rural.Hadza","65+",4,NA,NA,NA,NA,NA,NA,139.5,"Above 25","Succeeding"
"Rural.Hadza","55-64",0,NA,NA,NA,NA,NA,NA,112.5,"Above 25","Succeeding"
"Rural.Hadza","16-20",14,NA,NA,NA,NA,NA,NA,149.8,NA,"Succeeding"
"Rural.Hadza","45-54",8,NA,NA,NA,NA,NA,NA,157.4,"Above 25","Succeeding"
"Rural.Hadza","25-34",12,NA,NA,NA,NA,NA,NA,-3,"Above 25","Struggling"
"Rural.Hadza","21-24",16,NA,NA,NA,NA,NA,NA,109.5,NA,"Succeeding"
"Rural.Hadza","45-54",0,NA,NA,NA,NA,NA,NA,143.7,"Above 25","Succeeding"
"Rural.Hadza","25-34",10,NA,NA,NA,NA,NA,NA,170.3,"Above 25","Succeeding"
"Rural.Hadza","25-34",10,NA,NA,NA,NA,NA,NA,170.3,"Above 25","Succeeding"
"Rural.Hadza","16-20",2,NA,NA,NA,NA,NA,NA,113.3,NA,"Succeeding"
"Rural.Hadza","35-44",8,NA,NA,NA,NA,NA,NA,178.7,"Above 25","Succeeding"
"Rural.Hadza","25-34",8,NA,NA,NA,NA,NA,NA,146,"Above 25","Succeeding"
"Rural.Hadza","55-64",8,NA,NA,NA,NA,NA,NA,143,"Above 25","Succeeding"
"Rural.Hadza","65+",8,NA,NA,NA,NA,NA,NA,139.5,"Above 25","Succeeding"
"Rural.Hadza","65+",4,NA,NA,NA,NA,NA,NA,139.5,"Above 25","Succeeding"
"Rural.Hadza","45-54",8,NA,NA,NA,NA,NA,NA,143.7,"Above 25","Succeeding"
"Rural.Hadza","16-20",10,NA,NA,NA,NA,NA,NA,-13,NA,"Struggling"
"Rural.Hadza","35-44",14,NA,NA,NA,NA,NA,NA,100,"Above 25","Succeeding"
"Rural.Hadza","21-24",8,NA,NA,NA,NA,NA,NA,-3,NA,"Struggling"
"Rural.Hadza","65+",0,NA,NA,NA,NA,NA,NA,128.5,"Above 25","Succeeding"
"Rural.Hadza","35-44",0,NA,NA,NA,NA,NA,NA,140.7,"Above 25","Succeeding"
"Rural.Hadza","25-34",10,NA,NA,NA,NA,NA,NA,168.8,"Above 25","Succeeding"
"Rural.Hadza","25-34",0,NA,NA,NA,NA,NA,NA,145.2,"Above 25","Succeeding"
"Rural.Hadza","25-34",8,NA,NA,NA,NA,NA,NA,145.2,"Above 25","Succeeding"
"Rural.Hadza","35-44",8,NA,NA,NA,NA,NA,NA,120.9,"Above 25","Succeeding"
"Rural.Hadza","45-54",8,NA,NA,NA,NA,NA,NA,-12.4,"Above 25","Struggling"
"Rural.Hadza","55-64",8,NA,NA,NA,NA,NA,NA,158.9,"Above 25","Succeeding"
"Rural.Hadza","25-34",12,NA,NA,NA,NA,NA,NA,139.9,"Above 25","Succeeding"
"Rural.Hadza","45-54",8,NA,NA,NA,NA,NA,NA,-6.4,"Above 25","Struggling"
"Rural.Hadza","65+",8,NA,NA,NA,NA,NA,NA,139.5,"Above 25","Succeeding"
"Rural.Hadza","35-44",4,NA,NA,NA,NA,NA,NA,135.4,"Above 25","Succeeding"
"Rural.Hadza","35-44",8,NA,NA,NA,NA,NA,NA,140.7,"Above 25","Succeeding"
"Rural.Hadza","25-34",14,NA,NA,NA,NA,NA,NA,176.8,"Above 25","Succeeding"
"Rural.Hadza","25-34",12,NA,NA,NA,NA,NA,NA,120.2,"Above 25","Succeeding"
"Rural.Hadza","35-44",16,NA,NA,NA,NA,NA,NA,-2.4,"Above 25","Struggling"
"Rural.Hadza","35-44",8,NA,NA,NA,NA,NA,NA,-6.9,"Above 25","Struggling"
"Rural.Hadza","55-64",8,NA,NA,NA,NA,NA,NA,139.9,"Above 25","Succeeding"
"Rural.Hadza","25-34",8,NA,NA,NA,NA,NA,NA,156.7,"Above 25","Succeeding"
"Rural.Hadza","65+",4,NA,NA,NA,NA,NA,NA,105.7,"Above 25","Succeeding"
"Rural.Hadza","25-34",8,NA,NA,NA,NA,NA,NA,128.5,"Above 25","Succeeding"
"Rural.Hadza","25-34",10,NA,NA,NA,NA,NA,NA,156.1,"Above 25","Succeeding"
"Rural.Hadza","35-44",8,NA,NA,NA,NA,NA,NA,140.7,"Above 25","Succeeding"
"Rural.Hadza","45-54",12,NA,NA,NA,NA,NA,NA,174.1,"Above 25","Succeeding"
"Rural.Hadza","45-54",16,NA,NA,NA,NA,NA,NA,149,"Above 25","Succeeding"
"Rural.Hadza","45-54",8,NA,NA,NA,NA,NA,NA,123.4,"Above 25","Succeeding"
"Rural.Hadza","65+",6,NA,NA,NA,NA,NA,NA,104.2,"Above 25","Succeeding"
"Rural.Hadza","45-54",8,NA,NA,NA,NA,NA,NA,157.4,"Above 25","Succeeding"
"Rural.Hadza","25-34",8,NA,NA,NA,NA,NA,NA,147.5,"Above 25","Succeeding"
"Rural.Hadza","35-44",10,NA,NA,NA,NA,NA,NA,143,"Above 25","Succeeding"
"Rural.Hadza","35-44",4,NA,NA,NA,NA,NA,NA,120.9,"Above 25","Succeeding"
"Rural.Hadza","21-24",8,NA,NA,NA,NA,NA,NA,130.8,NA,"Succeeding"
"Rural.Hadza","45-54",0,NA,NA,NA,NA,NA,NA,133.1,"Above 25","Succeeding"
"Rural.Hadza","65+",8,NA,NA,NA,NA,NA,NA,155.1,"Above 25","Succeeding"
"Rural.Hadza","35-44",12,NA,NA,NA,NA,NA,NA,150.6,"Above 25","Succeeding"
"Rural.Hadza","45-54",8,NA,NA,NA,NA,NA,NA,-6.4,"Above 25","Struggling"
"Rural.Hadza","35-44",8,NA,NA,NA,NA,NA,NA,120.9,"Above 25","Succeeding"
"Rural.Hadza","25-34",16,NA,NA,NA,NA,NA,NA,170.3,"Above 25","Succeeding"
"Rural.Hadza","55-64",8,NA,NA,NA,NA,NA,NA,-34.9,"Above 25","Struggling"
"Rural.Hadza","35-44",8,NA,NA,NA,NA,NA,NA,141.4,"Above 25","Succeeding"
"Rural.Hadza","65+",0,NA,NA,NA,NA,NA,NA,143.7,"Above 25","Succeeding"
"Rural.Hadza","35-44",0,NA,NA,NA,NA,NA,NA,140.7,"Above 25","Succeeding"
"Rural.Hadza","35-44",8,NA,NA,NA,NA,NA,NA,133.1,"Above 25","Succeeding"
"Rural.Hadza","35-44",0,NA,NA,NA,NA,NA,NA,127.6,"Above 25","Succeeding"
"Rural.Hadza","35-44",14,NA,NA,NA,NA,NA,NA,178.7,"Above 25","Succeeding"
"Rural.Hadza","35-44",10,NA,NA,NA,NA,NA,NA,143,"Above 25","Succeeding"
"GM","25-34",15,"5","1_Very Close to Most","rarely/never",1,"Yes","several days a week",187.8,"Above 25","Succeeding"
"GM","35-44",15,"6+","2_Very Close to Some","rarely/never",1,"Yes","rarely/never",187.8,"Above 25","Succeeding"
"GM","25-34",12,"4","2_Very Close to Some","rarely/never",1,"Yes","several days a week",-7.2,"Above 25","Struggling"
"GM","35-44",5,"2","3_Not Close","rarely/never",1,"Yes","several days a week",111.4,"Above 25","Succeeding"
"GM","35-44",17,"6+","1_Very Close to Most","rarely/never",1,"Yes","rarely/never",181,"Above 25","Succeeding"
"GM","16-20",12,"6+","1_Very Close to Most","rarely/never",1,"Yes","once a week",154.4,"17","Succeeding"
"GM","35-44",NA,"2","2_Very Close to Some","rarely/never",1,"Yes","rarely/never",-12.3,"Above 25","Struggling"
"GM","35-44",12,"5","2_Very Close to Some","rarely/never",1,"Yes","rarely/never",103.4,"Above 25","Succeeding"
"GM","45-54",14,"4","2_Very Close to Some","rarely/never",1,"Yes","rarely/never",144.5,"Above 25","Succeeding"
"GM","25-34",15,"5","1_Very Close to Most","rarely/never",1,"Yes","once a day",200,"Above 25","Succeeding"
"GM","21-24",14,"6+","2_Very Close to Some","rarely/never",1,"Yes","once a day",144.9,"19","Succeeding"
"GM","25-34",14,"5","2_Very Close to Some","rarely/never",1,"Yes","rarely/never",-32.8,"Above 25","Struggling"
"GM","35-44",14,"6+","1_Very Close to Most","rarely/never",1,"Yes","rarely/never",103.8,"Above 25","Succeeding"
"GM","55-64",5,"4","3_Not Close","rarely/never",1,"Yes","once a day",169.6,"Above 25","Succeeding"
"GM","45-54",5,"6+","3_Not Close","rarely/never",1,"Yes","once a day",139.2,"Above 25","Succeeding"
"GM","45-54",15,"5","2_Very Close to Some","rarely/never",1,"Yes","rarely/never",120.2,"Above 25","Succeeding"
"GM","45-54",15,"1","4_Dont Get Along","rarely/never",1,"Yes","once a day",-39.8,"Above 25","Struggling"
"GM","35-44",NA,"6+","1_Very Close to Most","rarely/never",1,"Yes","several days a week",169.6,"Above 25","Succeeding"
"GM","65+",17,"5","3_Not Close","rarely/never",1,"Yes","several days a week",117.9,"Above 25","Succeeding"
"GM","21-24",8,"6+","4_Dont Get Along","rarely/never",1,"Yes","rarely/never",103.4,"17","Succeeding"
"GM","55-64",8,"1","3_Not Close","rarely/never",1,"Yes","once a day",168.8,"Above 25","Succeeding"
"GM","25-34",8,"2","2_Very Close to Some","rarely/never",1,"Yes","rarely/never",-52.5,"Above 25","Struggling"
"GM","25-34",15,"2","2_Very Close to Some","rarely/never",1,"Yes","rarely/never",-13.7,"Above 25","Struggling"
"GM","35-44",12,"5","1_Very Close to Most","rarely/never",1,"Yes","several days a week",174.1,"Above 25","Succeeding"
"GM","35-44",15,"5","3_Not Close","rarely/never",1,"Yes","rarely/never",-9,"Above 25","Struggling"
"GM","21-24",5,"6+","1_Very Close to Most","rarely/never",1,"Yes","rarely/never",151.3,"20","Succeeding"
"GM","25-34",NA,"0","4_Dont Get Along","rarely/never",1,"Yes","a few times a month",166.5,"Above 25","Succeeding"
"GM","25-34",NA,"0","2_Very Close to Some","rarely/never",1,"Yes","rarely/never",101.1,"Above 25","Succeeding"
"GM","35-44",12,"6+","1_Very Close to Most","rarely/never",1,"Yes","several days a week",150.6,"Above 25","Succeeding"
"GM","25-34",NA,"2","2_Very Close to Some","rarely/never",1,"Yes","a few times a month",156.8,"Above 25","Succeeding"
"GM","25-34",NA,"2","2_Very Close to Some","rarely/never",1,"Yes","rarely/never",156.8,"Above 25","Succeeding"
"GM","35-44",15,"6+","1_Very Close to Most","rarely/never",1,"Yes","several days a week",197,"Above 25","Succeeding"
"GM","25-34",14,"3","2_Very Close to Some","rarely/never",1,"Yes","several days a week",-17,"Above 25","Struggling"
"GM","21-24",12,"3","1_Very Close to Most","rarely/never",1,"Yes","rarely/never",168.8,"19","Succeeding"
"GM","45-54",15,"6+","2_Very Close to Some","rarely/never",1,"Yes","several days a week",155.1,"Above 25","Succeeding"
"GM","35-44",5,"6+","1_Very Close to Most","rarely/never",1,"Yes","rarely/never",147.5,"Above 25","Succeeding"
"GM","21-24",15,"5","1_Very Close to Most","rarely/never",1,"Yes","several days a week",146.8,"21-25","Succeeding"
"GM","35-44",15,"6+","2_Very Close to Some","rarely/never",1,"Yes","several days a week",182.5,"Above 25","Succeeding"
"GM","25-34",12,"4","3_Not Close","rarely/never",1,"Yes","several days a week",-2.2,"Above 25","Struggling"
"GM","45-54",12,"4","2_Very Close to Some","rarely/never",1,"Yes","rarely/never",112.9,"Above 25","Succeeding"
"GM","35-44",5,"4","1_Very Close to Most","rarely/never",1,"Yes","rarely/never",-42,"Above 25","Struggling"
"GM","16-20",NA,"2","1_Very Close to Most","rarely/never",1,"Yes","several days a week",147.1,"19","Succeeding"
"GM","25-34",15,"3","2_Very Close to Some","rarely/never",1,"Yes","once a week",152.1,"Above 25","Succeeding"
"GM","55-64",NA,"4","1_Very Close to Most","rarely/never",1,"Yes","several days a week",134.6,"Above 25","Succeeding"
"GM","21-24",NA,"4","2_Very Close to Some","rarely/never",1,"Yes","several days a week",-32.6,"19","Struggling"
"GM","35-44",NA,"6+","2_Very Close to Some","rarely/never",1,"Yes","rarely/never",-2.2,"Above 25","Struggling"
"GM","55-64",15,"3","1_Very Close to Most","rarely/never",1,"Yes","several days a week",167.3,"Above 25","Succeeding"
"GM","25-34",15,"1","1_Very Close to Most","rarely/never",1,"Yes","rarely/never",-55.4,"Above 25","Struggling"
"GM","25-34",14,"1","1_Very Close to Most","rarely/never",1,"Yes","rarely/never",136.9,"Above 25","Succeeding"
"GM","25-34",12,"3","1_Very Close to Most","rarely/never",1,"Yes","rarely/never",175.7,"Above 25","Succeeding"
"GM","25-34",5,"3","2_Very Close to Some","rarely/never",1,"Yes","several days a week",-48,"Above 25","Struggling"
"GM","25-34",14,"3","1_Very Close to Most","rarely/never",1,"Yes","several days a week",-82.3,"Above 25","Struggling"
"GM","25-34",5,"1","1_Very Close to Most","rarely/never",1,"Yes","once a day",200,"Above 25","Succeeding"
"GM","25-34",15,"5","1_Very Close to Most","rarely/never",1,"Yes","several days a week",136.7,"Above 25","Succeeding"
"GM","35-44",14,"3","1_Very Close to Most","rarely/never",1,"Yes","rarely/never",-10.4,"Above 25","Struggling"
"GM","25-34",17,"3","2_Very Close to Some","rarely/never",1,"Yes","once a week",166.5,"Above 25","Succeeding"
"GM","25-34",15,"6+","2_Very Close to Some","rarely/never",1,"Yes","a few times a month",-80.8,"Above 25","Struggling"
"GM","16-20",14,"3","1_Very Close to Most","rarely/never",1,"Yes","several days a week",-0.3,"19","Struggling"
"GM","65+",12,"0","1_Very Close to Most","rarely/never",1,"Yes","rarely/never",137.6,"Above 25","Succeeding"
"GM","55-64",15,"6+","2_Very Close to Some","rarely/never",1,"Yes","rarely/never",113.3,"Above 25","Succeeding"
"GM","25-34",12,"4","1_Very Close to Most","rarely/never",1,"Yes","several days a week",115,"Above 25","Succeeding"
"GM","65+",15,"6+","2_Very Close to Some","rarely/never",1,"Yes","several days a week",171.1,"Above 25","Succeeding"
"GM","16-20",NA,"2","1_Very Close to Most","rarely/never",1,"Yes","several days a week",108,"16","Succeeding"
"GM","35-44",5,"1","1_Very Close to Most","rarely/never",1,"Yes","several days a week",-17.7,"Above 25","Struggling"
"GM","16-20",12,"4","1_Very Close to Most","rarely/never",1,"Yes","several days a week",-8.3,"19","Struggling"
"GM","35-44",5,"6+","3_Not Close","rarely/never",1,"No","rarely/never",-74.5,"Above 25","Struggling"
"GM","25-34",15,"3","1_Very Close to Most","rarely/never",1,"Yes","several days a week",188.6,"Above 25","Succeeding"
"GM","25-34",14,"5","2_Very Close to Some","rarely/never",1,"Yes","a few times a month",125.5,"Above 25","Succeeding"
"GM","45-54",15,"6+","1_Very Close to Most","rarely/never",1,"Yes","once a day",171.1,"Above 25","Succeeding"
"GM","25-34",15,"6+","1_Very Close to Most","rarely/never",1,"Yes","rarely/never",-80.4,"Above 25","Struggling"
"GM","45-54",NA,"3","3_Not Close","rarely/never",1,"Yes","rarely/never",165,"Above 25","Succeeding"
"GM","21-24",14,"4","5_Dont Have Family","rarely/never",1,"Yes","once a day",121.7,"20","Succeeding"
"GM","35-44",8,"2","3_Not Close","rarely/never",1,"Yes","once a day",116.7,"Above 25","Succeeding"
"GM","25-34",15,"2","1_Very Close to Most","rarely/never",1,"Yes","rarely/never",146.8,"Above 25","Succeeding"
"GM","16-20",14,"6+","2_Very Close to Some","rarely/never",1,"Yes","rarely/never",-3,"16","Struggling"
"GM","25-34",14,"3","2_Very Close to Some","rarely/never",1,"Yes","several days a week",102.7,"Above 25","Succeeding"
"GM","25-34",14,"2","2_Very Close to Some","rarely/never",1,"Yes","rarely/never",-100,"Above 25","Struggling"
"GM","21-24",12,"2","1_Very Close to Most","rarely/never",1,"Yes","rarely/never",-16.7,"21-25","Struggling"
"GM","21-24",14,"1","1_Very Close to Most","rarely/never",1,"Yes","rarely/never",122.2,"21-25","Succeeding"
"GM","25-34",15,"2","3_Not Close","rarely/never",1,"Yes","a few times a month",-15.1,"Above 25","Struggling"
"GM","45-54",17,"1","3_Not Close","rarely/never",1,"Yes","several days a week",153.8,"Above 25","Succeeding"
"GM","35-44",15,"2","1_Very Close to Most","rarely/never",1,"Yes","several days a week",187.8,"Above 25","Succeeding"
"GM","45-54",15,"5","2_Very Close to Some","rarely/never",1,"Yes","rarely/never",158.2,"Above 25","Succeeding"
"GM","21-24",12,"3","1_Very Close to Most","rarely/never",1,"Yes","rarely/never",153.6,"18","Succeeding"
"GM","45-54",8,"4","3_Not Close","rarely/never",1,"Yes","rarely/never",-20.5,"Above 25","Struggling"
"GM","25-34",12,"2","4_Dont Get Along","rarely/never",1,"Yes","rarely/never",-51.3,"Above 25","Struggling"
"GM","35-44",15,"6+","1_Very Close to Most","rarely/never",1,"Yes","several days a week",150.2,"Above 25","Succeeding"
"GM","21-24",15,"2","1_Very Close to Most","rarely/never",1,"Yes","a few times a month",110.3,"18","Succeeding"
"GM","21-24",15,"2","1_Very Close to Most","rarely/never",1,"Yes","rarely/never",110.3,"18","Succeeding"
"GM","25-34",12,"4","3_Not Close","rarely/never",1,"Yes","once a day",116.5,"Above 25","Succeeding"
"GM","35-44",12,"4","1_Very Close to Most","rarely/never",1,"Yes","once a day",158.9,"Above 25","Succeeding"
"GM","25-34",14,"6+","1_Very Close to Most","rarely/never",1,"Yes","several days a week",170.5,"Above 25","Succeeding"
"GM","65+",15,"0","1_Very Close to Most","rarely/never",1,"Yes","several days a week",120.2,"Above 25","Succeeding"
"GM","25-34",15,"4","2_Very Close to Some","rarely/never",1,"Yes","several days a week",178.7,"Above 25","Succeeding"
"GM","45-54",15,"1","3_Not Close","rarely/never",1,"Yes","rarely/never",144.5,"Above 25","Succeeding"
"GM","25-34",14,"2","1_Very Close to Most","rarely/never",1,"Yes","once a day",200,"Above 25","Succeeding"
"GM","65+",17,"4","1_Very Close to Most","rarely/never",1,"Yes","once a day",155.1,"Above 25","Succeeding"
"GM","35-44",15,"6+","1_Very Close to Most","rarely/never",1,"Yes","rarely/never",154.4,"Above 25","Succeeding"
"GM","35-44",12,"5","2_Very Close to Some","rarely/never",1,"Yes","several days a week",-23.2,"Above 25","Struggling"
"GM","35-44",5,"6+","1_Very Close to Most","rarely/never",1,"Yes","once a day",152.9,"Above 25","Succeeding"
"GM","25-34",5,"4","3_Not Close","rarely/never",1,"Yes","rarely/never",-96.2,"Above 25","Struggling"
"GM","16-20",14,"0","2_Very Close to Some","rarely/never",1,"Yes","rarely/never",-34.8,"16","Struggling"
"GM","65+",5,"6+","1_Very Close to Most","rarely/never",1,"Yes","once a day",188.6,"Above 25","Succeeding"
"GM","25-34",5,"4","2_Very Close to Some","rarely/never",1,"Yes","once a day",-2.3,"Above 25","Struggling"
"GM","35-44",17,"5","3_Not Close","rarely/never",1,"Yes","a few times a month",111.4,"Above 25","Succeeding"
"GM","25-34",15,"2","1_Very Close to Most","rarely/never",1,"Yes","once a day",151.3,"Above 25","Succeeding"
"GM","16-20",12,"6+","3_Not Close","rarely/never",1,"Yes","rarely/never",-44.8,"18","Struggling"
"GM","45-54",15,"0","1_Very Close to Most","rarely/never",1,"Yes","once a day",193.2,"Above 25","Succeeding"
"GM","35-44",14,"6+","1_Very Close to Most","rarely/never",1,"Yes","rarely/never",156.3,"Above 25","Succeeding"
"GM","21-24",12,"6+","2_Very Close to Some","rarely/never",1,"Yes","rarely/never",-62.8,"≤10","Struggling"
"GM","25-34",5,"5","2_Very Close to Some","rarely/never",1,"Yes","several days a week",173.4,"Above 25","Succeeding"
"GM","35-44",5,"6+","2_Very Close to Some","rarely/never",1,"Yes","once a week",155.9,"Above 25","Succeeding"
"GM","35-44",15,"1","1_Very Close to Most","rarely/never",1,"Yes","rarely/never",195.4,"Above 25","Succeeding"
"GM","35-44",17,"5","3_Not Close","rarely/never",1,"Yes","several days a week",152.7,"Above 25","Succeeding"
"GM","25-34",8,"5","4_Dont Get Along","rarely/never",1,"Yes","several days a week",152.1,"Above 25","Succeeding"
"GM","25-34",12,"5","3_Not Close","rarely/never",1,"Yes","a few times a month",148.3,"Above 25","Succeeding"
"GM","25-34",12,"5","3_Not Close","rarely/never",1,"Yes","rarely/never",148.3,"Above 25","Succeeding"
"GM","45-54",14,"3","3_Not Close","rarely/never",1,"Yes","rarely/never",158.9,"Above 25","Succeeding"
"GM","25-34",14,"0","1_Very Close to Most","rarely/never",1,"Yes","several days a week",176.4,"Above 25","Succeeding"
"GM","25-34",15,"3","1_Very Close to Most","rarely/never",1,"Yes","rarely/never",131.6,"Above 25","Succeeding"
"GM","21-24",NA,"0","1_Very Close to Most","rarely/never",1,"Yes","once a day",124.7,"20","Succeeding"
"GM","35-44",12,"1","1_Very Close to Most","rarely/never",1,"Yes","several days a week",146.8,"Above 25","Succeeding"
"GM","16-20",14,"6+","2_Very Close to Some","rarely/never",1,"Yes","a few times a month",111,"19","Succeeding"
"GM","21-24",15,"6+","1_Very Close to Most","rarely/never",1,"Yes","several days a week",110.3,"20","Succeeding"
"GM","21-24",15,"4","3_Not Close","rarely/never",1,"Yes","rarely/never",148.5,"20","Succeeding"
"GM","35-44",14,"2","3_Not Close","rarely/never",1,"No","once a week",112.9,"Above 25","Succeeding"
"GM","35-44",15,"3","3_Not Close","rarely/never",1,"Yes","several days a week",104.4,"Above 25","Succeeding"
"GM","21-24",NA,"6+","1_Very Close to Most","rarely/never",1,"Yes","rarely/never",117.1,"21-25","Succeeding"
"GM","21-24",12,"3","1_Very Close to Most","rarely/never",1,"Yes","a few times a month",161.4,"15","Succeeding"
"GM","25-34",15,"5","1_Very Close to Most","rarely/never",1,"Yes","several days a week",199.2,"Above 25","Succeeding"
"GM","25-34",15,"1","3_Not Close","rarely/never",1,"Yes","rarely/never",-22.4,"Above 25","Struggling"
"GM","45-54",12,"6+","1_Very Close to Most","rarely/never",1,"Yes","several days a week",155.1,"Above 25","Succeeding"
"GM","25-34",12,"4","3_Not Close","rarely/never",1,"Yes","several days a week",114.8,"Above 25","Succeeding"
"GM","21-24",14,"6+","1_Very Close to Most","rarely/never",1,"Yes","several days a week",144.9,"21-25","Succeeding"
"GM","65+",17,"2","2_Very Close to Some","rarely/never",1,"Yes","rarely/never",169.6,"Above 25","Succeeding"
"GM","35-44",14,"2","2_Very Close to Some","rarely/never",1,"Yes","rarely/never",-33.8,"Above 25","Struggling"
"GM","21-24",14,"0","1_Very Close to Most","rarely/never",1,"Yes","rarely/never",171.9,"20","Succeeding"
"GM","35-44",5,"6+","1_Very Close to Most","rarely/never",1,"Yes","several days a week",117.3,"Above 25","Succeeding"
"GM","25-34",NA,"6+","3_Not Close","rarely/never",1,"Yes","once a week",105.7,"Above 25","Succeeding"
"GM","25-34",14,"6+","3_Not Close","rarely/never",1,"Yes","rarely/never",200,"Above 25","Succeeding"
"GM","25-34",15,"2","1_Very Close to Most","rarely/never",1,"Yes","several days a week",197.7,"Above 25","Succeeding"
"GM","21-24",14,"5","3_Not Close","rarely/never",1,"Yes","several days a week",125.1,"18","Succeeding"
"GM","25-34",15,"3","2_Very Close to Some","rarely/never",1,"Yes","rarely/never",123.8,"Above 25","Succeeding"
"GM","35-44",15,"2","2_Very Close to Some","rarely/never",1,"Yes","rarely/never",148.3,"Above 25","Succeeding"
"GM","65+",15,"5","1_Very Close to Most","rarely/never",1,"Yes","rarely/never",136.9,"Above 25","Succeeding"
"GM","25-34",15,"6+","3_Not Close","rarely/never",1,"Yes","several days a week",143.7,"Above 25","Succeeding"
"GM","45-54",15,"4","1_Very Close to Most","rarely/never",1,"Yes","several days a week",170.3,"Above 25","Succeeding"
"GM","21-24",12,"4","1_Very Close to Most","rarely/never",1,"Yes","rarely/never",130,"18","Succeeding"
"GM","21-24",15,"4","3_Not Close","rarely/never",1,"Yes","rarely/never",128.3,"21-25","Succeeding"
"GM","35-44",NA,"3","2_Very Close to Some","rarely/never",1,"Yes","a few times a month",123.2,"Above 25","Succeeding"
"GM","35-44",NA,"3","2_Very Close to Some","rarely/never",1,"Yes","rarely/never",123.2,"Above 25","Succeeding"
"GM","45-54",14,"2","1_Very Close to Most","rarely/never",1,"Yes","rarely/never",135.4,"Above 25","Succeeding"
"GM","35-44",15,"6+","1_Very Close to Most","rarely/never",1,"Yes","rarely/never",108.7,"Above 25","Succeeding"
"GM","21-24",15,"6+","1_Very Close to Most","rarely/never",1,"Yes","rarely/never",114.1,"20","Succeeding"
"GM","55-64",5,"6+","3_Not Close","rarely/never",1,"Yes","rarely/never",142.2,"Above 25","Succeeding"
"GM","65+",17,"2","1_Very Close to Most","rarely/never",1,"Yes","several days a week",136.9,"Above 25","Succeeding"
"GM","25-34",12,"5","3_Not Close","rarely/never",1,"Yes","several days a week",114.1,"Above 25","Succeeding"
"GM","35-44",14,"6+","3_Not Close","rarely/never",1,"Yes","rarely/never",131.6,"Above 25","Succeeding"
"GM","35-44",15,"0","1_Very Close to Most","rarely/never",1,"Yes","several days a week",151.3,"Above 25","Succeeding"
"GM","65+",14,"3","1_Very Close to Most","rarely/never",1,"Yes","several days a week",168.8,"Above 25","Succeeding"
"GM","35-44",15,"5","3_Not Close","rarely/never",1,"Yes","several days a week",102.7,"Above 25","Succeeding"
"GM","35-44",15,"6+","1_Very Close to Most","rarely/never",1,"Yes","several days a week",178.7,"Above 25","Succeeding"
"GM","25-34",17,"6+","1_Very Close to Most","rarely/never",1,"Yes","rarely/never",-18.3,"Above 25","Struggling"
"GM","35-44",12,"4","1_Very Close to Most","rarely/never",1,"Yes","several days a week",161.8,"Above 25","Succeeding"
"GM","65+",12,"4","2_Very Close to Some","rarely/never",1,"Yes","several days a week",111.8,"Above 25","Succeeding"
"GM","25-34",12,"2","2_Very Close to Some","rarely/never",1,"Yes","rarely/never",-54.6,"Above 25","Struggling"
"GM","45-54",17,"0","3_Not Close","rarely/never",1,"Yes","several days a week",166.5,"Above 25","Succeeding"
"GM","25-34",12,"6+","2_Very Close to Some","rarely/never",1,"Yes","rarely/never",-5.3,"Above 25","Struggling"
"GM","16-20",14,"6+","2_Very Close to Some","rarely/never",1,"Yes","rarely/never",-20.8,"≤10","Struggling"
"GM","21-24",5,"5","3_Not Close","rarely/never",1,"Yes","rarely/never",-45,"16","Struggling"
"GM","21-24",12,"3","2_Very Close to Some","rarely/never",1,"Yes","rarely/never",111.8,"16","Succeeding"
"GM","25-34",15,"2","3_Not Close","rarely/never",1,"Yes","several days a week",150.8,"Above 25","Succeeding"
"GM","25-34",12,"5","1_Very Close to Most","rarely/never",1,"Yes","several days a week",184.8,"Above 25","Succeeding"
"GM","21-24",14,"4","1_Very Close to Most","rarely/never",1,"Yes","several days a week",112.9,"20","Succeeding"
"GM","25-34",12,"5","1_Very Close to Most","rarely/never",1,"Yes","several days a week",109.9,"Above 25","Succeeding"
"GM","21-24",14,"6+","2_Very Close to Some","rarely/never",1,"Yes","rarely/never",-30.1,"21-25","Struggling"
"GM","25-34",15,"4","2_Very Close to Some","rarely/never",1,"Yes","rarely/never",106.1,"Above 25","Succeeding"
"GM","35-44",15,"6+","1_Very Close to Most","rarely/never",1,"Yes","rarely/never",113.7,"Above 25","Succeeding"
"GM","25-34",5,"5","2_Very Close to Some","rarely/never",1,"Yes","rarely/never",111,"Above 25","Succeeding"
"GM","21-24",5,"5","3_Not Close","rarely/never",1,"Yes","rarely/never",-8.3,"20","Struggling"
"GM","21-24",14,"5","1_Very Close to Most","rarely/never",1,"Yes","once a day",149.4,"17","Succeeding"
"GM","35-44",14,"4","2_Very Close to Some","rarely/never",1,"Yes","rarely/never",-14.2,"Above 25","Struggling"
"GM","25-34",14,"4","2_Very Close to Some","rarely/never",1,"Yes","rarely/never",149.2,"Above 25","Succeeding"
"GM","35-44",17,"2","1_Very Close to Most","rarely/never",1,"Yes","several days a week",190.9,"Above 25","Succeeding"
"GM","45-54",5,"3","1_Very Close to Most","rarely/never",1,"Yes","once a day",110.6,"Above 25","Succeeding"
"GM","55-64",17,"3","1_Very Close to Most","rarely/never",1,"Yes","several days a week",159.7,"Above 25","Succeeding"
"GM","25-34",15,"3","3_Not Close","rarely/never",1,"Yes","rarely/never",-9.2,"Above 25","Struggling"
"GM","21-24",14,"4","1_Very Close to Most","rarely/never",1,"Yes","once a day",156.7,"17","Succeeding"
"GM","65+",NA,"5","2_Very Close to Some","rarely/never",1,"Yes","several days a week",-79.8,"Above 25","Struggling"
"GM","35-44",15,"5","2_Very Close to Some","rarely/never",1,"Yes","several days a week",136.1,"Above 25","Succeeding"
"GM","25-34",NA,"3","1_Very Close to Most","rarely/never",1,"Yes","once a day",185.6,"Above 25","Succeeding"
"GM","25-34",15,"6+","2_Very Close to Some","rarely/never",1,"Yes","rarely/never",124,"Above 25","Succeeding"
"GM","45-54",14,"0","1_Very Close to Most","rarely/never",1,"Yes","once a day",140.3,"Above 25","Succeeding"
"GM","25-34",8,"6+","2_Very Close to Some","rarely/never",1,"Yes","rarely/never",107.2,"Above 25","Succeeding"
"GM","35-44",14,"6+","3_Not Close","rarely/never",1,"Yes","rarely/never",108,"Above 25","Succeeding"
"GM","35-44",NA,"4","1_Very Close to Most","rarely/never",1,"Yes","several days a week",147,"Above 25","Succeeding"
"GM","25-34",14,"3","2_Very Close to Some","rarely/never",1,"Yes","several days a week",128.7,"Above 25","Succeeding"
"GM","25-34",15,"5","1_Very Close to Most","rarely/never",1,"Yes","several days a week",-17.5,"Above 25","Struggling"
"GM","65+",5,"3","3_Not Close","rarely/never",1,"Yes","rarely/never",165,"Above 25","Succeeding"
"GM","35-44",14,"6+","1_Very Close to Most","rarely/never",1,"Yes","once a week",111.4,"Above 25","Succeeding"
"GM","25-34",14,"3","4_Dont Get Along","rarely/never",1,"Yes","rarely/never",-37,"Above 25","Struggling"
"GM","35-44",12,"1","2_Very Close to Some","rarely/never",1,"Yes","rarely/never",135.4,"Above 25","Succeeding"
"GM","35-44",12,"5","2_Very Close to Some","rarely/never",1,"Yes","once a week",184.8,"Above 25","Succeeding"
"GM","25-34",5,"4","3_Not Close","rarely/never",1,"Yes","rarely/never",-58.9,"Above 25","Struggling"
"GM","35-44",12,"6+","2_Very Close to Some","rarely/never",1,"Yes","rarely/never",160.8,"Above 25","Succeeding"
"GM","25-34",12,"2","1_Very Close to Most","rarely/never",1,"Yes","once a day",-78.5,"Above 25","Struggling"
"GM","25-34",15,"2","1_Very Close to Most","rarely/never",1,"Yes","rarely/never",110.6,"Above 25","Succeeding"
"GM","35-44",8,"1","2_Very Close to Some","rarely/never",1,"Yes","several days a week",197.7,"Above 25","Succeeding"
"GM","45-54",15,"5","1_Very Close to Most","rarely/never",1,"Yes","rarely/never",169.6,"Above 25","Succeeding"
"GM","55-64",5,"5","1_Very Close to Most","rarely/never",1,"Yes","once a day",-6.5,"Above 25","Struggling"
"GM","55-64",5,"3","1_Very Close to Most","rarely/never",1,"Yes","once a day",168.8,"Above 25","Succeeding"
"GM","35-44",15,"4","4_Dont Get Along","rarely/never",1,"Yes","once a day",129.7,"Above 25","Succeeding"
"GM","45-54",14,"5","4_Dont Get Along","rarely/never",1,"Yes","several days a week",127.4,"Above 25","Succeeding"
"GM","25-34",14,"2","1_Very Close to Most","rarely/never",1,"Yes","rarely/never",183.3,"Above 25","Succeeding"
"GM","21-24",5,"0","2_Very Close to Some","rarely/never",1,"Yes","rarely/never",121.9,"20","Succeeding"
"GM","25-34",15,"6+","2_Very Close to Some","rarely/never",1,"Yes","once a day",194.7,"Above 25","Succeeding"
"GM","21-24",12,"6+","1_Very Close to Most","rarely/never",1,"Yes","rarely/never",-64.1,"21-25","Struggling"
"GM","21-24",14,"6+","2_Very Close to Some","rarely/never",1,"Yes","rarely/never",-19.4,"19","Struggling"
"GM","25-34",14,"6+","1_Very Close to Most","rarely/never",1,"Yes","several days a week",-3.3,"Above 25","Struggling"
"GM","25-34",15,"2","3_Not Close","rarely/never",1,"Yes","rarely/never",-20.6,"Above 25","Struggling"
"GM","25-34",17,"2","1_Very Close to Most","rarely/never",1,"Yes","rarely/never",146.8,"Above 25","Succeeding"
"GM","25-34",12,"0","1_Very Close to Most","rarely/never",1,"Yes","once a week",109.7,"Above 25","Succeeding"
"GM","35-44",15,"4","1_Very Close to Most","rarely/never",1,"Yes","several days a week",178.7,"Above 25","Succeeding"
"GM","21-24",15,"6+","3_Not Close","rarely/never",1,"Yes","once a week",128.9,"20","Succeeding"
"GM","21-24",15,"6+","2_Very Close to Some","rarely/never",1,"Yes","several days a week",-69,"21-25","Struggling"
"GM","55-64",12,"6+","3_Not Close","rarely/never",1,"Yes","several days a week",161.4,"Above 25","Succeeding"
"GM","35-44",12,"5","2_Very Close to Some","rarely/never",1,"Yes","rarely/never",151.5,"Above 25","Succeeding"
"GM","45-54",15,"6+","1_Very Close to Most","rarely/never",1,"Yes","several days a week",160.5,"Above 25","Succeeding"
"GM","25-34",15,"4","1_Very Close to Most","rarely/never",1,"Yes","several days a week",183.3,"Above 25","Succeeding"
"GM","25-34",15,"2","1_Very Close to Most","rarely/never",1,"Yes","rarely/never",160.5,"Above 25","Succeeding"
"GM","16-20",5,"2","5_Dont Have Family","rarely/never",1,"Yes","rarely/never",-77.8,"21-25","Struggling"
"GM","21-24",15,"2","2_Very Close to Some","rarely/never",1,"Yes","rarely/never",111,"17","Succeeding"
"GM","25-34",14,"6+","2_Very Close to Some","rarely/never",1,"Yes","rarely/never",131.4,"Above 25","Succeeding"
"GM","25-34",5,"4","3_Not Close","rarely/never",1,"Yes","rarely/never",-8.9,"Above 25","Struggling"
"GM","25-34",14,"4","1_Very Close to Most","rarely/never",1,"Yes","several days a week",197,"Above 25","Succeeding"
"GM","25-34",14,"4","3_Not Close","rarely/never",1,"Yes","once a day",175.7,"Above 25","Succeeding"
"GM","25-34",15,"5","2_Very Close to Some","rarely/never",1,"Yes","rarely/never",158.9,"Above 25","Succeeding"
"GM","25-34",15,"3","2_Very Close to Some","rarely/never",1,"Yes","rarely/never",-47,"Above 25","Struggling"
"GM","45-54",12,"2","3_Not Close","rarely/never",1,"Yes","rarely/never",-51.9,"Above 25","Struggling"
"GM","25-34",17,"3","2_Very Close to Some","rarely/never",1,"Yes","several days a week",168.8,"Above 25","Succeeding"
"GM","21-24",14,"2","3_Not Close","rarely/never",1,"Yes","several days a week",-32.3,"19","Struggling"
"GM","35-44",NA,"6+","1_Very Close to Most","rarely/never",1,"Yes","once a week",161.2,"Above 25","Succeeding"
"GM","25-34",15,"5","2_Very Close to Some","rarely/never",1,"Yes","once a day",181.2,"Above 25","Succeeding"
"GM","25-34",14,"1","1_Very Close to Most","rarely/never",1,"Yes","once a day",103.8,"Above 25","Succeeding"
"GM","55-64",15,"4","1_Very Close to Most","rarely/never",1,"Yes","once a week",164.3,"Above 25","Succeeding"
"GM","45-54",NA,"6+","2_Very Close to Some","rarely/never",1,"Yes","once a day",200,"Above 25","Succeeding"
"GM","21-24",5,"6+","2_Very Close to Some","rarely/never",1,"Yes","several days a week",139.2,"21-25","Succeeding"
"GM","25-34",15,"4","1_Very Close to Most","rarely/never",1,"Yes","a few times a month",-31,"Above 25","Struggling"
"GM","25-34",14,"3","3_Not Close","rarely/never",1,"Yes","rarely/never",-41.8,"Above 25","Struggling"
"GM","25-34",12,"2","2_Very Close to Some","rarely/never",1,"Yes","several days a week",165.4,"Above 25","Succeeding"
"GM","21-24",12,"6+","2_Very Close to Some","rarely/never",1,"Yes","several days a week",-18.4,"17","Struggling"
"GM","35-44",5,"5","3_Not Close","rarely/never",1,"Yes","rarely/never",174.3,"Above 25","Succeeding"
"GM","25-34",15,"6+","1_Very Close to Most","rarely/never",1,"Yes","once a day",171.1,"Above 25","Succeeding"
"GM","45-54",15,"6+","1_Very Close to Most","rarely/never",1,"Yes","several days a week",186.3,"Above 25","Succeeding"
"GM","25-34",12,"5","2_Very Close to Some","rarely/never",1,"Yes","several days a week",137.5,"Above 25","Succeeding"
"GM","25-34",15,"6+","2_Very Close to Some","rarely/never",1,"Yes","several days a week",158.2,"Above 25","Succeeding"
"GM","25-34",8,"5","1_Very Close to Most","rarely/never",1,"Yes","once a week",-98.8,"Above 25","Struggling"
"GM","25-34",14,"6+","1_Very Close to Most","rarely/never",1,"Yes","once a day",145.2,"Above 25","Succeeding"
"GM","45-54",15,"5","2_Very Close to Some","rarely/never",1,"Yes","rarely/never",150.6,"Above 25","Succeeding"
"GM","25-34",15,"2","3_Not Close","rarely/never",1,"Yes","several days a week",-50.1,"Above 25","Struggling"
"GM","25-34",14,"5","1_Very Close to Most","rarely/never",1,"Yes","several days a week",125.1,"Above 25","Succeeding"
"GM","21-24",12,"0","2_Very Close to Some","rarely/never",1,"Yes","rarely/never",186.3,"14","Succeeding"
"GM","25-34",14,"2","2_Very Close to Some","rarely/never",1,"Yes","several days a week",186.3,"Above 25","Succeeding"
"GM","25-34",14,"1","2_Very Close to Some","rarely/never",1,"Yes","rarely/never",128.9,"Above 25","Succeeding"
"GM","16-20",14,"6+","1_Very Close to Most","rarely/never",1,"Yes","several days a week",131,"18","Succeeding"
"GM","35-44",12,"6+","1_Very Close to Most","rarely/never",1,"Yes","several days a week",-3.5,"Above 25","Struggling"
"GM","25-34",15,"4","3_Not Close","rarely/never",1,"Yes","rarely/never",-78.9,"Above 25","Struggling"
"GM","25-34",15,"0","2_Very Close to Some","rarely/never",1,"Yes","rarely/never",169.6,"Above 25","Succeeding"
"GM","45-54",12,"4","1_Very Close to Most","rarely/never",1,"Yes","several days a week",134.6,"Above 25","Succeeding"
"GM","25-34",8,"6+","1_Very Close to Most","rarely/never",1,"Yes","once a day",-26.3,"Above 25","Struggling"
"GM","35-44",17,"6+","3_Not Close","rarely/never",1,"Yes","several days a week",139.9,"Above 25","Succeeding"
"GM","35-44",15,"3","1_Very Close to Most","rarely/never",1,"Yes","several days a week",173.6,"Above 25","Succeeding"
"GM","45-54",17,"6+","1_Very Close to Most","rarely/never",1,"Yes","several days a week",175.7,"Above 25","Succeeding"
"GM","21-24",5,"0","2_Very Close to Some","rarely/never",1,"Yes","rarely/never",155.9,"17","Succeeding"
"GM","21-24",12,"6+","2_Very Close to Some","rarely/never",1,"Yes","rarely/never",-21.6,"21-25","Struggling"
"GM","55-64",12,"2","2_Very Close to Some","rarely/never",1,"Yes","several days a week",149,"Above 25","Succeeding"
"GM","45-54",5,"3","3_Not Close","rarely/never",1,"Yes","rarely/never",-73.9,"Above 25","Struggling"
"GM","25-34",14,"5","1_Very Close to Most","rarely/never",1,"Yes","rarely/never",150.6,"Above 25","Succeeding"
"GM","25-34",12,"4","1_Very Close to Most","rarely/never",1,"Yes","rarely/never",179.5,"Above 25","Succeeding"
"GM","35-44",NA,"6+","1_Very Close to Most","rarely/never",1,"Yes","rarely/never",150.6,"Above 25","Succeeding"
"GM","25-34",NA,"0","3_Not Close","rarely/never",1,"Yes","once a day",-17.5,"Above 25","Struggling"
"GM","65+",17,"3","1_Very Close to Most","rarely/never",1,"Yes","several days a week",122.4,"Above 25","Succeeding"
"GM","25-34",15,"3","1_Very Close to Most","rarely/never",1,"Yes","once a day",113.3,"Above 25","Succeeding"
"GM","21-24",14,"6+","1_Very Close to Most","rarely/never",1,"Yes","several days a week",184,"16","Succeeding"
"GM","55-64",NA,"6+","1_Very Close to Most","rarely/never",1,"Yes","several days a week",184,"Above 25","Succeeding"
"GM","35-44",12,"1","3_Not Close","rarely/never",1,"Yes","rarely/never",-66.4,"Above 25","Struggling"
"GM","35-44",14,"3","2_Very Close to Some","rarely/never",1,"Yes","once a day",124.1,"Above 25","Succeeding"
"GM","35-44",15,"5","2_Very Close to Some","rarely/never",1,"Yes","rarely/never",127.8,"Above 25","Succeeding"
"GM","21-24",15,"6+","1_Very Close to Most","rarely/never",1,"Yes","rarely/never",159.7,"19","Succeeding"
"GM","25-34",5,"2","3_Not Close","rarely/never",1,"Yes","rarely/never",-83.6,"Above 25","Struggling"
"GM","35-44",15,"3","2_Very Close to Some","rarely/never",1,"Yes","several days a week",177.2,"Above 25","Succeeding"
"GM","16-20",12,"5","3_Not Close","rarely/never",1,"Yes","rarely/never",-46.3,"17","Struggling"
"GM","55-64",17,"6+","2_Very Close to Some","rarely/never",1,"Yes","several days a week",180.2,"Above 25","Succeeding"
"GM","25-34",15,"3","2_Very Close to Some","rarely/never",1,"Yes","once a day",133.3,"Above 25","Succeeding"
"GM","25-34",12,"6+","3_Not Close","rarely/never",1,"Yes","several days a week",172.6,"Above 25","Succeeding"
"GM","25-34",12,"0","2_Very Close to Some","rarely/never",1,"Yes","rarely/never",155.9,"Above 25","Succeeding"
"GM","45-54",5,"1","2_Very Close to Some","rarely/never",1,"Yes","once a day",200,"Above 25","Succeeding"
"GM","25-34",5,"6+","3_Not Close","rarely/never",1,"Yes","once a day",159.7,"Above 25","Succeeding"
"GM","35-44",12,"4","2_Very Close to Some","rarely/never",1,"Yes","once a week",128.5,"Above 25","Succeeding"
"GM","45-54",5,"6+","1_Very Close to Most","rarely/never",1,"Yes","a few times a month",136.9,"Above 25","Succeeding"
"GM","35-44",15,"5","1_Very Close to Most","rarely/never",1,"Yes","rarely/never",-2.5,"Above 25","Struggling"
"GM","35-44",12,"2","2_Very Close to Some","rarely/never",1,"Yes","rarely/never",184,"Above 25","Succeeding"
"GM","35-44",15,"5","2_Very Close to Some","rarely/never",1,"Yes","several days a week",168.8,"Above 25","Succeeding"
"GM","25-34",5,"2","2_Very Close to Some","rarely/never",1,"Yes","once a week",133.8,"Above 25","Succeeding"
"GM","21-24",12,"2","3_Not Close","rarely/never",1,"Yes","rarely/never",-3,"21-25","Struggling"
"GM","21-24",12,"4","5_Dont Have Family","rarely/never",1,"Yes","rarely/never",-5.5,"21-25","Struggling"
"GM","21-24",12,"3","2_Very Close to Some","rarely/never",1,"Yes","several days a week",175.7,"20","Succeeding"
"GM","25-34",14,"4","1_Very Close to Most","rarely/never",1,"Yes","several days a week",142.8,"Above 25","Succeeding"
"GM","45-54",12,"3","1_Very Close to Most","rarely/never",1,"Yes","several days a week",112.2,"Above 25","Succeeding"
"GM","35-44",15,"6+","1_Very Close to Most","rarely/never",1,"Yes","once a day",118.6,"Above 25","Succeeding"
"GM","16-20",12,"4","3_Not Close","rarely/never",1,"Yes","several days a week",105.9,"16","Succeeding"
"GM","25-34",NA,"6+","1_Very Close to Most","rarely/never",1,"Yes","several days a week",174.1,"Above 25","Succeeding"
"GM","25-34",12,"0","3_Not Close","rarely/never",1,"Yes","several days a week",137.6,"Above 25","Succeeding"
"GM","65+",17,"2","2_Very Close to Some","rarely/never",1,"Yes","a few times a month",169.6,"Above 25","Succeeding"
"GM","25-34",14,"6+","1_Very Close to Most","rarely/never",1,"Yes","once a week",141.4,"Above 25","Succeeding"
"GM","25-34",NA,"1","2_Very Close to Some","rarely/never",1,"Yes","rarely/never",138.8,"Above 25","Succeeding"
"GM","25-34",14,"5","2_Very Close to Some","rarely/never",1,"Yes","several days a week",122.4,"Above 25","Succeeding"
"GM","21-24",15,"5","1_Very Close to Most","rarely/never",1,"Yes","once a day",117.1,"19","Succeeding"
"GM","25-34",12,"4","2_Very Close to Some","rarely/never",1,"Yes","once a day",-45.6,"Above 25","Struggling"
"GM","25-34",12,"6+","3_Not Close","rarely/never",1,"Yes","several days a week",190.9,"Above 25","Succeeding"
"GM","21-24",15,"4","1_Very Close to Most","rarely/never",1,"Yes","rarely/never",124,"≤10","Succeeding"
"GM","25-34",NA,"0","1_Very Close to Most","rarely/never",1,"Yes","rarely/never",120.9,"Above 25","Succeeding"
"GM","35-44",15,"6+","1_Very Close to Most","rarely/never",1,"Yes","several days a week",135.4,"Above 25","Succeeding"
"GM","45-54",17,"2","3_Not Close","rarely/never",1,"Yes","several days a week",111.8,"Above 25","Succeeding"
"GM","45-54",14,"1","2_Very Close to Some","rarely/never",1,"Yes","rarely/never",-44,"Above 25","Struggling"
"GM","25-34",15,"5","2_Very Close to Some","rarely/never",1,"Yes","several days a week",165.2,"Above 25","Succeeding"
"GM","21-24",17,"6+","2_Very Close to Some","rarely/never",1,"Yes","once a day",124,"19","Succeeding"
"GM","25-34",5,"1","3_Not Close","rarely/never",1,"Yes","once a day",147.5,"Above 25","Succeeding"
"GM","25-34",12,"0","1_Very Close to Most","rarely/never",1,"Yes","rarely/never",168.8,"Above 25","Succeeding"
"GM","45-54",NA,"4","1_Very Close to Most","rarely/never",1,"Yes","rarely/never",146.8,"Above 25","Succeeding"
"GM","35-44",14,"5","2_Very Close to Some","rarely/never",1,"Yes","rarely/never",153.6,"Above 25","Succeeding"
"GM","25-34",15,"3","3_Not Close","rarely/never",1,"Yes","several days a week",182.1,"Above 25","Succeeding"
"GM","21-24",12,"6+","5_Dont Have Family","rarely/never",1,"Yes","a few times a month",-1.2,"18","Struggling"
"GM","21-24",12,"6+","5_Dont Have Family","rarely/never",1,"Yes","rarely/never",-1.2,"18","Struggling"
"GM","25-34",15,"6+","1_Very Close to Most","rarely/never",1,"Yes","a few times a month",184,"Above 25","Succeeding"
"GM","25-34",14,"4","1_Very Close to Most","rarely/never",1,"Yes","several days a week",145.8,"Above 25","Succeeding"
"GM","25-34",5,"4","2_Very Close to Some","rarely/never",1,"Yes","rarely/never",149.8,"Above 25","Succeeding"
"GM","25-34",5,"4","1_Very Close to Most","rarely/never",1,"Yes","rarely/never",164.3,"Above 25","Succeeding"
"GM","21-24",8,"6+","1_Very Close to Most","rarely/never",1,"Yes","rarely/never",-54,"21-25","Struggling"
"GM","25-34",15,"0","1_Very Close to Most","rarely/never",1,"Yes","once a day",191.6,"Above 25","Succeeding"
"GM","45-54",14,"6+","1_Very Close to Most","rarely/never",1,"Yes","rarely/never",120.9,"Above 25","Succeeding"
"GM","55-64",17,"1","1_Very Close to Most","rarely/never",1,"Yes","several days a week",-34.9,"Above 25","Struggling"
"GM","25-34",12,"6+","3_Not Close","rarely/never",1,"Yes","once a day",124.7,"Above 25","Succeeding"
"GM","55-64",15,"6+","2_Very Close to Some","rarely/never",1,"Yes","a few times a month",113.3,"Above 25","Succeeding"
"GM","45-54",17,"4","1_Very Close to Most","rarely/never",1,"Yes","several days a week",170.3,"Above 25","Succeeding"
"GM","35-44",NA,"6+","2_Very Close to Some","rarely/never",1,"Yes","rarely/never",176.6,"Above 25","Succeeding"
"GM","45-54",12,"6+","2_Very Close to Some","rarely/never",1,"Yes","rarely/never",143,"Above 25","Succeeding"
"GM","35-44",14,"4","2_Very Close to Some","rarely/never",1,"Yes","rarely/never",115.6,"Above 25","Succeeding"
"GM","25-34",14,"1","1_Very Close to Most","rarely/never",1,"Yes","several days a week",197,"Above 25","Succeeding"
"GM","16-20",12,"6+","3_Not Close","rarely/never",1,"Yes","rarely/never",-1,"18","Struggling"
"GM","55-64",12,"6+","3_Not Close","rarely/never",1,"Yes","several days a week",-9,"Above 25","Struggling"
"GM","25-34",12,"1","3_Not Close","rarely/never",1,"Yes","several days a week",134.6,"Above 25","Succeeding"
"GM","55-64",14,"3","1_Very Close to Most","rarely/never",1,"Yes","once a week",169.6,"Above 25","Succeeding"
"GM","45-54",14,"5","2_Very Close to Some","rarely/never",1,"No","several days a week",154,"Above 25","Succeeding"
"GM","25-34",15,"1","1_Very Close to Most","rarely/never",1,"Yes","once a week",151.5,"Above 25","Succeeding"
"GM","55-64",NA,"6+","1_Very Close to Most","rarely/never",1,"Yes","once a week",101.1,"Above 25","Succeeding"
"GM","16-20",NA,"2","1_Very Close to Most","rarely/never",1,"Yes","a few times a month",-1.4,"17","Struggling"
"GM","16-20",NA,"2","1_Very Close to Most","rarely/never",1,"Yes","rarely/never",-1.4,"17","Struggling"
"GM","65+",15,"2","1_Very Close to Most","rarely/never",1,"Yes","once a day",142.2,"Above 25","Succeeding"
"GM","25-34",15,"4","1_Very Close to Most","rarely/never",1,"Yes","rarely/never",152.1,"Above 25","Succeeding"
"GM","21-24",5,"1","2_Very Close to Some","rarely/never",1,"Yes","several days a week",-19.2,"20","Struggling"
"GM","25-34",15,"2","3_Not Close","rarely/never",1,"Yes","rarely/never",-15.1,"Above 25","Struggling"
"GM","25-34",15,"1","1_Very Close to Most","rarely/never",1,"Yes","a few times a month",133.5,"Above 25","Succeeding"
"GM","21-24",12,"6+","1_Very Close to Most","rarely/never",1,"Yes","several days a week",187.1,"18","Succeeding"
"GM","45-54",8,"4","3_Not Close","rarely/never",1,"Yes","a few times a month",-20.5,"Above 25","Struggling"
"GM","35-44",15,"0","1_Very Close to Most","rarely/never",1,"Yes","rarely/never",174.9,"Above 25","Succeeding"
"GM","21-24",NA,"2","2_Very Close to Some","rarely/never",1,"Yes","several days a week",129.5,"18","Succeeding"
"GM","25-34",5,"0","5_Dont Have Family","rarely/never",1,"Yes","several days a week",146.8,"Above 25","Succeeding"
"GM","45-54",5,"6+","1_Very Close to Most","rarely/never",1,"Yes","several days a week",160.1,"Above 25","Succeeding"
"GM","35-44",17,"5","2_Very Close to Some","rarely/never",1,"Yes","several days a week",186.3,"Above 25","Succeeding"
"GM","25-34",12,"3","1_Very Close to Most","rarely/never",1,"Yes","a few times a month",115.6,"Above 25","Succeeding"
"GM","25-34",12,"3","1_Very Close to Most","rarely/never",1,"Yes","rarely/never",115.6,"Above 25","Succeeding"
"GM","35-44",15,"5","4_Dont Get Along","rarely/never",1,"Yes","rarely/never",-70.9,"Above 25","Struggling"
"GM","35-44",17,"0","1_Very Close to Most","rarely/never",1,"Yes","rarely/never",139.4,"Above 25","Succeeding"
"GM","21-24",12,"6+","1_Very Close to Most","rarely/never",1,"Yes","several days a week",109.5,"18","Succeeding"
"GM","35-44",15,"5","2_Very Close to Some","rarely/never",1,"Yes","a few times a month",127.8,"Above 25","Succeeding"
"GM","25-34",14,"1","1_Very Close to Most","rarely/never",1,"Yes","once a day",160.5,"Above 25","Succeeding"
"GM","25-34",14,"3","2_Very Close to Some","rarely/never",1,"Yes","rarely/never",138.4,"Above 25","Succeeding"
"GM","25-34",12,"5","1_Very Close to Most","rarely/never",1,"Yes","once a week",192.4,"Above 25","Succeeding"
"GM","25-34",5,"2","3_Not Close","rarely/never",1,"Yes","a few times a month",-83.6,"Above 25","Struggling"
"GM","35-44",15,"5","1_Very Close to Most","rarely/never",1,"Yes","several days a week",142.6,"Above 25","Succeeding"
"GM","25-34",14,"6+","2_Very Close to Some","rarely/never",1,"Yes","several days a week",-11.4,"Above 25","Struggling"
"GM","45-54",17,"6+","2_Very Close to Some","rarely/never",1,"Yes","several days a week",143.7,"Above 25","Succeeding"
"GM","25-34",NA,"6+","2_Very Close to Some","rarely/never",1,"Yes","rarely/never",168.8,"Above 25","Succeeding"
"GM","25-34",14,"6+","2_Very Close to Some","rarely/never",1,"Yes","rarely/never",-21.7,"Above 25","Struggling"
"GM","35-44",17,"5","3_Not Close","rarely/never",1,"Yes","rarely/never",111.4,"Above 25","Succeeding"
"GM","16-20",12,"4","2_Very Close to Some","rarely/never",1,"Yes","once a week",103.4,"17","Succeeding"
"GM","25-34",12,"0","2_Very Close to Some","rarely/never",1,"Yes","a few times a month",155.9,"Above 25","Succeeding"
"GM","35-44",8,"1","3_Not Close","rarely/never",1,"Yes","several days a week",-19.3,"Above 25","Struggling"
"GM","35-44",15,"6+","2_Very Close to Some","rarely/never",1,"Yes","a few times a month",-71.8,"Above 25","Struggling"
"GM","35-44",5,"6+","1_Very Close to Most","rarely/never",1,"Yes","rarely/never",105.7,"Above 25","Succeeding"
"GM","25-34",15,"4","1_Very Close to Most","rarely/never",1,"Yes","once a day",162,"Above 25","Succeeding"
"GM","25-34",14,"6+","2_Very Close to Some","rarely/never",1,"Yes","several days a week",-5.6,"Above 25","Struggling"
"GM","45-54",12,"5","3_Not Close","rarely/never",1,"Yes","once a week",145.2,"Above 25","Succeeding"
"GM","35-44",15,"5","1_Very Close to Most","rarely/never",1,"Yes","a few times a month",-21.5,"Above 25","Struggling"
"GM","25-34",12,"3","2_Very Close to Some","rarely/never",1,"Yes","rarely/never",-1.3,"Above 25","Struggling"
"GM","25-34",5,"6+","1_Very Close to Most","rarely/never",1,"Yes","once a week",189.4,"Above 25","Succeeding"
"GM","25-34",15,"3","1_Very Close to Most","rarely/never",1,"Yes","rarely/never",-1.5,"Above 25","Struggling"
"GM","25-34",14,"2","2_Very Close to Some","rarely/never",1,"Yes","a few times a month",157.4,"Above 25","Succeeding"
"GM","25-34",14,"2","2_Very Close to Some","rarely/never",1,"Yes","rarely/never",157.4,"Above 25","Succeeding"
"GM","55-64",15,"1","2_Very Close to Some","rarely/never",1,"Yes","once a day",135.4,"Above 25","Succeeding"
"GM","55-64",12,"5","2_Very Close to Some","rarely/never",1,"Yes","a few times a month",110.6,"Above 25","Succeeding"
"GM","25-34",15,"0","1_Very Close to Most","rarely/never",1,"Yes","rarely/never",191.6,"Above 25","Succeeding"
"GM","45-54",12,"4","1_Very Close to Most","rarely/never",1,"Yes","rarely/never",145.2,"Above 25","Succeeding"
"GM","25-34",14,"1","2_Very Close to Some","rarely/never",1,"Yes","rarely/never",-32.5,"Above 25","Struggling"
"GM","25-34",14,"6+","1_Very Close to Most","rarely/never",1,"Yes","several days a week",184.8,"Above 25","Succeeding"
"GM","25-34",12,"3","2_Very Close to Some","rarely/never",1,"Yes","once a week",120.7,"Above 25","Succeeding"
"GM","25-34",14,"6+","2_Very Close to Some","rarely/never",1,"Yes","several days a week",107.2,"Above 25","Succeeding"
"GM","55-64",17,"6+","1_Very Close to Most","rarely/never",1,"No","several days a week",156.7,"Above 25","Succeeding"
"GM","45-54",5,"6+","2_Very Close to Some","rarely/never",1,"Yes","rarely/never",-10.9,"Above 25","Struggling"
"GM","35-44",NA,"6+","1_Very Close to Most","rarely/never",1,"Yes","once a week",155.9,"Above 25","Succeeding"
"GM","35-44",15,"5","1_Very Close to Most","rarely/never",1,"Yes","several days a week",-24.9,"Above 25","Struggling"
"GM","35-44",15,"0","3_Not Close","rarely/never",1,"Yes","rarely/never",155.1,"Above 25","Succeeding"
"GM","35-44",17,"5","3_Not Close","rarely/never",1,"Yes","rarely/never",120.2,"Above 25","Succeeding"
"GM","35-44",5,"6+","2_Very Close to Some","rarely/never",1,"Yes","several days a week",145.6,"Above 25","Succeeding"
"GM","21-24",12,"2","2_Very Close to Some","rarely/never",1,"Yes","rarely/never",-32.5,"21-25","Struggling"
"GM","21-24",12,"2","2_Very Close to Some","rarely/never",1,"Yes","a few times a month",-32.5,"21-25","Struggling"
"GM","25-34",15,"4","2_Very Close to Some","rarely/never",1,"Yes","rarely/never",182.1,"Above 25","Succeeding"
"GM","35-44",12,"5","1_Very Close to Most","rarely/never",1,"Yes","several days a week",180.2,"Above 25","Succeeding"
"GM","45-54",12,"3","1_Very Close to Most","rarely/never",1,"Yes","rarely/never",125.5,"Above 25","Succeeding"
"GM","25-34",14,"6+","1_Very Close to Most","rarely/never",1,"Yes","rarely/never",163.1,"Above 25","Succeeding"
"GM","35-44",15,"5","1_Very Close to Most","rarely/never",1,"Yes","rarely/never",196.2,"Above 25","Succeeding"
"GM","35-44",8,"2","2_Very Close to Some","rarely/never",1,"Yes","rarely/never",182.5,"Above 25","Succeeding"
"GM","35-44",5,"3","2_Very Close to Some","rarely/never",1,"Yes","a few times a month",143,"Above 25","Succeeding"
"GM","25-34",14,"2","2_Very Close to Some","rarely/never",1,"Yes","several days a week",165,"Above 25","Succeeding"
"GM","35-44",17,"1","2_Very Close to Some","rarely/never",1,"Yes","several days a week",141.4,"Above 25","Succeeding"
"GM","35-44",NA,"1","3_Not Close","rarely/never",1,"Yes","rarely/never",-20.2,"Above 25","Struggling"
"GM","25-34",12,"0","3_Not Close","rarely/never",1,"Yes","several days a week",105.7,"Above 25","Succeeding"
"GM","35-44",15,"4","1_Very Close to Most","rarely/never",1,"Yes","several days a week",161.2,"Above 25","Succeeding"
"GM","21-24",12,"6+","2_Very Close to Some","rarely/never",1,"Yes","several days a week",112.5,"19","Succeeding"
"GM","65+",12,"1","2_Very Close to Some","rarely/never",1,"Yes","several days a week",-43.1,"Above 25","Struggling"
"GM","25-34",14,"2","2_Very Close to Some","rarely/never",1,"Yes","several days a week",125.9,"Above 25","Succeeding"
"GM","25-34",15,"4","1_Very Close to Most","rarely/never",1,"Yes","rarely/never",-31,"Above 25","Struggling"
"GM","25-34",15,"6+","2_Very Close to Some","rarely/never",1,"Yes","rarely/never",-12.5,"Above 25","Struggling"
"GM","21-24",8,"6+","3_Not Close","rarely/never",1,"Yes","once a day",169.8,"18","Succeeding"
"GM","25-34",12,"3","3_Not Close","rarely/never",1,"Yes","rarely/never",113.3,"Above 25","Succeeding"
"GM","25-34",12,"2","1_Very Close to Most","rarely/never",1,"Yes","several days a week",162.2,"Above 25","Succeeding"
"GM","55-64",15,"6+","1_Very Close to Most","rarely/never",1,"Yes","once a day",152.3,"Above 25","Succeeding"
"GM","21-24",12,"6+","2_Very Close to Some","rarely/never",1,"Yes","rarely/never",-27.7,"19","Struggling"
"GM","25-34",12,"4","1_Very Close to Most","rarely/never",1,"Yes","once a day",192.4,"Above 25","Succeeding"
"GM","21-24",12,"1","1_Very Close to Most","rarely/never",1,"Yes","once a day",186.3,"21-25","Succeeding"
"GM","25-34",NA,"3","2_Very Close to Some","rarely/never",1,"Yes","rarely/never",-10.5,"Above 25","Struggling"
"GM","25-34",12,"3","2_Very Close to Some","rarely/never",1,"Yes","several days a week",171.9,"Above 25","Succeeding"
"GM","55-64",NA,"3","2_Very Close to Some","rarely/never",1,"Yes","several days a week",121.7,"Above 25","Succeeding"
"GM","65+",17,"5","2_Very Close to Some","rarely/never",1,"Yes","several days a week",158.2,"Above 25","Succeeding"
"GM","21-24",15,"6+","1_Very Close to Most","rarely/never",1,"Yes","several days a week",162.2,"19","Succeeding"
"GM","21-24",12,"6+","1_Very Close to Most","rarely/never",1,"Yes","once a day",200,"21-25","Succeeding"
"GM","25-34",15,"4","1_Very Close to Most","rarely/never",1,"Yes","rarely/never",137.6,"Above 25","Succeeding"
"GM","25-34",5,"4","3_Not Close","rarely/never",1,"Yes","rarely/never",144.5,"Above 25","Succeeding"
"GM","25-34",12,"3","2_Very Close to Some","rarely/never",1,"Yes","several days a week",139.2,"Above 25","Succeeding"
"GM","25-34",5,"5","2_Very Close to Some","rarely/never",1,"Yes","a few times a month",111,"Above 25","Succeeding"
"GM","35-44",17,"6+","3_Not Close","rarely/never",1,"Yes","rarely/never",128.1,"Above 25","Succeeding"
"GM","55-64",14,"4","2_Very Close to Some","rarely/never",1,"Yes","rarely/never",-24.4,"Above 25","Struggling"
"GM","65+",15,"2","1_Very Close to Most","rarely/never",1,"Yes","once a day",177.9,"Above 25","Succeeding"
"GM","25-34",5,"3","3_Not Close","rarely/never",1,"Yes","a few times a month",155.9,"Above 25","Succeeding"
"GM","25-34",5,"3","3_Not Close","rarely/never",1,"Yes","rarely/never",155.9,"Above 25","Succeeding"
"GM","25-34",NA,"4","2_Very Close to Some","rarely/never",1,"Yes","rarely/never",-23.4,"Above 25","Struggling"
"GM","25-34",14,"6+","2_Very Close to Some","rarely/never",1,"Yes","a few times a month",-39.1,"Above 25","Struggling"
"GM","45-54",12,"3","3_Not Close","rarely/never",1,"Yes","several days a week",171.1,"Above 25","Succeeding"
"GM","25-34",15,"2","5_Dont Have Family","rarely/never",1,"Yes","rarely/never",165,"Above 25","Succeeding"
"GM","35-44",14,"5","1_Very Close to Most","rarely/never",1,"Yes","several days a week",194.7,"Above 25","Succeeding"
"GM","55-64",15,"4","1_Very Close to Most","rarely/never",1,"Yes","once a day",-100,"Above 25","Struggling"
"GM","16-20",5,"6+","1_Very Close to Most","rarely/never",1,"Yes","several days a week",-30.6,"≤10","Struggling"
"GM","65+",14,"6+","2_Very Close to Some","rarely/never",1,"Yes","rarely/never",114.8,"Above 25","Succeeding"
"GM","21-24",5,"6+","1_Very Close to Most","rarely/never",1,"Yes","rarely/never",195.4,"18","Succeeding"
"GM","25-34",15,"3","2_Very Close to Some","rarely/never",1,"Yes","rarely/never",-18,"Above 25","Struggling"
"GM","65+",14,"6+","1_Very Close to Most","rarely/never",1,"Yes","several days a week",-17.6,"Above 25","Struggling"
"GM","21-24",14,"3","1_Very Close to Most","rarely/never",1,"Yes","once a day",173.4,"19","Succeeding"
"GM","35-44",NA,"3","2_Very Close to Some","rarely/never",1,"Yes","rarely/never",117.9,"Above 25","Succeeding"
"GM","25-34",15,"5","2_Very Close to Some","rarely/never",1,"Yes","several days a week",177.2,"Above 25","Succeeding"
"GM","35-44",15,"5","1_Very Close to Most","rarely/never",1,"Yes","several days a week",186.3,"Above 25","Succeeding"
"GM","35-44",8,"6+","2_Very Close to Some","rarely/never",1,"Yes","once a week",200,"Above 25","Succeeding"
"GM","55-64",15,"3","1_Very Close to Most","rarely/never",1,"Yes","once a day",158.2,"Above 25","Succeeding"
"GM","25-34",15,"6+","1_Very Close to Most","rarely/never",1,"Yes","rarely/never",174.9,"Above 25","Succeeding"
"GM","21-24",12,"3","1_Very Close to Most","rarely/never",1,"Yes","once a week",113.1,"18","Succeeding"
"GM","35-44",NA,"5","1_Very Close to Most","rarely/never",1,"Yes","rarely/never",143.3,"Above 25","Succeeding"
"GM","25-34",15,"1","3_Not Close","rarely/never",1,"Yes","several days a week",-2.2,"Above 25","Struggling"
"GM","35-44",15,"3","4_Dont Get Along","rarely/never",1,"Yes","rarely/never",182.1,"Above 25","Succeeding"
"GM","25-34",5,"4","2_Very Close to Some","rarely/never",1,"Yes","once a week",-47.2,"Above 25","Struggling"
"GM","21-24",12,"6+","1_Very Close to Most","rarely/never",1,"Yes","a few times a month",133.1,"20","Succeeding"
"GM","45-54",14,"6+","2_Very Close to Some","rarely/never",1,"Yes","several days a week",159.9,"Above 25","Succeeding"
"GM","25-34",12,"4","2_Very Close to Some","rarely/never",1,"Yes","several days a week",177.9,"Above 25","Succeeding"
"GM","25-34",14,"5","3_Not Close","rarely/never",1,"Yes","rarely/never",200,"Above 25","Succeeding"
"GM","35-44",NA,"4","3_Not Close","rarely/never",1,"Yes","rarely/never",-7.7,"Above 25","Struggling"
"GM","25-34",12,"4","1_Very Close to Most","rarely/never",1,"Yes","several days a week",151.3,"Above 25","Succeeding"
"GM","25-34",12,"2","1_Very Close to Most","rarely/never",1,"Yes","several days a week",149,"Above 25","Succeeding"
"GM","55-64",14,"6+","2_Very Close to Some","rarely/never",1,"Yes","several days a week",110.5,"Above 25","Succeeding"
"GM","45-54",12,"3","2_Very Close to Some","rarely/never",1,"No","once a day",184,"Above 25","Succeeding"
"GM","25-34",5,"6+","1_Very Close to Most","rarely/never",1,"Yes","rarely/never",-32.2,"Above 25","Struggling"
"GM","21-24",15,"6+","1_Very Close to Most","rarely/never",1,"Yes","rarely/never",148.7,"17","Succeeding"
"GM","25-34",15,"6+","1_Very Close to Most","rarely/never",1,"Yes","rarely/never",184,"Above 25","Succeeding"
"GM","35-44",5,"0","1_Very Close to Most","rarely/never",1,"Yes","rarely/never",-20.1,"Above 25","Struggling"
"GM","55-64",12,"6+","1_Very Close to Most","rarely/never",1,"Yes","several days a week",-12.5,"Above 25","Struggling"
"GM","25-34",15,"3","1_Very Close to Most","rarely/never",1,"Yes","rarely/never",146.8,"Above 25","Succeeding"
"GM","35-44",12,"6+","1_Very Close to Most","rarely/never",1,"Yes","once a day",193.9,"Above 25","Succeeding"
"GM","21-24",12,"3","1_Very Close to Most","rarely/never",1,"Yes","a few times a month",168.8,"19","Succeeding"
"GM","25-34",15,"2","3_Not Close","rarely/never",1,"Yes","once a week",174.1,"Above 25","Succeeding"
"GM","35-44",5,"6+","1_Very Close to Most","rarely/never",1,"Yes","a few times a month",147.5,"Above 25","Succeeding"
"GM","21-24",15,"5","1_Very Close to Most","rarely/never",1,"Yes","several days a week",176.4,"18","Succeeding"
"GM","45-54",17,"6+","2_Very Close to Some","rarely/never",1,"Yes","once a week",159.7,"Above 25","Succeeding"
"GM","21-24",15,"2","2_Very Close to Some","rarely/never",1,"Yes","a few times a month",111,"17","Succeeding"
"GM","55-64",14,"2","1_Very Close to Most","rarely/never",1,"Yes","several days a week",150.2,"Above 25","Succeeding"
"GM","25-34",15,"1","3_Not Close","rarely/never",1,"Yes","rarely/never",151,"Above 25","Succeeding"
"GM","21-24",12,"4","2_Very Close to Some","rarely/never",1,"Yes","a few times a month",150.2,"18","Succeeding"
"GM","25-34",5,"2","3_Not Close","rarely/never",1,"Yes","rarely/never",-66.8,"Above 25","Struggling"
"GM","65+",15,"2","1_Very Close to Most","rarely/never",1,"Yes","several days a week",156.7,"Above 25","Succeeding"
"GM","25-34",14,"6+","3_Not Close","rarely/never",1,"Yes","rarely/never",-29.2,"Above 25","Struggling"
"GM","25-34",15,"3","2_Very Close to Some","rarely/never",1,"Yes","a few times a month",-47,"Above 25","Struggling"
"GM","45-54",NA,"3","1_Very Close to Most","rarely/never",1,"Yes","rarely/never",173.4,"Above 25","Succeeding"
"GM","21-24",15,"2","2_Very Close to Some","rarely/never",1,"Yes","rarely/never",138.4,"15","Succeeding"
"GM","25-34",12,"2","5_Dont Have Family","rarely/never",1,"Yes","several days a week",-35.3,"Above 25","Struggling"
"GM","35-44",17,"6+","1_Very Close to Most","rarely/never",1,"Yes","once a day",156.7,"Above 25","Succeeding"
"GM","35-44",15,"6+","1_Very Close to Most","rarely/never",1,"Yes","once a day",186.3,"Above 25","Succeeding"
"GM","16-20",8,"6+","1_Very Close to Most","rarely/never",1,"Yes","several days a week",-8.5,"19","Struggling"
"GM","35-44",15,"5","3_Not Close","rarely/never",1,"Yes","rarely/never",124,"Above 25","Succeeding"
"GM","25-34",14,"4","1_Very Close to Most","rarely/never",1,"Yes","rarely/never",-44.4,"Above 25","Struggling"
"GM","25-34",12,"3","2_Very Close to Some","rarely/never",1,"Yes","several days a week",110.6,"Above 25","Succeeding"
"GM","21-24",14,"6+","2_Very Close to Some","rarely/never",1,"Yes","rarely/never",-22.5,"20","Struggling"
"GM","35-44",15,"2","3_Not Close","rarely/never",1,"Yes","rarely/never",-44.2,"Above 25","Struggling"
"GM","35-44",17,"0","2_Very Close to Some","rarely/never",1,"Yes","rarely/never",109.5,"Above 25","Succeeding"
"GM","25-34",8,"3","2_Very Close to Some","rarely/never",1,"Yes","once a day",-7,"Above 25","Struggling"
"GM","25-34",5,"4","1_Very Close to Most","rarely/never",1,"Yes","a few times a month",164.3,"Above 25","Succeeding"
"GM","21-24",12,"6+","4_Dont Get Along","rarely/never",1,"Yes","several days a week",-26.3,"21-25","Struggling"
"GM","25-34",14,"3","3_Not Close","rarely/never",1,"Yes","rarely/never",-65.1,"Above 25","Struggling"
"GM","35-44",12,"5","3_Not Close","rarely/never",1,"Yes","rarely/never",-23.1,"Above 25","Struggling"
"GM","45-54",12,"5","3_Not Close","rarely/never",1,"Yes","several days a week",154.4,"Above 25","Succeeding"
"GM","35-44",NA,"4","2_Very Close to Some","rarely/never",1,"Yes","rarely/never",153.6,"Above 25","Succeeding"
"GM","45-54",15,"5","2_Very Close to Some","rarely/never",1,"Yes","a few times a month",150.6,"Above 25","Succeeding"
"GM","21-24",12,"6+","5_Dont Have Family","rarely/never",1,"Yes","several days a week",119,"17","Succeeding"
"GM","35-44",5,"6+","2_Very Close to Some","rarely/never",1,"Yes","once a day",180.2,"Above 25","Succeeding"
"GM","25-34",15,"4","1_Very Close to Most","rarely/never",1,"Yes","rarely/never",181,"Above 25","Succeeding"
"GM","35-44",5,"6+","3_Not Close","rarely/never",1,"No","a few times a month",-74.5,"Above 25","Struggling"
"GM","21-24",15,"4","3_Not Close","rarely/never",1,"Yes","rarely/never",133.1,"19","Succeeding"
"GM","25-34",NA,"5","2_Very Close to Some","rarely/never",1,"Yes","rarely/never",-60.5,"Above 25","Struggling"
"GM","21-24",12,"0","4_Dont Get Along","rarely/never",1,"Yes","rarely/never",-19,"17","Struggling"
"GM","25-34",14,"0","2_Very Close to Some","rarely/never",1,"Yes","several days a week",166.5,"Above 25","Succeeding"
"GM","65+",12,"4","2_Very Close to Some","rarely/never",1,"Yes","several days a week",138.8,"Above 25","Succeeding"
"GM","35-44",17,"5","1_Very Close to Most","rarely/never",1,"Yes","a few times a month",169.6,"Above 25","Succeeding"
"GM","25-34",15,"5","2_Very Close to Some","rarely/never",1,"Yes","rarely/never",153.6,"Above 25","Succeeding"
"GM","35-44",5,"6+","2_Very Close to Some","rarely/never",1,"Yes","once a day",-31,"Above 25","Struggling"
"GM","25-34",12,"6+","1_Very Close to Most","rarely/never",1,"Yes","rarely/never",-14.4,"Above 25","Struggling"
"GM","16-20",5,"1","2_Very Close to Some","rarely/never",1,"Yes","once a week",-52.3,"15","Struggling"
"GM","35-44",15,"2","3_Not Close","rarely/never",1,"Yes","a few times a month",110.1,"Above 25","Succeeding"
"GM","25-34",12,"6+","2_Very Close to Some","rarely/never",1,"Yes","rarely/never",169.4,"Above 25","Succeeding"
"GM","25-34",12,"2","3_Not Close","rarely/never",1,"Yes","rarely/never",-20.1,"Above 25","Struggling"
"GM","25-34",12,"5","3_Not Close","rarely/never",1,"Yes","rarely/never",-3,"Above 25","Struggling"
"GM","35-44",15,"4","3_Not Close","rarely/never",1,"Yes","once a day",110.3,"Above 25","Succeeding"
"GM","21-24",14,"5","1_Very Close to Most","rarely/never",1,"Yes","once a day",-22.6,"15","Struggling"
"GM","65+",12,"5","1_Very Close to Most","rarely/never",1,"Yes","a few times a month",-85.7,"Above 25","Struggling"
"GM","25-34",15,"2","5_Dont Have Family","rarely/never",1,"Yes","a few times a month",165,"Above 25","Succeeding"
"GM","25-34",5,"4","2_Very Close to Some","rarely/never",1,"Yes","a few times a month",149.8,"Above 25","Succeeding"
"GM","25-34",NA,"0","4_Dont Get Along","rarely/never",1,"Yes","rarely/never",166.5,"Above 25","Succeeding"
"GM","25-34",5,"3","3_Not Close","rarely/never",1,"Yes","rarely/never",117.9,"Above 25","Succeeding"
"GM","35-44",12,"6+","1_Very Close to Most","rarely/never",1,"Yes","once a week",178.3,"Above 25","Succeeding"
"GM","21-24",5,"4","2_Very Close to Some","rarely/never",1,"Yes","once a week",-49,"16","Struggling"
"GM","25-34",NA,"4","3_Not Close","rarely/never",1,"Yes","once a day",152.1,"Above 25","Succeeding"
"GM","25-34",14,"6+","1_Very Close to Most","rarely/never",1,"Yes","rarely/never",174.1,"Above 25","Succeeding"
"GM","25-34",NA,"2","2_Very Close to Some","rarely/never",1,"Yes","once a day",197.7,"Above 25","Succeeding"
"GM","25-34",15,"6+","1_Very Close to Most","rarely/never",1,"Yes","several days a week",178.7,"Above 25","Succeeding"
"GM","65+",5,"3","3_Not Close","rarely/never",1,"Yes","a few times a month",165,"Above 25","Succeeding"
"GM","55-64",14,"6+","3_Not Close","rarely/never",1,"Yes","rarely/never",112.7,"Above 25","Succeeding"
"GM","55-64",15,"3","1_Very Close to Most","rarely/never",1,"Yes","several days a week",149.4,"Above 25","Succeeding"
"GM","45-54",14,"4","2_Very Close to Some","rarely/never",1,"Yes","a few times a month",144.5,"Above 25","Succeeding"
"GM","21-24",15,"4","1_Very Close to Most","rarely/never",1,"Yes","a few times a month",124,"≤10","Succeeding"
"GM","55-64",NA,"5","2_Very Close to Some","rarely/never",1,"Yes","several days a week",112.5,"Above 25","Succeeding"
"GM","45-54",17,"6+","1_Very Close to Most","rarely/never",1,"Yes","several days a week",173.4,"Above 25","Succeeding"
"GM","35-44",15,"3","4_Dont Get Along","rarely/never",1,"Yes","a few times a month",182.1,"Above 25","Succeeding"
"GM","25-34",NA,"4","3_Not Close","rarely/never",1,"Yes","once a day",174.9,"Above 25","Succeeding"
"GM","45-54",5,"6+","1_Very Close to Most","rarely/never",1,"Yes","rarely/never",136.9,"Above 25","Succeeding"
"GM","35-44",15,"6+","1_Very Close to Most","rarely/never",1,"Yes","once a week",119.6,"Above 25","Succeeding"
"GM","55-64",14,"5","1_Very Close to Most","rarely/never",1,"Yes","rarely/never",143.7,"Above 25","Succeeding"
"GM","35-44",14,"6+","2_Very Close to Some","rarely/never",1,"Yes","rarely/never",-23.2,"Above 25","Struggling"
"GM","65+",14,"2","2_Very Close to Some","rarely/never",1,"Yes","several days a week",149.8,"Above 25","Succeeding"
"GM","21-24",15,"6+","2_Very Close to Some","rarely/never",1,"Yes","once a day",102.3,"20","Succeeding"
"GM","21-24",12,"3","4_Dont Get Along","rarely/never",1,"Yes","rarely/never",-100,"20","Struggling"
"GM","35-44",15,"5","3_Not Close","rarely/never",1,"Yes","a few times a month",124,"Above 25","Succeeding"
"GM","25-34",12,"5","3_Not Close","rarely/never",1,"Yes","a few times a month",-3,"Above 25","Struggling"
"GM","35-44",14,"4","1_Very Close to Most","rarely/never",1,"Yes","once a day",200,"Above 25","Succeeding"
"GM","25-34",NA,"6+","2_Very Close to Some","rarely/never",1,"Yes","once a day",200,"Above 25","Succeeding"
"GM","25-34",15,"5","3_Not Close","rarely/never",1,"Yes","once a day",157.4,"Above 25","Succeeding"
"GM","55-64",17,"4","1_Very Close to Most","rarely/never",1,"Yes","once a day",195.4,"Above 25","Succeeding"
"GM","55-64",12,"5","2_Very Close to Some","rarely/never",1,"Yes","rarely/never",110.6,"Above 25","Succeeding"
"GM","25-34",5,"2","2_Very Close to Some","rarely/never",1,"Yes","once a day",174.9,"Above 25","Succeeding"
"GM","16-20",14,"6+","2_Very Close to Some","rarely/never",1,"Yes","rarely/never",111,"19","Succeeding"
"GM","35-44",5,"0","1_Very Close to Most","rarely/never",1,"Yes","a few times a month",-20.1,"Above 25","Struggling"
"GM","35-44",12,"5","1_Very Close to Most","rarely/never",1,"Yes","rarely/never",122.4,"Above 25","Succeeding"
"GM","25-34",5,"4","4_Dont Get Along","rarely/never",1,"Yes","rarely/never",-26.5,"Above 25","Struggling"
"GM","21-24",14,"6+","1_Very Close to Most","rarely/never",1,"Yes","rarely/never",144.1,"20","Succeeding"
"GM","35-44",5,"1","2_Very Close to Some","rarely/never",1,"Yes","several days a week",-48.7,"Above 25","Struggling"
"GM","25-34",14,"3","2_Very Close to Some","rarely/never",1,"Yes","rarely/never",-43.4,"Above 25","Struggling"
"GM","65+",14,"5","2_Very Close to Some","rarely/never",1,"Yes","rarely/never",-30.6,"Above 25","Struggling"
"GM","25-34",12,"6+","3_Not Close","rarely/never",1,"Yes","several days a week",106.3,"Above 25","Succeeding"
"GM","21-24",14,"2","1_Very Close to Most","rarely/never",1,"Yes","rarely/never",-6,"21-25","Struggling"
"GM","25-34",15,"2","1_Very Close to Most","rarely/never",1,"Yes","rarely/never",193.9,"Above 25","Succeeding"
"GM","21-24",14,"2","2_Very Close to Some","rarely/never",1,"Yes","rarely/never",113.3,"17","Succeeding"
"GM","21-24",12,"4","2_Very Close to Some","rarely/never",1,"Yes","rarely/never",-70.8,"19","Struggling"
"GM","55-64",15,"2","1_Very Close to Most","rarely/never",1,"Yes","several days a week",187.1,"Above 25","Succeeding"
"GM","25-34",14,"5","2_Very Close to Some","rarely/never",1,"Yes","rarely/never",125.5,"Above 25","Succeeding"
"GM","25-34",NA,"2","2_Very Close to Some","rarely/never",1,"Yes","once a day",-44.9,"Above 25","Struggling"
"GM","25-34",15,"3","1_Very Close to Most","rarely/never",1,"Yes","a few times a month",156.7,"Above 25","Succeeding"
"GM","25-34",12,"6+","1_Very Close to Most","rarely/never",1,"Yes","once a week",177.9,"Above 25","Succeeding"
"GM","25-34",12,"2","1_Very Close to Most","rarely/never",1,"Yes","rarely/never",-10.5,"Above 25","Struggling"
"GM","35-44",NA,"1","3_Not Close","rarely/never",1,"Yes","a few times a month",-20.2,"Above 25","Struggling"
"GM","35-44",17,"5","1_Very Close to Most","rarely/never",1,"Yes","rarely/never",169.6,"Above 25","Succeeding"
"GM","35-44",15,"4","3_Not Close","rarely/never",1,"Yes","once a week",165.2,"Above 25","Succeeding"
"GM","35-44",15,"6+","1_Very Close to Most","rarely/never",1,"Yes","a few times a month",184.8,"Above 25","Succeeding"
"GM","35-44",15,"6+","1_Very Close to Most","rarely/never",1,"Yes","rarely/never",184.8,"Above 25","Succeeding"
"GM","35-44",15,"0","1_Very Close to Most","rarely/never",1,"Yes","a few times a month",174.9,"Above 25","Succeeding"
"GM","35-44",5,"5","1_Very Close to Most","rarely/never",1,"Yes","rarely/never",145.6,"Above 25","Succeeding"
"GM","35-44",15,"5","1_Very Close to Most","rarely/never",1,"Yes","rarely/never",-21.5,"Above 25","Struggling"
"GM","45-54",20,"2","2_Very Close to Some","rarely/never",1,"Yes","several days a week",188.6,"Above 25","Succeeding"
"GM","25-34",12,"6+","1_Very Close to Most","rarely/never",1,"Yes","once a day",190.1,"Above 25","Succeeding"
"GM","35-44",15,"6+","2_Very Close to Some","rarely/never",1,"Yes","several days a week",174.9,"Above 25","Succeeding"
"GM","55-64",17,"3","2_Very Close to Some","rarely/never",1,"Yes","several days a week",127.9,"Above 25","Succeeding"
"GM","16-20",12,"6+","1_Very Close to Most","rarely/never",1,"Yes","rarely/never",136.7,"18","Succeeding"
"GM","65+",12,"5","1_Very Close to Most","rarely/never",1,"Yes","rarely/never",-85.7,"Above 25","Struggling"
"GM","25-34",15,"6+","2_Very Close to Some","rarely/never",1,"Yes","rarely/never",-80.8,"Above 25","Struggling"
"GM","25-34",15,"4","2_Very Close to Some","rarely/never",1,"Yes","several days a week",176.4,"Above 25","Succeeding"
"GM","35-44",NA,"4","1_Very Close to Most","rarely/never",1,"Yes","a few times a month",155.9,"Above 25","Succeeding"
"GM","55-64",15,"5","3_Not Close","rarely/never",1,"Yes","rarely/never",167.3,"Above 25","Succeeding"
"GM","21-24",12,"3","1_Very Close to Most","rarely/never",1,"Yes","rarely/never",161.4,"15","Succeeding"
"GM","25-34",12,"2","2_Very Close to Some","rarely/never",1,"Yes","once a day",-17.4,"Above 25","Struggling"
"GM","35-44",15,"0","3_Not Close","rarely/never",1,"Yes","a few times a month",155.1,"Above 25","Succeeding"
"GM","25-34",15,"6+","1_Very Close to Most","rarely/never",1,"Yes","rarely/never",161.2,"Above 25","Succeeding"
"GM","45-54",14,"4","2_Very Close to Some","rarely/never",1,"Yes","a few times a month",138.4,"Above 25","Succeeding"
"GM","45-54",17,"6+","1_Very Close to Most","rarely/never",1,"Yes","once a week",127,"Above 25","Succeeding"
"GM","35-44",12,"3","2_Very Close to Some","rarely/never",1,"Yes","several days a week",183.3,"Above 25","Succeeding"
"GM","25-34",15,"2","2_Very Close to Some","rarely/never",1,"Yes","several days a week",174,"Above 25","Succeeding"
"GM","45-54",14,"4","2_Very Close to Some","rarely/never",1,"Yes","rarely/never",138.4,"Above 25","Succeeding"
"GM","16-20",12,"6+","3_Not Close","rarely/never",1,"Yes","a few times a month",-44.8,"18","Struggling"
"GM","45-54",NA,"3","3_Not Close","rarely/never",1,"Yes","a few times a month",165,"Above 25","Succeeding"
"GM","25-34",15,"4","1_Very Close to Most","rarely/never",1,"Yes","a few times a month",137.6,"Above 25","Succeeding"
"GM","25-34",14,"6+","4_Dont Get Along","rarely/never",1,"Yes","rarely/never",-93.5,"Above 25","Struggling"
"GM","25-34",5,"5","1_Very Close to Most","rarely/never",1,"Yes","once a day",-34.8,"Above 25","Struggling"
"GM","55-64",5,"6+","3_Not Close","rarely/never",1,"Yes","once a day",159.7,"Above 25","Succeeding"
"GM","25-34",12,"5","1_Very Close to Most","rarely/never",1,"Yes","once a day",200,"Above 25","Succeeding"
"GM","35-44",14,"6+","1_Very Close to Most","rarely/never",1,"Yes","rarely/never",147.5,"Above 25","Succeeding"
"GM","25-34",12,"3","3_Not Close","rarely/never",1,"Yes","rarely/never",137.6,"Above 25","Succeeding"
"GM","35-44",5,"3","2_Very Close to Some","rarely/never",1,"Yes","rarely/never",143,"Above 25","Succeeding"
"GM","21-24",15,"1","2_Very Close to Some","rarely/never",1,"Yes","once a week",162,"20","Succeeding"
"GM","25-34",14,"6+","3_Not Close","rarely/never",1,"No","several days a week",-73.2,"Above 25","Struggling"
"GM","25-34",15,"3","1_Very Close to Most","rarely/never",1,"Yes","a few times a month",-1.5,"Above 25","Struggling"
"GM","25-34",5,"5","2_Very Close to Some","rarely/never",1,"Yes","once a day",137.6,"Above 25","Succeeding"
"GM","21-24",12,"3","1_Very Close to Most","rarely/never",1,"Yes","a few times a month",153.6,"18","Succeeding"
"GM","25-34",14,"4","1_Very Close to Most","rarely/never",1,"Yes","a few times a month",-44.4,"Above 25","Struggling"
"GM","35-44",5,"6+","1_Very Close to Most","rarely/never",1,"Yes","once a day",114.8,"Above 25","Succeeding"
"GM","25-34",14,"6+","2_Very Close to Some","rarely/never",1,"Yes","rarely/never",-39.1,"Above 25","Struggling"
"GM","25-34",15,"4","1_Very Close to Most","rarely/never",1,"Yes","rarely/never",177.9,"Above 25","Succeeding"
"GM","35-44",5,"6+","2_Very Close to Some","rarely/never",1,"Yes","once a week",164.3,"Above 25","Succeeding"
"GM","25-34",15,"6+","1_Very Close to Most","rarely/never",1,"Yes","a few times a month",161.2,"Above 25","Succeeding"
"GM","25-34",15,"1","2_Very Close to Some","rarely/never",1,"Yes","rarely/never",-32.6,"Above 25","Struggling"
"GM","45-54",15,"5","1_Very Close to Most","rarely/never",1,"Yes","several days a week",144.5,"Above 25","Succeeding"
"GM","25-34",15,"2","4_Dont Get Along","rarely/never",1,"Yes","several days a week",140.7,"Above 25","Succeeding"
"GM","25-34",14,"4","1_Very Close to Most","rarely/never",1,"Yes","rarely/never",181.7,"Above 25","Succeeding"
"GM","45-54",5,"6+","2_Very Close to Some","rarely/never",1,"Yes","a few times a month",-10.9,"Above 25","Struggling"
"GM","25-34",5,"4","1_Very Close to Most","rarely/never",1,"Yes","a few times a month",-54.9,"Above 25","Struggling"
"GM","35-44",NA,"3","2_Very Close to Some","rarely/never",1,"Yes","a few times a month",117.9,"Above 25","Succeeding"
"GM","55-64",14,"5","1_Very Close to Most","rarely/never",1,"Yes","a few times a month",143.7,"Above 25","Succeeding"
"GM","25-34",14,"3","4_Dont Get Along","rarely/never",1,"Yes","a few times a month",-37,"Above 25","Struggling"
"GM","25-34",14,"0","2_Very Close to Some","rarely/never",1,"Yes","several days a week",177.9,"Above 25","Succeeding"
"GM","21-24",12,"4","2_Very Close to Some","rarely/never",1,"Yes","rarely/never",150.2,"18","Succeeding"
"GM","45-54",15,"3","2_Very Close to Some","rarely/never",1,"Yes","once a day",181.7,"Above 25","Succeeding"
"GM","55-64",8,"5","3_Not Close","rarely/never",1,"Yes","several days a week",120.9,"Above 25","Succeeding"
"GM","16-20",12,"5","1_Very Close to Most","rarely/never",1,"Yes","once a day",155.9,"16","Succeeding"
"GM","35-44",15,"6+","2_Very Close to Some","rarely/never",1,"Yes","rarely/never",-71.8,"Above 25","Struggling"
"GM","55-64",15,"5","1_Very Close to Most","rarely/never",1,"Yes","once a day",159.7,"Above 25","Succeeding"
"GM","21-24",12,"4","2_Very Close to Some","rarely/never",1,"Yes","a few times a month",-70.8,"19","Struggling"
"GM","21-24",12,"6+","2_Very Close to Some","rarely/never",1,"Yes","a few times a month",-21.6,"21-25","Struggling"
"GM","21-24",12,"6+","1_Very Close to Most","rarely/never",1,"Yes","rarely/never",133.1,"20","Succeeding"
"GM","35-44",15,"5","1_Very Close to Most","rarely/never",1,"Yes","rarely/never",154.2,"Above 25","Succeeding"
"GM","35-44",14,"4","1_Very Close to Most","rarely/never",1,"Yes","once a day",187.1,"Above 25","Succeeding"
"GM","25-34",14,"4","3_Not Close","rarely/never",1,"Yes","several days a week",121.7,"Above 25","Succeeding"
"GM","35-44",15,"6+","2_Very Close to Some","rarely/never",1,"Yes","once a day",-5.9,"Above 25","Struggling"
"GM","25-34",5,"4","1_Very Close to Most","rarely/never",1,"Yes","rarely/never",-54.9,"Above 25","Struggling"
"GM","35-44",NA,"5","1_Very Close to Most","rarely/never",1,"Yes","a few times a month",143.3,"Above 25","Succeeding"
"GM","35-44",12,"4","1_Very Close to Most","rarely/never",1,"Yes","once a day",142.6,"Above 25","Succeeding"
"GM","65+",12,"5","1_Very Close to Most","rarely/never",1,"Yes","once a day",147.5,"Above 25","Succeeding"
"GM","55-64",12,"6+","2_Very Close to Some","rarely/never",1,"Yes","several days a week",164.3,"Above 25","Succeeding"
"GM","25-34",12,"2","3_Not Close","rarely/never",1,"Yes","rarely/never",-26.9,"Above 25","Struggling"
"GM","55-64",15,"5","3_Not Close","rarely/never",1,"Yes","a few times a month",167.3,"Above 25","Succeeding"
"GM","25-34",12,"5","4_Dont Get Along","rarely/never",1,"Yes","once a day",123.6,"Above 25","Succeeding"
"GM","35-44",NA,"4","1_Very Close to Most","rarely/never",1,"Yes","rarely/never",155.9,"Above 25","Succeeding"
"GM","25-34",12,"6+","2_Very Close to Some","rarely/never",1,"Yes","a few times a month",-5.3,"Above 25","Struggling"
"GM","21-24",15,"6+","2_Very Close to Some","rarely/never",1,"Yes","rarely/never",-34.3,"21-25","Struggling"
"GM","25-34",15,"5","1_Very Close to Most","rarely/never",1,"Yes","once a day",170.7,"Above 25","Succeeding"
"GM","35-44",5,"5","1_Very Close to Most","rarely/never",1,"Yes","rarely/never",135.6,"Above 25","Succeeding"
"GM","35-44",15,"3","1_Very Close to Most","rarely/never",1,"Yes","rarely/never",152.1,"Above 25","Succeeding"
"GM","35-44",14,"1","1_Very Close to Most","rarely/never",1,"Yes","rarely/never",152.9,"Above 25","Succeeding"
"GM","35-44",15,"5","1_Very Close to Most","rarely/never",1,"Yes","a few times a month",196.2,"Above 25","Succeeding"
"GM","25-34",15,"3","1_Very Close to Most","rarely/never",1,"Yes","rarely/never",156.7,"Above 25","Succeeding"
"GM","25-34",14,"6+","2_Very Close to Some","rarely/never",1,"Yes","several days a week",122.1,"Above 25","Succeeding"
"GM","45-54",15,"5","1_Very Close to Most","rarely/never",1,"Yes","once a day",155.7,"Above 25","Succeeding"
"GM","35-44",14,"5","2_Very Close to Some","rarely/never",1,"Yes","a few times a month",153.6,"Above 25","Succeeding"
"GM","35-44",15,"2","3_Not Close","rarely/never",1,"Yes","rarely/never",110.1,"Above 25","Succeeding"
"GM","25-34",17,"5","1_Very Close to Most","rarely/never",1,"Yes","rarely/never",-2.7,"Above 25","Struggling"
"GM","21-24",14,"6+","2_Very Close to Some","rarely/never",1,"Yes","a few times a month",-22.5,"20","Struggling"
"GM","25-34",15,"1","1_Very Close to Most","rarely/never",1,"Yes","rarely/never",133.5,"Above 25","Succeeding"
"GM","25-34",14,"0","1_Very Close to Most","rarely/never",1,"Yes","once a day",130.8,"Above 25","Succeeding"
"GM","65+",5,"5","2_Very Close to Some","rarely/never",1,"Yes","once a week",150.6,"Above 25","Succeeding"
"GM","65+",14,"5","2_Very Close to Some","rarely/never",1,"Yes","a few times a month",-30.6,"Above 25","Struggling"
"GM","25-34",15,"5","2_Very Close to Some","rarely/never",1,"Yes","once a day",155.1,"Above 25","Succeeding"
"GM","45-54",12,"6+","2_Very Close to Some","rarely/never",1,"Yes","a few times a month",143,"Above 25","Succeeding"
"GM","45-54",17,"2","3_Not Close","rarely/never",1,"Yes","rarely/never",150.6,"Above 25","Succeeding"
"GM","21-24",12,"6+","2_Very Close to Some","rarely/never",1,"Yes","rarely/never",-2.2,"19","Struggling"
"GM","55-64",15,"2","2_Very Close to Some","rarely/never",1,"Yes","once a day",137.6,"Above 25","Succeeding"
"GM","35-44",NA,"4","2_Very Close to Some","rarely/never",1,"Yes","a few times a month",153.6,"Above 25","Succeeding"
"GM","35-44",NA,"2","3_Not Close","rarely/never",1,"Yes","once a day",175.7,"Above 25","Succeeding"
"GM","25-34",5,"6+","1_Very Close to Most","rarely/never",1,"Yes","rarely/never",186.3,"Above 25","Succeeding"
"GM","25-34",14,"3","4_Dont Get Along","rarely/never",1,"Yes","once a day",-25.9,"Above 25","Struggling"
"GM","35-44",5,"5","1_Very Close to Most","rarely/never",1,"Yes","a few times a month",135.6,"Above 25","Succeeding"
"GM","65+",17,"5","2_Very Close to Some","rarely/never",1,"Yes","once a day",100.4,"Above 25","Succeeding"
"GM","65+",12,"5","1_Very Close to Most","rarely/never",1,"Yes","once a week",136.1,"Above 25","Succeeding"
"GM","35-44",15,"5","2_Very Close to Some","rarely/never",1,"Yes","several days a week",193.2,"Above 25","Succeeding"
"GM","45-54",14,"6+","1_Very Close to Most","rarely/never",1,"Yes","rarely/never",194.7,"Above 25","Succeeding"
"GM","35-44",12,"6+","4_Dont Get Along","rarely/never",1,"Yes","once a day",-84.4,"Above 25","Struggling"
"GM","25-34",17,"4","1_Very Close to Most","rarely/never",1,"Yes","once a week",180.2,"Above 25","Succeeding"
"GM","35-44",12,"6+","2_Very Close to Some","rarely/never",1,"Yes","once a week",126.2,"Above 25","Succeeding"
"GM","25-34",NA,"3","2_Very Close to Some","rarely/never",1,"Yes","once a week",-3.1,"Above 25","Struggling"
"GM","25-34",14,"4","2_Very Close to Some","rarely/never",1,"Yes","once a day",143,"Above 25","Succeeding"
"GM","25-34",5,"4","2_Very Close to Some","rarely/never",1,"Yes","rarely/never",135.4,"Above 25","Succeeding"
"GM","35-44",14,"2","2_Very Close to Some","rarely/never",1,"Yes","rarely/never",152.1,"Above 25","Succeeding"
"GM","35-44",15,"3","1_Very Close to Most","rarely/never",1,"Yes","a few times a month",152.1,"Above 25","Succeeding"
"GM","35-44",15,"5","2_Very Close to Some","rarely/never",1,"Yes","once a day",147.5,"Above 25","Succeeding"
"GM","35-44",12,"3","1_Very Close to Most","rarely/never",1,"No","once a day",-3.6,"Above 25","Struggling"
"GM","25-34",15,"1","1_Very Close to Most","rarely/never",1,"Yes","rarely/never",-90.8,"Above 25","Struggling"
"GM","35-44",15,"1","4_Dont Get Along","rarely/never",1,"Yes","rarely/never",-56.8,"Above 25","Struggling"
"GM","25-34",17,"6+","1_Very Close to Most","rarely/never",1,"Yes","a few times a month",-18.3,"Above 25","Struggling"
"GM","45-54",5,"3","1_Very Close to Most","rarely/never",1,"Yes","once a week",164.3,"Above 25","Succeeding"
"GM","25-34",14,"6+","1_Very Close to Most","rarely/never",1,"Yes","a few times a month",163.1,"Above 25","Succeeding"
"GM","35-44",15,"4","4_Dont Get Along","rarely/never",1,"Yes","rarely/never",135.4,"Above 25","Succeeding"
"GM","35-44",12,"6+","2_Very Close to Some","rarely/never",1,"Yes","once a day",170.3,"Above 25","Succeeding"
"GM","65+",12,"0","1_Very Close to Most","rarely/never",1,"Yes","a few times a month",137.6,"Above 25","Succeeding"
"GM","25-34",15,"2","1_Very Close to Most","rarely/never",1,"Yes","once a day",155.1,"Above 25","Succeeding"
"GM","25-34",14,"6+","2_Very Close to Some","rarely/never",1,"Yes","rarely/never",-26.1,"Above 25","Struggling"
"GM","21-24",15,"2","3_Not Close","rarely/never",1,"Yes","once a day",174.1,"13","Succeeding"
"GM","25-34",12,"3","2_Very Close to Some","rarely/never",1,"Yes","rarely/never",-45.6,"Above 25","Struggling"
"GM","21-24",12,"5","4_Dont Get Along","several days a week",15,"Yes","several days a week",110.6,"21-25","Succeeding"
"GM","21-24",5,"1","3_Not Close","several days a week",15,"Yes","rarely/never",152.5,"19","Succeeding"
"GM","21-24",12,"6+","2_Very Close to Some","several days a week",15,"Yes","rarely/never",-4.6,"19","Struggling"
"GM","25-34",15,"3","1_Very Close to Most","several days a week",15,"Yes","rarely/never",-5.3,"Above 25","Struggling"
"GM","25-34",8,"6+","2_Very Close to Some","several days a week",15,"Yes","once a week",-16.2,"Above 25","Struggling"
"GM","21-24",12,"5","1_Very Close to Most","several days a week",15,"Yes","several days a week",118.3,"18","Succeeding"
"GM","35-44",14,"3","1_Very Close to Most","several days a week",15,"Yes","several days a week",104.6,"Above 25","Succeeding"
"GM","21-24",14,"4","2_Very Close to Some","several days a week",15,"Yes","several days a week",-10.5,"17","Struggling"
"GM","25-34",15,"6+","2_Very Close to Some","several days a week",15,"Yes","once a day",-51.4,"Above 25","Struggling"
"GM","35-44",15,"6+","3_Not Close","several days a week",15,"Yes","rarely/never",-4.2,"Above 25","Struggling"
"GM","45-54",14,"6+","3_Not Close","several days a week",15,"Yes","rarely/never",-49.1,"Above 25","Struggling"
"GM","25-34",15,"3","1_Very Close to Most","several days a week",15,"Yes","once a day",-14,"Above 25","Struggling"
"GM","35-44",15,"6+","3_Not Close","several days a week",15,"Yes","rarely/never",118.8,"Above 25","Succeeding"
"GM","16-20",5,"3","3_Not Close","several days a week",15,"Yes","a few times a month",-85.5,"19","Struggling"
"GM","35-44",14,"6+","2_Very Close to Some","several days a week",15,"Yes","several days a week",-39.6,"Above 25","Struggling"
"GM","25-34",15,"3","1_Very Close to Most","several days a week",15,"Yes","rarely/never",-37.7,"Above 25","Struggling"
"GM","25-34",14,"2","1_Very Close to Most","several days a week",15,"Yes","several days a week",103.2,"Above 25","Succeeding"
"GM","21-24",15,"6+","1_Very Close to Most","several days a week",15,"Yes","rarely/never",137.6,"21-25","Succeeding"
"GM","35-44",14,"2","1_Very Close to Most","several days a week",15,"Yes","rarely/never",-10.9,"Above 25","Struggling"
"GM","25-34",15,"3","2_Very Close to Some","several days a week",15,"Yes","several days a week",106.7,"Above 25","Succeeding"
"GM","35-44",12,"2","2_Very Close to Some","several days a week",15,"Yes","several days a week",-15.4,"Above 25","Struggling"
"GM","21-24",12,"6+","1_Very Close to Most","several days a week",15,"Yes","once a day",144.5,"21-25","Succeeding"
"GM","25-34",14,"2","2_Very Close to Some","several days a week",15,"Yes","several days a week",171.1,"Above 25","Succeeding"
"GM","25-34",12,"1","3_Not Close","several days a week",15,"Yes","several days a week",-4.2,"Above 25","Struggling"
"GM","25-34",15,"2","1_Very Close to Most","several days a week",15,"Yes","several days a week",116,"Above 25","Succeeding"
"GM","21-24",15,"6+","3_Not Close","several days a week",15,"Yes","several days a week",-55.3,"20","Struggling"
"GM","16-20",12,"1","2_Very Close to Some","several days a week",15,"Yes","once a day",120.9,"18","Succeeding"
"GM","25-34",14,"6+","1_Very Close to Most","several days a week",15,"Yes","several days a week",103.8,"Above 25","Succeeding"
"GM","21-24",12,"1","3_Not Close","several days a week",15,"Yes","rarely/never",-37.7,"18","Struggling"
"GM","25-34",15,"4","1_Very Close to Most","several days a week",15,"Yes","rarely/never",-15.3,"Above 25","Struggling"
"GM","21-24",17,"1","2_Very Close to Some","several days a week",15,"Yes","once a week",-29.9,"≤10","Struggling"
"GM","65+",15,"6+","2_Very Close to Some","several days a week",15,"Yes","several days a week",164.4,"Above 25","Succeeding"
"GM","35-44",14,"5","2_Very Close to Some","several days a week",15,"Yes","several days a week",-1.5,"Above 25","Struggling"
"GM","16-20",8,"6+","3_Not Close","several days a week",15,"Yes","once a week",-37.7,"17","Struggling"
"GM","21-24",12,"6+","4_Dont Get Along","several days a week",15,"Yes","rarely/never",-59.6,"20","Struggling"
"GM","21-24",5,"5","1_Very Close to Most","several days a week",15,"Yes","rarely/never",-13.4,"20","Struggling"
"GM","65+",12,"1","2_Very Close to Some","several days a week",15,"Yes","once a day",165.8,"Above 25","Succeeding"
"GM","35-44",17,"5","3_Not Close","several days a week",15,"Yes","a few times a month",186.3,"Above 25","Succeeding"
"GM","25-34",17,"3","1_Very Close to Most","several days a week",15,"Yes","several days a week",115.2,"Above 25","Succeeding"
"GM","25-34",15,"6+","4_Dont Get Along","several days a week",15,"Yes","several days a week",112.2,"Above 25","Succeeding"
"GM","21-24",15,"6+","1_Very Close to Most","several days a week",15,"Yes","rarely/never",187.8,"18","Succeeding"
"GM","55-64",15,"4","1_Very Close to Most","several days a week",15,"Yes","once a day",140.1,"Above 25","Succeeding"
"GM","35-44",17,"5","3_Not Close","several days a week",15,"Yes","rarely/never",186.3,"Above 25","Succeeding"
"GM","16-20",14,"2","2_Very Close to Some","several days a week",15,"Yes","once a week",-98.9,"16","Struggling"
"GM","25-34",12,"6+","3_Not Close","several days a week",15,"Yes","several days a week",121.7,"Above 25","Succeeding"
"GM","25-34",5,"4","3_Not Close","several days a week",15,"Yes","once a week",136.1,"Above 25","Succeeding"
"GM","45-54",12,"4","3_Not Close","several days a week",15,"Yes","rarely/never",-100,"Above 25","Struggling"
"GM","45-54",8,"6+","2_Very Close to Some","several days a week",15,"Yes","several days a week",107,"Above 25","Succeeding"
"GM","25-34",NA,"4","1_Very Close to Most","several days a week",15,"Yes","several days a week",129.3,"Above 25","Succeeding"
"GM","21-24",17,"6+","3_Not Close","several days a week",15,"Yes","several days a week",120.9,"18","Succeeding"
"GM","25-34",17,"4","2_Very Close to Some","several days a week",15,"Yes","once a day",127.6,"Above 25","Succeeding"
"GM","35-44",12,"6+","1_Very Close to Most","several days a week",15,"Yes","rarely/never",115.6,"Above 25","Succeeding"
"GM","25-34",14,"6+","1_Very Close to Most","several days a week",15,"Yes","once a day",161.2,"Above 25","Succeeding"
"GM","21-24",12,"6+","2_Very Close to Some","several days a week",15,"Yes","several days a week",117.1,"13","Succeeding"
"GM","21-24",5,"4","2_Very Close to Some","several days a week",15,"Yes","several days a week",-5.5,"≤10","Struggling"
"GM","25-34",15,"3","2_Very Close to Some","several days a week",15,"Yes","a few times a month",-2,"Above 25","Struggling"
"GM","35-44",17,"1","2_Very Close to Some","several days a week",15,"Yes","once a day",-3.8,"Above 25","Struggling"
"GM","16-20",12,"5","1_Very Close to Most","several days a week",15,"Yes","rarely/never",-0.6,"17","Struggling"
"GM","25-34",8,"2","3_Not Close","several days a week",15,"Yes","several days a week",-19.4,"Above 25","Struggling"
"GM","21-24",12,"6+","1_Very Close to Most","several days a week",15,"Yes","several days a week",125.9,"20","Succeeding"
"GM","25-34",15,"5","2_Very Close to Some","several days a week",15,"No","rarely/never",137.6,"Above 25","Succeeding"
"GM","35-44",15,"6+","1_Very Close to Most","several days a week",15,"Yes","a few times a month",173.4,"Above 25","Succeeding"
"GM","25-34",15,"6+","2_Very Close to Some","several days a week",15,"Yes","several days a week",-67.8,"Above 25","Struggling"
"GM","25-34",8,"4","3_Not Close","several days a week",15,"Yes","rarely/never",-7,"Above 25","Struggling"
"GM","21-24",14,"2","3_Not Close","several days a week",15,"Yes","a few times a month",102.7,"20","Succeeding"
"GM","65+",14,"0","3_Not Close","several days a week",15,"Yes","rarely/never",-37.6,"Above 25","Struggling"
"GM","35-44",15,"4","2_Very Close to Some","several days a week",15,"Yes","once a day",180.2,"Above 25","Succeeding"
"GM","21-24",12,"5","3_Not Close","several days a week",15,"Yes","rarely/never",-14.2,"20","Struggling"
"GM","25-34",15,"3","2_Very Close to Some","several days a week",15,"Yes","several days a week",-5.8,"Above 25","Struggling"
"GM","21-24",12,"6+","2_Very Close to Some","several days a week",15,"Yes","several days a week",-76.1,"18","Struggling"
"GM","35-44",12,"3","4_Dont Get Along","several days a week",15,"Yes","several days a week",116.9,"Above 25","Succeeding"
"GM","25-34",5,"3","3_Not Close","several days a week",15,"Yes","rarely/never",-9.3,"Above 25","Struggling"
"GM","65+",15,"2","2_Very Close to Some","several days a week",15,"Yes","several days a week",-0.9,"Above 25","Struggling"
"GM","35-44",NA,"0","3_Not Close","several days a week",15,"Yes","a few times a month",-1.3,"Above 25","Struggling"
"GM","35-44",17,"6+","2_Very Close to Some","several days a week",15,"Yes","several days a week",169.6,"Above 25","Succeeding"
"GM","45-54",14,"6+","1_Very Close to Most","several days a week",15,"Yes","once a week",102.9,"Above 25","Succeeding"
"GM","25-34",17,"6+","2_Very Close to Some","several days a week",15,"Yes","several days a week",-11.8,"Above 25","Struggling"
"GM","35-44",15,"4","1_Very Close to Most","several days a week",15,"Yes","several days a week",155.9,"Above 25","Succeeding"
"GM","45-54",17,"2","1_Very Close to Most","several days a week",15,"No","several days a week",162.5,"Above 25","Succeeding"
"GM","21-24",14,"6+","2_Very Close to Some","several days a week",15,"Yes","rarely/never",102.9,"17","Succeeding"
"GM","25-34",15,"1","1_Very Close to Most","several days a week",15,"Yes","rarely/never",106.1,"Above 25","Succeeding"
"GM","25-34",NA,"3","1_Very Close to Most","several days a week",15,"Yes","rarely/never",121.9,"Above 25","Succeeding"
"GM","25-34",15,"6+","2_Very Close to Some","several days a week",15,"Yes","several days a week",129.3,"Above 25","Succeeding"
"GM","21-24",8,"6+","2_Very Close to Some","several days a week",15,"Yes","rarely/never",-49.4,"20","Struggling"
"GM","16-20",12,"6+","5_Dont Have Family","several days a week",15,"Yes","rarely/never",-2.4,"19","Struggling"
"GM","25-34",15,"3","2_Very Close to Some","several days a week",15,"Yes","rarely/never",-2,"Above 25","Struggling"
"GM","21-24",15,"6+","1_Very Close to Most","several days a week",15,"Yes","several days a week",149.6,"20","Succeeding"
"GM","65+",12,"0","1_Very Close to Most","several days a week",15,"Yes","once a week",142.2,"Above 25","Succeeding"
"GM","35-44",17,"4","3_Not Close","several days a week",15,"Yes","once a week",-38.1,"Above 25","Struggling"
"GM","55-64",15,"4","1_Very Close to Most","several days a week",15,"Yes","several days a week",151.3,"Above 25","Succeeding"
"GM","45-54",12,"6+","2_Very Close to Some","several days a week",15,"Yes","several days a week",172.2,"Above 25","Succeeding"
"GM","35-44",15,"5","2_Very Close to Some","several days a week",15,"Yes","rarely/never",168.1,"Above 25","Succeeding"
"GM","65+",20,"6+","2_Very Close to Some","several days a week",15,"Yes","once a day",155.9,"Above 25","Succeeding"
"GM","21-24",5,"5","3_Not Close","several days a week",15,"Yes","rarely/never",124.7,"17","Succeeding"
"GM","35-44",12,"5","2_Very Close to Some","several days a week",15,"Yes","once a week",180.4,"Above 25","Succeeding"
"GM","25-34",5,"2","2_Very Close to Some","several days a week",15,"No","once a day",101.9,"Above 25","Succeeding"
"GM","21-24",12,"3","1_Very Close to Most","several days a week",15,"Yes","several days a week",-82.4,"18","Struggling"
"GM","21-24",12,"6+","2_Very Close to Some","several days a week",15,"Yes","several days a week",-42.9,"≤10","Struggling"
"GM","21-24",5,"0","2_Very Close to Some","several days a week",15,"Yes","rarely/never",-12.3,"18","Struggling"
"GM","65+",20,"1","2_Very Close to Some","several days a week",15,"Yes","several days a week",145.2,"Above 25","Succeeding"
"GM","25-34",12,"5","1_Very Close to Most","several days a week",15,"Yes","once a day",147.1,"Above 25","Succeeding"
"GM","25-34",15,"6+","2_Very Close to Some","several days a week",15,"Yes","rarely/never",-35.4,"Above 25","Struggling"
"GM","35-44",14,"5","2_Very Close to Some","several days a week",15,"Yes","several days a week",120.9,"Above 25","Succeeding"
"GM","25-34",15,"4","2_Very Close to Some","several days a week",15,"Yes","several days a week",-42.6,"Above 25","Struggling"
"GM","35-44",15,"5","1_Very Close to Most","several days a week",15,"Yes","rarely/never",131.6,"Above 25","Succeeding"
"GM","25-34",14,"6+","1_Very Close to Most","several days a week",15,"Yes","a few times a month",150.4,"Above 25","Succeeding"
"GM","25-34",NA,"4","1_Very Close to Most","several days a week",15,"Yes","several days a week",177.9,"Above 25","Succeeding"
"GM","25-34",14,"3","2_Very Close to Some","several days a week",15,"Yes","rarely/never",-14.5,"Above 25","Struggling"
"GM","25-34",12,"3","1_Very Close to Most","several days a week",15,"Yes","several days a week",177.2,"Above 25","Succeeding"
"GM","35-44",5,"1","3_Not Close","several days a week",15,"Yes","once a day",106.8,"Above 25","Succeeding"
"GM","25-34",12,"0","1_Very Close to Most","several days a week",15,"Yes","once a week",104.6,"Above 25","Succeeding"
"GM","25-34",NA,"1","1_Very Close to Most","several days a week",15,"Yes","rarely/never",127.8,"Above 25","Succeeding"
"GM","65+",17,"2","1_Very Close to Most","several days a week",15,"Yes","several days a week",-7.6,"Above 25","Struggling"
"GM","65+",15,"1","3_Not Close","several days a week",15,"Yes","once a day",132.7,"Above 25","Succeeding"
"GM","16-20",12,"6+","5_Dont Have Family","several days a week",15,"Yes","a few times a month",-2.4,"19","Struggling"
"GM","16-20",14,"3","3_Not Close","several days a week",15,"Yes","once a day",127.6,"","Succeeding"
"GM","25-34",NA,"6+","2_Very Close to Some","several days a week",15,"Yes","once a day",114.1,"Above 25","Succeeding"
"GM","25-34",14,"6+","1_Very Close to Most","several days a week",15,"Yes","several days a week",178.7,"Above 25","Succeeding"
"GM","55-64",17,"5","1_Very Close to Most","several days a week",15,"Yes","once a day",134,"Above 25","Succeeding"
"GM","21-24",15,"1","1_Very Close to Most","several days a week",15,"Yes","once a day",125.5,"21-25","Succeeding"
"GM","35-44",14,"2","3_Not Close","several days a week",15,"Yes","several days a week",-6,"Above 25","Struggling"
"GM","21-24",12,"3","3_Not Close","several days a week",15,"Yes","several days a week",154.4,"18","Succeeding"
"GM","21-24",12,"6+","3_Not Close","several days a week",15,"Yes","several days a week",-17.3,"19","Struggling"
"GM","35-44",15,"4","2_Very Close to Some","several days a week",15,"Yes","once a day",158.9,"Above 25","Succeeding"
"GM","21-24",12,"5","2_Very Close to Some","several days a week",15,"Yes","rarely/never",-24.8,"19","Struggling"
"GM","25-34",15,"6+","2_Very Close to Some","several days a week",15,"Yes","once a week",173.4,"Above 25","Succeeding"
"GM","21-24",12,"1","1_Very Close to Most","several days a week",15,"Yes","rarely/never",101.1,"≤10","Succeeding"
"GM","35-44",5,"6+","3_Not Close","several days a week",15,"Yes","a few times a month",-24,"Above 25","Struggling"
"GM","25-34",14,"2","1_Very Close to Most","several days a week",15,"Yes","rarely/never",112.2,"Above 25","Succeeding"
"GM","45-54",14,"5","1_Very Close to Most","several days a week",15,"Yes","several days a week",163.5,"Above 25","Succeeding"
"GM","45-54",15,"0","2_Very Close to Some","several days a week",15,"Yes","rarely/never",-38.4,"Above 25","Struggling"
"GM","21-24",15,"2","4_Dont Get Along","several days a week",15,"Yes","once a week",146,"20","Succeeding"
"GM","45-54",17,"6+","2_Very Close to Some","several days a week",15,"Yes","several days a week",133.8,"Above 25","Succeeding"
"GM","25-34",12,"3","2_Very Close to Some","several days a week",15,"Yes","several days a week",157.6,"Above 25","Succeeding"
"GM","21-24",14,"3","1_Very Close to Most","several days a week",15,"Yes","several days a week",127,"21-25","Succeeding"
"GM","35-44",15,"5","2_Very Close to Some","several days a week",15,"Yes","several days a week",121.7,"Above 25","Succeeding"
"GM","25-34",NA,"1","3_Not Close","several days a week",15,"Yes","several days a week",-22,"Above 25","Struggling"
"GM","25-34",15,"3","1_Very Close to Most","several days a week",15,"Yes","a few times a month",-5.3,"Above 25","Struggling"
"GM","16-20",5,"3","3_Not Close","several days a week",15,"Yes","rarely/never",-85.5,"19","Struggling"
"GM","16-20",14,"6+","2_Very Close to Some","several days a week",15,"Yes","a few times a month",-52.8,"16","Struggling"
"GM","35-44",15,"5","4_Dont Get Along","several days a week",15,"Yes","several days a week",-51,"Above 25","Struggling"
"GM","16-20",12,"6+","3_Not Close","several days a week",15,"Yes","rarely/never",-11.8,"16","Struggling"
"GM","35-44",15,"6+","1_Very Close to Most","several days a week",15,"Yes","rarely/never",160.1,"Above 25","Succeeding"
"GM","25-34",15,"1","3_Not Close","several days a week",15,"Yes","several days a week",171.9,"Above 25","Succeeding"
"GM","35-44",15,"3","2_Very Close to Some","several days a week",15,"Yes","rarely/never",-2.6,"Above 25","Struggling"
"GM","35-44",15,"3","2_Very Close to Some","several days a week",15,"Yes","a few times a month",-2.6,"Above 25","Struggling"
"GM","21-24",NA,"4","1_Very Close to Most","several days a week",15,"Yes","once a day",111.6,"21-25","Succeeding"
"GM","21-24",14,"5","1_Very Close to Most","several days a week",15,"Yes","rarely/never",172.6,"20","Succeeding"
"GM","21-24",15,"3","2_Very Close to Some","several days a week",15,"Yes","several days a week",197.7,"21-25","Succeeding"
"GM","25-34",12,"6+","3_Not Close","several days a week",15,"No","once a week",133.1,"Above 25","Succeeding"
"GM","21-24",15,"6+","6_Prefer Not to Say","several days a week",15,"Yes","rarely/never",-12.9,"20","Struggling"
"GM","35-44",12,"4","1_Very Close to Most","several days a week",15,"Yes","several days a week",170,"Above 25","Succeeding"
"GM","16-20",12,"4","1_Very Close to Most","several days a week",15,"Yes","several days a week",125.5,"14","Succeeding"
"GM","21-24",15,"2","2_Very Close to Some","several days a week",15,"Yes","several days a week",-29,"21-25","Struggling"
"GM","35-44",14,"5","2_Very Close to Some","several days a week",15,"Yes","once a day",173.4,"Above 25","Succeeding"
"GM","25-34",12,"0","5_Dont Have Family","several days a week",15,"Yes","once a day",177.9,"Above 25","Succeeding"
"GM","25-34",12,"6+","2_Very Close to Some","several days a week",15,"Yes","rarely/never",-41.2,"Above 25","Struggling"
"GM","35-44",15,"6+","3_Not Close","several days a week",15,"Yes","several days a week",-51.6,"Above 25","Struggling"
"GM","25-34",5,"2","2_Very Close to Some","several days a week",15,"Yes","rarely/never",-25.5,"Above 25","Struggling"
"GM","55-64",17,"2","3_Not Close","several days a week",15,"Yes","once a day",-50.6,"Above 25","Struggling"
"GM","35-44",17,"1","1_Very Close to Most","several days a week",15,"Yes","once a week",118.8,"Above 25","Succeeding"
"GM","16-20",14,"6+","2_Very Close to Some","several days a week",15,"No","several days a week",143,"Do not Own","Succeeding"
"GM","25-34",12,"5","4_Dont Get Along","several days a week",15,"Yes","rarely/never",-4.9,"Above 25","Struggling"
"GM","35-44",12,"2","2_Very Close to Some","several days a week",15,"Yes","rarely/never",-1.8,"Above 25","Struggling"
"GM","21-24",5,"3","3_Not Close","several days a week",15,"Yes","a few times a month",157.8,"19","Succeeding"
"GM","21-24",5,"3","3_Not Close","several days a week",15,"Yes","rarely/never",157.8,"19","Succeeding"
"GM","45-54",5,"6+","1_Very Close to Most","several days a week",15,"Yes","once a day",-80.8,"Above 25","Struggling"
"GM","25-34",8,"3","2_Very Close to Some","several days a week",15,"Yes","rarely/never",-6.5,"Above 25","Struggling"
"GM","25-34",12,"1","3_Not Close","several days a week",15,"Yes","several days a week",146,"Above 25","Succeeding"
"GM","25-34",15,"3","2_Very Close to Some","several days a week",15,"Yes","rarely/never",119.8,"Above 25","Succeeding"
"GM","25-34",12,"2","3_Not Close","several days a week",15,"Yes","several days a week",197.7,"Above 25","Succeeding"
"GM","25-34",NA,"0","3_Not Close","several days a week",15,"Yes","several days a week",166.5,"Above 25","Succeeding"
"GM","25-34",12,"6+","1_Very Close to Most","several days a week",15,"Yes","once a day",127,"Above 25","Succeeding"
"GM","35-44",15,"6+","1_Very Close to Most","several days a week",15,"Yes","rarely/never",140.1,"Above 25","Succeeding"
"GM","35-44",17,"6+","3_Not Close","several days a week",15,"Yes","once a day",185.6,"Above 25","Succeeding"
"GM","21-24",12,"4","4_Dont Get Along","several days a week",15,"Yes","rarely/never",-52.8,"20","Struggling"
"GM","16-20",15,"4","4_Dont Get Along","several days a week",15,"Yes","several days a week",-6.1,"19","Struggling"
"GM","21-24",5,"1","3_Not Close","several days a week",15,"Yes","once a day",155.1,"17","Succeeding"
"GM","35-44",14,"2","1_Very Close to Most","several days a week",15,"Yes","several days a week",158.2,"Above 25","Succeeding"
"GM","25-34",12,"5","3_Not Close","several days a week",15,"Yes","several days a week",168.1,"Above 25","Succeeding"
"GM","35-44",15,"6+","1_Very Close to Most","several days a week",15,"Yes","once a day",178.7,"Above 25","Succeeding"
"GM","35-44",17,"3","1_Very Close to Most","several days a week",15,"Yes","a few times a month",188.6,"Above 25","Succeeding"
"GM","25-34",15,"1","1_Very Close to Most","several days a week",15,"Yes","several days a week",144.5,"Above 25","Succeeding"
"GM","55-64",NA,"6+","2_Very Close to Some","several days a week",15,"Yes","once a week",196.2,"Above 25","Succeeding"
"GM","45-54",15,"3","3_Not Close","several days a week",15,"Yes","several days a week",144.5,"Above 25","Succeeding"
"GM","25-34",15,"6+","3_Not Close","several days a week",15,"Yes","several days a week",140.3,"Above 25","Succeeding"
"GM","25-34",12,"5","2_Very Close to Some","several days a week",15,"Yes","several days a week",149,"Above 25","Succeeding"
"GM","35-44",12,"6+","3_Not Close","several days a week",15,"Yes","a few times a month",168.8,"Above 25","Succeeding"
"GM","35-44",12,"6+","3_Not Close","several days a week",15,"Yes","rarely/never",168.8,"Above 25","Succeeding"
"GM","21-24",12,"6+","1_Very Close to Most","several days a week",15,"Yes","once a week",193.9,"18","Succeeding"
"GM","25-34",14,"3","1_Very Close to Most","several days a week",15,"Yes","several days a week",181.7,"Above 25","Succeeding"
"GM","25-34",14,"2","1_Very Close to Most","several days a week",15,"Yes","rarely/never",171.9,"Above 25","Succeeding"
"GM","16-20",NA,"1","4_Dont Get Along","several days a week",15,"Yes","once a week",-10.6,"19","Struggling"
"GM","25-34",NA,"5","4_Dont Get Along","several days a week",15,"Yes","rarely/never",-65.3,"Above 25","Struggling"
"GM","25-34",14,"3","3_Not Close","several days a week",15,"Yes","several days a week",152.1,"Above 25","Succeeding"
"GM","45-54",5,"2","4_Dont Get Along","several days a week",15,"Yes","several days a week",127,"Above 25","Succeeding"
"GM","25-34",12,"2","2_Very Close to Some","several days a week",15,"Yes","a few times a month",117.9,"Above 25","Succeeding"
"GM","25-34",12,"2","2_Very Close to Some","several days a week",15,"Yes","rarely/never",117.9,"Above 25","Succeeding"
"GM","65+",17,"4","2_Very Close to Some","several days a week",15,"Yes","several days a week",164.3,"Above 25","Succeeding"
"GM","21-24",8,"5","2_Very Close to Some","several days a week",15,"Yes","several days a week",-79.6,"18","Struggling"
"GM","25-34",20,"5","1_Very Close to Most","several days a week",15,"Yes","once a day",-2.3,"Above 25","Struggling"
"GM","35-44",20,"5","1_Very Close to Most","several days a week",15,"Yes","rarely/never",139.2,"Above 25","Succeeding"
"GM","16-20",12,"3","1_Very Close to Most","several days a week",15,"Yes","several days a week",-38.5,"20","Struggling"
"GM","25-34",15,"1","2_Very Close to Some","several days a week",15,"Yes","a few times a month",-16.3,"Above 25","Struggling"
"GM","25-34",5,"4","1_Very Close to Most","several days a week",15,"Yes","rarely/never",129.5,"Above 25","Succeeding"
"GM","25-34",15,"1","2_Very Close to Some","several days a week",15,"Yes","several days a week",146,"Above 25","Succeeding"
"GM","25-34",15,"3","2_Very Close to Some","several days a week",15,"Yes","rarely/never",139.9,"Above 25","Succeeding"
"GM","35-44",5,"6+","3_Not Close","several days a week",15,"Yes","rarely/never",-24,"Above 25","Struggling"
"GM","21-24",14,"3","1_Very Close to Most","several days a week",15,"Yes","once a day",122.8,"18","Succeeding"
"GM","21-24",NA,"1","2_Very Close to Some","several days a week",15,"Yes","once a week",120.9,"14","Succeeding"
"GM","21-24",5,"3","3_Not Close","several days a week",15,"Yes","rarely/never",-13.7,"17","Struggling"
"GM","21-24",14,"6+","2_Very Close to Some","several days a week",15,"Yes","once a day",121.7,"21-25","Succeeding"
"GM","35-44",14,"6+","1_Very Close to Most","several days a week",15,"Yes","several days a week",147.5,"Above 25","Succeeding"
"GM","21-24",15,"4","1_Very Close to Most","several days a week",15,"Yes","several days a week",115.8,"19","Succeeding"
"GM","25-34",NA,"0","1_Very Close to Most","several days a week",15,"Yes","rarely/never",146,"Above 25","Succeeding"
"GM","45-54",5,"4","2_Very Close to Some","several days a week",15,"Yes","several days a week",-36.3,"Above 25","Struggling"
"GM","21-24",NA,"1","1_Very Close to Most","several days a week",15,"Yes","rarely/never",110.3,"18","Succeeding"
"GM","25-34",12,"2","2_Very Close to Some","several days a week",15,"Yes","several days a week",197,"Above 25","Succeeding"
"GM","21-24",15,"1","2_Very Close to Some","several days a week",15,"Yes","several days a week",-2.4,"20","Struggling"
"GM","21-24",14,"6+","2_Very Close to Some","several days a week",15,"Yes","several days a week",109.9,"21-25","Succeeding"
"GM","16-20",5,"6+","4_Dont Get Along","several days a week",15,"Yes","rarely/never",-2.9,"18","Struggling"
"GM","25-34",15,"6+","1_Very Close to Most","several days a week",15,"Yes","once a week",-4.6,"Above 25","Struggling"
"GM","21-24",5,"5","2_Very Close to Some","several days a week",15,"Yes","rarely/never",-30.6,"17","Struggling"
"GM","35-44",12,"2","1_Very Close to Most","several days a week",15,"Yes","once a day",168.1,"Above 25","Succeeding"
"GM","16-20",12,"5","1_Very Close to Most","several days a week",15,"Yes","a few times a month",-0.6,"17","Struggling"
"GM","45-54",12,"6+","1_Very Close to Most","several days a week",15,"Yes","once a day",143.7,"Above 25","Succeeding"
"GM","25-34",5,"2","1_Very Close to Most","several days a week",15,"Yes","a few times a month",118.6,"Above 25","Succeeding"
"GM","25-34",14,"2","2_Very Close to Some","several days a week",15,"Yes","a few times a month",150.8,"Above 25","Succeeding"
"GM","16-20",12,"1","2_Very Close to Some","several days a week",15,"Yes","several days a week",122.4,"19","Succeeding"
"GM","21-24",NA,"6+","2_Very Close to Some","several days a week",15,"Yes","rarely/never",-22.5,"21-25","Struggling"
"GM","35-44",17,"6+","1_Very Close to Most","several days a week",15,"Yes","several days a week",165,"Above 25","Succeeding"
"GM","25-34",15,"2","3_Not Close","several days a week",15,"Yes","rarely/never",111.8,"Above 25","Succeeding"
"GM","25-34",5,"4","3_Not Close","several days a week",15,"Yes","rarely/never",-68.5,"Above 25","Struggling"
"GM","25-34",15,"3","2_Very Close to Some","several days a week",15,"Yes","rarely/never",-27.3,"Above 25","Struggling"
"GM","25-34",5,"4","1_Very Close to Most","several days a week",15,"Yes","several days a week",-65.1,"Above 25","Struggling"
"GM","45-54",12,"3","1_Very Close to Most","several days a week",15,"Yes","several days a week",159.7,"Above 25","Succeeding"
"GM","25-34",15,"4","1_Very Close to Most","several days a week",15,"Yes","several days a week",105.9,"Above 25","Succeeding"
"GM","45-54",14,"2","3_Not Close","several days a week",15,"Yes","several days a week",172.6,"Above 25","Succeeding"
"GM","45-54",NA,"2","1_Very Close to Most","several days a week",15,"Yes","once a week",151.3,"Above 25","Succeeding"
"GM","21-24",12,"6+","2_Very Close to Some","several days a week",15,"Yes","rarely/never",-64.3,"20","Struggling"
"GM","25-34",12,"4","3_Not Close","several days a week",15,"Yes","rarely/never",-72.4,"Above 25","Struggling"
"GM","45-54",15,"6+","1_Very Close to Most","several days a week",15,"Yes","several days a week",-21.6,"Above 25","Struggling"
"GM","35-44",14,"4","1_Very Close to Most","several days a week",15,"Yes","once a week",121.7,"Above 25","Succeeding"
"GM","35-44",14,"2","1_Very Close to Most","several days a week",15,"Yes","a few times a month",-10.9,"Above 25","Struggling"
"GM","35-44",15,"2","2_Very Close to Some","several days a week",15,"Yes","once a week",149.8,"Above 25","Succeeding"
"GM","16-20",5,"5","4_Dont Get Along","several days a week",15,"Yes","once a day",-2.9,"15","Struggling"
"GM","21-24",8,"6+","1_Very Close to Most","several days a week",15,"No","once a day",-51.6,"Do not Own","Struggling"
"GM","21-24",15,"4","3_Not Close","several days a week",15,"Yes","rarely/never",139.9,"20","Succeeding"
"GM","21-24",12,"2","1_Very Close to Most","several days a week",15,"Yes","several days a week",-5.7,"17","Struggling"
"GM","25-34",12,"5","1_Very Close to Most","several days a week",15,"Yes","several days a week",143.3,"Above 25","Succeeding"
"GM","65+",17,"3","3_Not Close","several days a week",15,"Yes","several days a week",113.9,"Above 25","Succeeding"
"GM","21-24",12,"1","2_Very Close to Some","several days a week",15,"Yes","rarely/never",-16,"17","Struggling"
"GM","35-44",12,"5","3_Not Close","several days a week",15,"Yes","several days a week",-8.1,"Above 25","Struggling"
"GM","25-34",5,"5","1_Very Close to Most","several days a week",15,"Yes","several days a week",112.5,"Above 25","Succeeding"
"GM","16-20",12,"1","3_Not Close","several days a week",15,"Yes","several days a week",123,"18","Succeeding"
"GM","65+",15,"3","1_Very Close to Most","several days a week",15,"Yes","several days a week",118.8,"Above 25","Succeeding"
"GM","65+",12,"6+","2_Very Close to Some","several days a week",15,"Yes","several days a week",110.6,"Above 25","Succeeding"
"GM","25-34",5,"0","2_Very Close to Some","several days a week",15,"Yes","several days a week",166.5,"Above 25","Succeeding"
"GM","45-54",14,"6+","4_Dont Get Along","several days a week",15,"Yes","rarely/never",112.5,"Above 25","Succeeding"
"GM","25-34",15,"3","1_Very Close to Most","several days a week",15,"Yes","rarely/never",155.9,"Above 25","Succeeding"
"GM","25-34",12,"1","3_Not Close","several days a week",15,"Yes","rarely/never",-30.4,"Above 25","Struggling"
"GM","16-20",NA,"5","6_Prefer Not to Say","several days a week",15,"Yes","rarely/never",-100,"18","Struggling"
"GM","25-34",15,"2","3_Not Close","several days a week",15,"Yes","rarely/never",-57.2,"Above 25","Struggling"
"GM","25-34",12,"2","1_Very Close to Most","several days a week",15,"Yes","rarely/never",187.1,"Above 25","Succeeding"
"GM","55-64",17,"1","2_Very Close to Some","several days a week",15,"Yes","once a week",119.4,"Above 25","Succeeding"
"GM","35-44",15,"3","3_Not Close","several days a week",15,"Yes","several days a week",-22.6,"Above 25","Struggling"
"GM","25-34",12,"4","2_Very Close to Some","several days a week",15,"Yes","rarely/never",-41.2,"Above 25","Struggling"
"GM","35-44",17,"1","2_Very Close to Some","several days a week",15,"Yes","a few times a month",186.3,"Above 25","Succeeding"
"GM","25-34",15,"6+","1_Very Close to Most","several days a week",15,"Yes","several days a week",-4.9,"Above 25","Struggling"
"GM","55-64",17,"5","3_Not Close","several days a week",15,"Yes","once a week",120.9,"Above 25","Succeeding"
"GM","25-34",15,"4","2_Very Close to Some","several days a week",15,"Yes","once a day",194.7,"Above 25","Succeeding"
"GM","35-44",15,"6+","1_Very Close to Most","several days a week",15,"Yes","once a week",168.8,"Above 25","Succeeding"
"GM","25-34",15,"5","2_Very Close to Some","several days a week",15,"No","a few times a month",137.6,"Above 25","Succeeding"
"GM","21-24",14,"2","4_Dont Get Along","several days a week",15,"Yes","once a week",-36.7,"19","Struggling"
"GM","35-44",5,"5","1_Very Close to Most","several days a week",15,"Yes","rarely/never",100.4,"Above 25","Succeeding"
"GM","16-20",12,"6+","3_Not Close","several days a week",15,"Yes","once a week",-39.4,"19","Struggling"
"GM","35-44",15,"6+","1_Very Close to Most","several days a week",15,"Yes","rarely/never",174.9,"Above 25","Succeeding"
"GM","25-34",14,"2","1_Very Close to Most","several days a week",15,"Yes","rarely/never",104,"Above 25","Succeeding"
"GM","45-54",17,"4","1_Very Close to Most","several days a week",15,"Yes","several days a week",194.7,"Above 25","Succeeding"
"GM","35-44",12,"4","1_Very Close to Most","several days a week",15,"Yes","rarely/never",-80.8,"Above 25","Struggling"
"GM","25-34",15,"1","4_Dont Get Along","several days a week",15,"Yes","rarely/never",-57.1,"Above 25","Struggling"
"GM","65+",5,"0","2_Very Close to Some","several days a week",15,"Yes","rarely/never",142.6,"Above 25","Succeeding"
"GM","65+",15,"3","2_Very Close to Some","several days a week",15,"Yes","several days a week",147,"Above 25","Succeeding"
"GM","35-44",15,"3","1_Very Close to Most","several days a week",15,"Yes","rarely/never",149.2,"Above 25","Succeeding"
"GM","21-24",8,"4","1_Very Close to Most","several days a week",15,"Yes","once a week",-22.9,"21-25","Struggling"
"GM","25-34",NA,"4","1_Very Close to Most","several days a week",15,"Yes","rarely/never",113.3,"Above 25","Succeeding"
"GM","21-24",14,"2","3_Not Close","several days a week",15,"Yes","rarely/never",-7.1,"19","Struggling"
"GM","25-34",8,"5","2_Very Close to Some","several days a week",15,"Yes","once a week",120.9,"Above 25","Succeeding"
"GM","25-34",12,"1","3_Not Close","several days a week",15,"Yes","once a day",-10.2,"Above 25","Struggling"
"GM","35-44",14,"0","2_Very Close to Some","several days a week",15,"Yes","once a week",136.9,"Above 25","Succeeding"
"GM","21-24",14,"1","3_Not Close","several days a week",15,"Yes","once a day",-15.6,"≤10","Struggling"
"GM","35-44",12,"3","2_Very Close to Some","several days a week",15,"Yes","rarely/never",105.7,"Above 25","Succeeding"
"GM","55-64",12,"6+","1_Very Close to Most","several days a week",15,"Yes","rarely/never",114.3,"Above 25","Succeeding"
"GM","25-34",15,"2","1_Very Close to Most","several days a week",15,"Yes","rarely/never",114.6,"Above 25","Succeeding"
"GM","25-34",15,"5","3_Not Close","several days a week",15,"Yes","several days a week",-77,"Above 25","Struggling"
"GM","21-24",15,"6+","3_Not Close","several days a week",15,"Yes","once a day",-26.3,"21-25","Struggling"
"GM","21-24",NA,"2","1_Very Close to Most","several days a week",15,"Yes","rarely/never",109.9,"19","Succeeding"
"GM","45-54",15,"3","4_Dont Get Along","several days a week",15,"Yes","rarely/never",-15.5,"Above 25","Struggling"
"GM","25-34",15,"3","3_Not Close","several days a week",15,"Yes","several days a week",-12.2,"Above 25","Struggling"
"GM","25-34",12,"6+","3_Not Close","several days a week",15,"Yes","several days a week",124.7,"Above 25","Succeeding"
"GM","25-34",NA,"0","3_Not Close","several days a week",15,"Yes","rarely/never",152.1,"Above 25","Succeeding"
"GM","35-44",14,"5","1_Very Close to Most","several days a week",15,"Yes","rarely/never",-35.1,"Above 25","Struggling"
"GM","25-34",12,"6+","3_Not Close","several days a week",15,"Yes","rarely/never",132.7,"Above 25","Succeeding"
"GM","55-64",14,"0","1_Very Close to Most","several days a week",15,"Yes","several days a week",122.4,"Above 25","Succeeding"
"GM","21-24",15,"4","1_Very Close to Most","several days a week",15,"Yes","several days a week",140.1,"21-25","Succeeding"
"GM","25-34",15,"6+","1_Very Close to Most","several days a week",15,"Yes","several days a week",-39,"Above 25","Struggling"
"GM","45-54",17,"4","1_Very Close to Most","several days a week",15,"Yes","several days a week",151,"Above 25","Succeeding"
"GM","35-44",14,"4","2_Very Close to Some","several days a week",15,"Yes","once a week",-70.5,"Above 25","Struggling"
"GM","45-54",12,"3","1_Very Close to Most","several days a week",15,"Yes","several days a week",193.9,"Above 25","Succeeding"
"GM","25-34",12,"4","3_Not Close","several days a week",15,"Yes","a few times a month",-72.4,"Above 25","Struggling"
"GM","25-34",5,"2","2_Very Close to Some","several days a week",15,"Yes","a few times a month",-25.5,"Above 25","Struggling"
"GM","25-34",15,"3","2_Very Close to Some","several days a week",15,"Yes","several days a week",-60.3,"Above 25","Struggling"
"GM","45-54",17,"2","1_Very Close to Most","several days a week",15,"Yes","several days a week",195.4,"Above 25","Succeeding"
"GM","25-34",15,"2","3_Not Close","several days a week",15,"Yes","rarely/never",-65,"Above 25","Struggling"
"GM","35-44",14,"2","1_Very Close to Most","several days a week",15,"Yes","once a day",127,"Above 25","Succeeding"
"GM","45-54",5,"5","3_Not Close","several days a week",15,"Yes","once a week",109.1,"Above 25","Succeeding"
"GM","65+",15,"6+","1_Very Close to Most","several days a week",15,"No","once a day",136.1,"Above 25","Succeeding"
"GM","25-34",NA,"4","1_Very Close to Most","several days a week",15,"Yes","rarely/never",169.6,"Above 25","Succeeding"
"GM","25-34",15,"6+","2_Very Close to Some","several days a week",15,"Yes","rarely/never",126.2,"Above 25","Succeeding"
"GM","35-44",17,"1","2_Very Close to Some","several days a week",15,"Yes","rarely/never",186.3,"Above 25","Succeeding"
"GM","35-44",15,"6+","1_Very Close to Most","several days a week",15,"Yes","a few times a month",160.1,"Above 25","Succeeding"
"GM","25-34",12,"2","1_Very Close to Most","several days a week",15,"Yes","once a day",199.2,"Above 25","Succeeding"
"GM","25-34",15,"0","1_Very Close to Most","several days a week",15,"Yes","rarely/never",143.2,"Above 25","Succeeding"
"GM","25-34",12,"3","2_Very Close to Some","several days a week",15,"Yes","several days a week",119.8,"Above 25","Succeeding"
"GM","35-44",15,"2","2_Very Close to Some","several days a week",15,"Yes","rarely/never",158.9,"Above 25","Succeeding"
"GM","35-44",15,"6+","1_Very Close to Most","several days a week",15,"Yes","several days a week",131.6,"Above 25","Succeeding"
"GM","35-44",15,"4","2_Very Close to Some","several days a week",15,"Yes","once a day",162.4,"Above 25","Succeeding"
"GM","25-34",5,"6+","2_Very Close to Some","several days a week",15,"Yes","rarely/never",-36.6,"Above 25","Struggling"
"GM","21-24",15,"2","2_Very Close to Some","several days a week",15,"Yes","rarely/never",102.7,"17","Succeeding"
"GM","21-24",15,"2","2_Very Close to Some","several days a week",15,"Yes","a few times a month",102.7,"17","Succeeding"
"GM","25-34",14,"1","2_Very Close to Some","several days a week",15,"Yes","once a week",111.8,"Above 25","Succeeding"
"GM","21-24",NA,"4","5_Dont Have Family","several days a week",15,"Yes","once a day",-12.7,"≤10","Struggling"
"GM","45-54",12,"4","3_Not Close","several days a week",15,"Yes","several days a week",-33.4,"Above 25","Struggling"
"GM","25-34",15,"3","3_Not Close","several days a week",15,"Yes","a few times a month",-17.4,"Above 25","Struggling"
"GM","16-20",NA,"5","6_Prefer Not to Say","several days a week",15,"Yes","a few times a month",-100,"18","Struggling"
"GM","25-34",14,"6+","1_Very Close to Most","several days a week",15,"Yes","rarely/never",150.4,"Above 25","Succeeding"
"GM","25-34",14,"0","2_Very Close to Some","several days a week",15,"Yes","once a day",147.5,"Above 25","Succeeding"
"GM","25-34",5,"0","1_Very Close to Most","several days a week",15,"Yes","once a day",-38.5,"Above 25","Struggling"
"GM","35-44",NA,"0","3_Not Close","several days a week",15,"Yes","rarely/never",-23.9,"Above 25","Struggling"
"GM","45-54",15,"6+","2_Very Close to Some","several days a week",15,"Yes","rarely/never",123.2,"Above 25","Succeeding"
"GM","21-24",15,"2","3_Not Close","several days a week",15,"Yes","several days a week",139,"19","Succeeding"
"GM","21-24",15,"5","3_Not Close","several days a week",15,"Yes","several days a week",-3.8,"20","Struggling"
"GM","16-20",15,"5","4_Dont Get Along","several days a week",15,"Yes","several days a week",-78.1,"19","Struggling"
"GM","55-64",17,"5","1_Very Close to Most","several days a week",15,"Yes","once a day",181,"Above 25","Succeeding"
"GM","35-44",14,"6+","2_Very Close to Some","several days a week",15,"Yes","rarely/never",139.2,"Above 25","Succeeding"
"GM","35-44",17,"5","3_Not Close","several days a week",15,"Yes","a few times a month",113.3,"Above 25","Succeeding"
"GM","65+",15,"4","1_Very Close to Most","several days a week",15,"Yes","once a day",199.2,"Above 25","Succeeding"
"GM","35-44",15,"3","2_Very Close to Some","several days a week",15,"Yes","several days a week",173.4,"Above 25","Succeeding"
"GM","16-20",12,"5","3_Not Close","several days a week",15,"Yes","rarely/never",-7.4,"15","Struggling"
"GM","25-34",15,"6+","1_Very Close to Most","several days a week",15,"Yes","rarely/never",140.7,"Above 25","Succeeding"
"GM","21-24",12,"6+","3_Not Close","several days a week",15,"Yes","rarely/never",-71.2,"19","Struggling"
"GM","25-34",15,"2","3_Not Close","several days a week",15,"Yes","a few times a month",111.8,"Above 25","Succeeding"
"GM","25-34",14,"2","1_Very Close to Most","several days a week",15,"Yes","rarely/never",-67,"Above 25","Struggling"
"GM","25-34",17,"3","3_Not Close","several days a week",15,"Yes","several days a week",161.2,"Above 25","Succeeding"
"GM","65+",17,"6+","1_Very Close to Most","several days a week",15,"Yes","once a day",124.7,"Above 25","Succeeding"
"GM","55-64",17,"3","5_Dont Have Family","several days a week",15,"Yes","once a day",154.4,"Above 25","Succeeding"
"GM","55-64",14,"6+","3_Not Close","several days a week",15,"Yes","once a week",144.7,"Above 25","Succeeding"
"GM","35-44",15,"6+","1_Very Close to Most","several days a week",15,"Yes","a few times a month",174.9,"Above 25","Succeeding"
"GM","65+",12,"4","2_Very Close to Some","several days a week",15,"Yes","several days a week",113.3,"Above 25","Succeeding"
"GM","21-24",12,"1","4_Dont Get Along","several days a week",15,"Yes","rarely/never",-14.4,"15","Struggling"
"GM","55-64",15,"2","1_Very Close to Most","several days a week",15,"Yes","once a week",118.6,"Above 25","Succeeding"
"GM","55-64",5,"3","1_Very Close to Most","several days a week",15,"Yes","rarely/never",184,"Above 25","Succeeding"
"GM","25-34",15,"6+","2_Very Close to Some","several days a week",15,"Yes","several days a week",-48.7,"Above 25","Struggling"
"GM","55-64",12,"6+","1_Very Close to Most","several days a week",15,"Yes","once a day",146,"Above 25","Succeeding"
"GM","16-20",12,"4","5_Dont Have Family","several days a week",15,"Yes","rarely/never",-23.9,"15","Struggling"
"GM","35-44",15,"2","3_Not Close","several days a week",15,"Yes","rarely/never",-73.5,"Above 25","Struggling"
"GM","21-24",15,"1","3_Not Close","several days a week",15,"Yes","several days a week",132.3,"18","Succeeding"
"GM","25-34",NA,"0","1_Very Close to Most","several days a week",15,"Yes","a few times a month",146,"Above 25","Succeeding"
"GM","45-54",15,"5","1_Very Close to Most","several days a week",15,"Yes","rarely/never",150.6,"Above 25","Succeeding"
"GM","25-34",8,"5","1_Very Close to Most","several days a week",15,"Yes","rarely/never",-58,"Above 25","Struggling"
"GM","35-44",12,"2","2_Very Close to Some","several days a week",15,"Yes","a few times a month",-1.8,"Above 25","Struggling"
"GM","35-44",12,"3","2_Very Close to Some","several days a week",15,"Yes","a few times a month",105.7,"Above 25","Succeeding"
"GM","25-34",15,"0","2_Very Close to Some","several days a week",15,"Yes","once a week",106.8,"Above 25","Succeeding"
"GM","16-20",14,"6+","2_Very Close to Some","several days a week",15,"Yes","rarely/never",-52.8,"16","Struggling"
"GM","35-44",14,"3","2_Very Close to Some","several days a week",15,"Yes","once a week",179.5,"Above 25","Succeeding"
"GM","16-20",5,"1","1_Very Close to Most","several days a week",15,"Yes","several days a week",-46.6,"17","Struggling"
"GM","25-34",15,"1","2_Very Close to Some","several days a week",15,"No","several days a week",101.1,"Above 25","Succeeding"
"GM","16-20",12,"6+","1_Very Close to Most","several days a week",15,"Yes","rarely/never",104.9,"18","Succeeding"
"GM","25-34",5,"2","1_Very Close to Most","several days a week",15,"Yes","rarely/never",118.6,"Above 25","Succeeding"
"GM","16-20",12,"4","1_Very Close to Most","several days a week",15,"Yes","rarely/never",151.3,"16","Succeeding"
"GM","35-44",15,"5","4_Dont Get Along","several days a week",15,"Yes","rarely/never",-88.4,"Above 25","Struggling"
"GM","25-34",NA,"4","2_Very Close to Some","several days a week",15,"Yes","rarely/never",135,"Above 25","Succeeding"
"GM","21-24",12,"3","1_Very Close to Most","several days a week",15,"Yes","rarely/never",-12,"21-25","Struggling"
"GM","45-54",17,"2","2_Very Close to Some","several days a week",15,"Yes","a few times a month",-25.9,"Above 25","Struggling"
"GM","25-34",12,"1","3_Not Close","several days a week",15,"Yes","a few times a month",-2.2,"Above 25","Struggling"
"GM","25-34",14,"2","1_Very Close to Most","several days a week",15,"Yes","several days a week",-24.1,"Above 25","Struggling"
"GM","55-64",17,"1","2_Very Close to Some","several days a week",15,"Yes","rarely/never",149.8,"Above 25","Succeeding"
"GM","21-24",12,"0","1_Very Close to Most","several days a week",15,"Yes","a few times a month",112.7,"21-25","Succeeding"
"GM","16-20",12,"4","1_Very Close to Most","several days a week",15,"Yes","several days a week",108,"16","Succeeding"
"GM","25-34",5,"6+","1_Very Close to Most","several days a week",15,"Yes","several days a week",117.1,"Above 25","Succeeding"
"GM","21-24",15,"6+","3_Not Close","several days a week",15,"Yes","a few times a month",-18.7,"20","Struggling"
"GM","35-44",17,"6+","1_Very Close to Most","several days a week",15,"Yes","several days a week",174.1,"Above 25","Succeeding"
"GM","25-34",NA,"1","1_Very Close to Most","several days a week",15,"Yes","several days a week",196.2,"Above 25","Succeeding"
"GM","35-44",15,"4","1_Very Close to Most","several days a week",15,"Yes","several days a week",189.4,"Above 25","Succeeding"
"GM","25-34",15,"5","1_Very Close to Most","several days a week",15,"Yes","several days a week",180.2,"Above 25","Succeeding"
"GM","25-34",15,"6+","2_Very Close to Some","several days a week",15,"Yes","several days a week",154,"Above 25","Succeeding"
"GM","21-24",15,"3","2_Very Close to Some","several days a week",15,"Yes","several days a week",126.2,"20","Succeeding"
"GM","21-24",12,"4","3_Not Close","several days a week",15,"Yes","rarely/never",-13.1,"18","Struggling"
"GM","55-64",12,"6+","4_Dont Get Along","several days a week",15,"Yes","once a day",153,"Above 25","Succeeding"
"GM","35-44",15,"5","3_Not Close","several days a week",15,"Yes","once a week",-29.2,"Above 25","Struggling"
"GM","25-34",12,"3","2_Very Close to Some","several days a week",15,"Yes","several days a week",-5.2,"Above 25","Struggling"
"GM","25-34",15,"5","1_Very Close to Most","several days a week",15,"Yes","several days a week",169.6,"Above 25","Succeeding"
"GM","16-20",12,"2","2_Very Close to Some","several days a week",15,"Yes","rarely/never",-7.9,"14","Struggling"
"GM","21-24",15,"4","1_Very Close to Most","several days a week",15,"Yes","once a day",195.4,"16","Succeeding"
"GM","21-24",8,"6+","2_Very Close to Some","several days a week",15,"Yes","a few times a month",-49.4,"20","Struggling"
"GM","65+",14,"1","1_Very Close to Most","several days a week",15,"Yes","several days a week",138.4,"Above 25","Succeeding"
"GM","45-54",14,"6+","2_Very Close to Some","several days a week",15,"Yes","rarely/never",-42.2,"Above 25","Struggling"
"GM","45-54",14,"6+","2_Very Close to Some","several days a week",15,"Yes","a few times a month",-42.2,"Above 25","Struggling"
"GM","35-44",15,"5","2_Very Close to Some","several days a week",15,"Yes","once a day",130.2,"Above 25","Succeeding"
"GM","35-44",14,"6+","2_Very Close to Some","several days a week",15,"Yes","once a day",183.3,"Above 25","Succeeding"
"GM","21-24",15,"6+","1_Very Close to Most","several days a week",15,"Yes","rarely/never",-8.5,"15","Struggling"
"GM","25-34",12,"3","3_Not Close","several days a week",15,"Yes","rarely/never",-9.3,"Above 25","Struggling"
"GM","25-34",15,"4","2_Very Close to Some","several days a week",15,"Yes","once a week",116.2,"Above 25","Succeeding"
"GM","35-44",17,"0","1_Very Close to Most","several days a week",15,"Yes","several days a week",149,"Above 25","Succeeding"
"GM","45-54",5,"6+","3_Not Close","several days a week",15,"Yes","rarely/never",-40.4,"Above 25","Struggling"
"GM","25-34",14,"2","2_Very Close to Some","several days a week",15,"Yes","once a week",-9.2,"Above 25","Struggling"
"GM","25-34",14,"3","1_Very Close to Most","several days a week",15,"Yes","once a week",184,"Above 25","Succeeding"
"GM","21-24",15,"6+","3_Not Close","several days a week",15,"Yes","rarely/never",-18.7,"20","Struggling"
"GM","35-44",15,"5","1_Very Close to Most","several days a week",15,"Yes","several days a week",115.8,"Above 25","Succeeding"
"GM","35-44",17,"0","1_Very Close to Most","several days a week",15,"Yes","rarely/never",165.8,"Above 25","Succeeding"
"GM","25-34",15,"3","1_Very Close to Most","several days a week",15,"Yes","a few times a month",155.9,"Above 25","Succeeding"
"GM","35-44",12,"4","3_Not Close","several days a week",15,"Yes","once a day",174.1,"Above 25","Succeeding"
"GM","25-34",NA,"5","1_Very Close to Most","several days a week",15,"Yes","once a day",176.8,"Above 25","Succeeding"
"GM","21-24",12,"4","1_Very Close to Most","several days a week",15,"Yes","once a day",116.7,"19","Succeeding"
"GM","25-34",15,"1","2_Very Close to Some","several days a week",15,"Yes","several days a week",164.3,"Above 25","Succeeding"
"GM","35-44",NA,"5","4_Dont Get Along","several days a week",15,"Yes","rarely/never",102.9,"Above 25","Succeeding"
"GM","25-34",15,"0","2_Very Close to Some","several days a week",15,"Yes","several days a week",173.4,"Above 25","Succeeding"
"GM","35-44",15,"4","2_Very Close to Some","several days a week",15,"Yes","a few times a month",121.1,"Above 25","Succeeding"
"GM","25-34",12,"3","2_Very Close to Some","several days a week",15,"Yes","once a day",121.5,"Above 25","Succeeding"
"GM","35-44",15,"0","3_Not Close","several days a week",15,"Yes","rarely/never",-62.4,"Above 25","Struggling"
"GM","35-44",5,"2","1_Very Close to Most","several days a week",15,"Yes","rarely/never",-13.1,"Above 25","Struggling"
"GM","21-24",15,"6+","2_Very Close to Some","several days a week",15,"Yes","rarely/never",-34.9,"18","Struggling"
"GM","25-34",12,"2","2_Very Close to Some","several days a week",15,"Yes","once a day",184.8,"Above 25","Succeeding"
"GM","21-24",5,"6+","3_Not Close","several days a week",15,"Yes","rarely/never",-35.8,"18","Struggling"
"GM","25-34",15,"1","2_Very Close to Some","several days a week",15,"Yes","rarely/never",126,"Above 25","Succeeding"
"GM","25-34",14,"5","3_Not Close","several days a week",15,"Yes","rarely/never",-44.2,"Above 25","Struggling"
"GM","45-54",15,"3","4_Dont Get Along","several days a week",15,"Yes","a few times a month",-15.5,"Above 25","Struggling"
"GM","35-44",15,"6+","3_Not Close","several days a week",15,"Yes","a few times a month",118.8,"Above 25","Succeeding"
"GM","21-24",14,"5","3_Not Close","several days a week",15,"Yes","rarely/never",-10.8,"19","Struggling"
"GM","16-20",12,"2","3_Not Close","several days a week",15,"Yes","rarely/never",147.7,"18","Succeeding"
"GM","25-34",NA,"4","2_Very Close to Some","several days a week",15,"Yes","a few times a month",135,"Above 25","Succeeding"
"GM","35-44",15,"6+","1_Very Close to Most","several days a week",15,"Yes","several days a week",155.1,"Above 25","Succeeding"
"GM","45-54",12,"6+","2_Very Close to Some","several days a week",15,"Yes","once a day",164.3,"Above 25","Succeeding"
"GM","25-34",14,"5","3_Not Close","several days a week",15,"Yes","several days a week",175.9,"Above 25","Succeeding"
"GM","25-34",12,"1","2_Very Close to Some","several days a week",15,"Yes","several days a week",159.7,"Above 25","Succeeding"
"GM","35-44",15,"5","4_Dont Get Along","several days a week",15,"Yes","rarely/never",-100,"Above 25","Struggling"
"GM","25-34",5,"4","1_Very Close to Most","several days a week",15,"Yes","a few times a month",129.5,"Above 25","Succeeding"
"GM","25-34",NA,"4","2_Very Close to Some","several days a week",15,"Yes","once a day",127,"Above 25","Succeeding"
"GM","21-24",5,"0","2_Very Close to Some","several days a week",15,"Yes","a few times a month",-12.3,"18","Struggling"
"GM","35-44",17,"4","1_Very Close to Most","several days a week",15,"Yes","several days a week",-1.3,"Above 25","Struggling"
"GM","21-24",8,"6+","3_Not Close","several days a week",15,"Yes","once a day",-52.6,"19","Struggling"
"GM","25-34",15,"3","3_Not Close","several days a week",15,"Yes","rarely/never",-17.4,"Above 25","Struggling"
"GM","35-44",NA,"0","3_Not Close","several days a week",15,"Yes","rarely/never",-1.3,"Above 25","Struggling"
"GM","35-44",15,"4","2_Very Close to Some","several days a week",15,"Yes","rarely/never",121.1,"Above 25","Succeeding"
"GM","25-34",14,"3","2_Very Close to Some","several days a week",15,"Yes","a few times a month",-14.5,"Above 25","Struggling"
"GM","25-34",NA,"4","1_Very Close to Most","several days a week",15,"Yes","a few times a month",113.3,"Above 25","Succeeding"
"GM","65+",17,"6+","1_Very Close to Most","several days a week",15,"Yes","several days a week",158.2,"Above 25","Succeeding"
"GM","21-24",14,"4","2_Very Close to Some","several days a week",15,"Yes","several days a week",124,"20","Succeeding"
"GM","45-54",17,"4","2_Very Close to Some","several days a week",15,"Yes","once a week",117.1,"Above 25","Succeeding"
"GM","35-44",15,"3","1_Very Close to Most","several days a week",15,"Yes","once a day",134.6,"Above 25","Succeeding"
"GM","35-44",17,"3","1_Very Close to Most","several days a week",15,"Yes","rarely/never",188.6,"Above 25","Succeeding"
"GM","25-34",8,"3","2_Very Close to Some","several days a week",15,"Yes","a few times a month",-6.5,"Above 25","Struggling"
"GM","45-54",5,"6+","1_Very Close to Most","several days a week",15,"Yes","once a day",158.9,"Above 25","Succeeding"
"GM","35-44",5,"6+","2_Very Close to Some","several days a week",15,"Yes","rarely/never",119,"Above 25","Succeeding"
"GM","21-24",NA,"2","1_Very Close to Most","several days a week",15,"Yes","a few times a month",109.9,"19","Succeeding"
"GM","25-34",14,"6+","2_Very Close to Some","several days a week",15,"Yes","rarely/never",105.1,"Above 25","Succeeding"
"GM","45-54",5,"3","2_Very Close to Some","several days a week",15,"Yes","rarely/never",-47,"Above 25","Struggling"
"GM","25-34",15,"6+","1_Very Close to Most","several days a week",15,"Yes","a few times a month",140.7,"Above 25","Succeeding"
"GM","35-44",15,"3","3_Not Close","several days a week",15,"Yes","several days a week",-11.7,"Above 25","Struggling"
"GM","35-44",15,"6+","1_Very Close to Most","several days a week",15,"Yes","several days a week",171.9,"Above 25","Succeeding"
"GM","25-34",15,"1","2_Very Close to Some","several days a week",15,"Yes","once a day",-2.9,"Above 25","Struggling"
"GM","25-34",12,"2","1_Very Close to Most","several days a week",15,"Yes","several days a week",154.6,"Above 25","Succeeding"
"GM","25-34",12,"1","3_Not Close","several days a week",15,"Yes","rarely/never",-2.2,"Above 25","Struggling"
"GM","25-34",15,"1","4_Dont Get Along","several days a week",15,"Yes","a few times a month",-57.1,"Above 25","Struggling"
"GM","21-24",5,"1","3_Not Close","several days a week",15,"Yes","a few times a month",152.5,"19","Succeeding"
"GM","21-24",12,"0","1_Very Close to Most","several days a week",15,"Yes","rarely/never",112.7,"21-25","Succeeding"
"GM","35-44",17,"0","1_Very Close to Most","several days a week",15,"Yes","a few times a month",165.8,"Above 25","Succeeding"
"GM","45-54",14,"6+","4_Dont Get Along","several days a week",15,"Yes","a few times a month",112.5,"Above 25","Succeeding"
"GM","35-44",5,"6+","3_Not Close","several days a week",15,"Yes","rarely/never",136.9,"Above 25","Succeeding"
"GM","65+",15,"4","1_Very Close to Most","several days a week",15,"Yes","several days a week",165,"Above 25","Succeeding"
"GM","35-44",15,"6+","1_Very Close to Most","several days a week",15,"Yes","rarely/never",173.4,"Above 25","Succeeding"
"GM","35-44",12,"3","3_Not Close","several days a week",15,"Yes","several days a week",104,"Above 25","Succeeding"
"GM","35-44",14,"4","2_Very Close to Some","several days a week",15,"Yes","rarely/never",-12.3,"Above 25","Struggling"
"GM","35-44",15,"4","1_Very Close to Most","several days a week",15,"Yes","once a week",-9.9,"Above 25","Struggling"
"GM","35-44",5,"3","3_Not Close","several days a week",15,"Yes","once a day",149,"Above 25","Succeeding"
"GM","35-44",15,"5","1_Very Close to Most","several days a week",15,"Yes","several days a week",149.8,"Above 25","Succeeding"
"GM","25-34",15,"2","2_Very Close to Some","several days a week",15,"Yes","several days a week",186.3,"Above 25","Succeeding"
"GM","45-54",17,"2","2_Very Close to Some","several days a week",15,"Yes","rarely/never",-25.9,"Above 25","Struggling"
"GM","21-24",14,"2","3_Not Close","several days a week",15,"Yes","rarely/never",102.7,"20","Succeeding"
"GM","45-54",14,"6+","1_Very Close to Most","several days a week",15,"Yes","once a day",197.7,"Above 25","Succeeding"
"GM","45-54",15,"2","3_Not Close","several days a week",15,"Yes","several days a week",146,"Above 25","Succeeding"
"GM","25-34",14,"6+","2_Very Close to Some","several days a week",15,"Yes","a few times a month",105.1,"Above 25","Succeeding"
"GM","35-44",NA,"2","3_Not Close","several days a week",15,"Yes","once a day",174.1,"Above 25","Succeeding"
"GM","25-34",14,"2","2_Very Close to Some","several days a week",15,"Yes","rarely/never",150.8,"Above 25","Succeeding"
"GM","35-44",17,"6+","2_Very Close to Some","several days a week",15,"Yes","once a day",152.9,"Above 25","Succeeding"
"GM","16-20",12,"4","1_Very Close to Most","several days a week",15,"Yes","a few times a month",151.3,"16","Succeeding"
"GM","65+",12,"1","3_Not Close","several days a week",15,"Yes","several days a week",107.6,"Above 25","Succeeding"
"GM","25-34",17,"3","4_Dont Get Along","several days a week",15,"Yes","several days a week",-31.1,"Above 25","Struggling"
"GM","21-24",12,"5","2_Very Close to Some","several days a week",15,"Yes","a few times a month",-24.8,"19","Struggling"
"GM","25-34",5,"6+","2_Very Close to Some","several days a week",15,"Yes","a few times a month",-36.6,"Above 25","Struggling"
"GM","25-34",14,"4","1_Very Close to Most","several days a week",15,"Yes","once a day",129.3,"Above 25","Succeeding"
"GM","21-24",12,"3","1_Very Close to Most","several days a week",15,"Yes","once a day",124.7,"18","Succeeding"
"GM","25-34",15,"1","2_Very Close to Some","several days a week",15,"Yes","rarely/never",-16.3,"Above 25","Struggling"
"GM","35-44",NA,"0","3_Not Close","several days a week",15,"Yes","a few times a month",-23.9,"Above 25","Struggling"
"GM","25-34",5,"6+","3_Not Close","several days a week",15,"Yes","once a week",-59.9,"Above 25","Struggling"
"GM","35-44",5,"6+","3_Not Close","several days a week",15,"Yes","once a day",-60.4,"Above 25","Struggling"
"GM","16-20",12,"4","3_Not Close","several days a week",15,"No","rarely/never",119.4,"Do not Own","Succeeding"
"GM","45-54",15,"5","1_Very Close to Most","several days a week",15,"Yes","a few times a month",150.6,"Above 25","Succeeding"
"GM","35-44",15,"6+","1_Very Close to Most","several days a week",15,"Yes","several days a week",193.2,"Above 25","Succeeding"
"GM","21-24",14,"5","1_Very Close to Most","several days a week",15,"Yes","several days a week",155.1,"16","Succeeding"
"GM","25-34",15,"4","1_Very Close to Most","several days a week",15,"Yes","a few times a month",-15.3,"Above 25","Struggling"
"GM","21-24",12,"0","1_Very Close to Most","several days a week",15,"Yes","several days a week",168.1,"20","Succeeding"
"GM","35-44",14,"3","1_Very Close to Most","several days a week",15,"Yes","once a week",129.3,"Above 25","Succeeding"
"GM","21-24",14,"5","1_Very Close to Most","several days a week",15,"Yes","a few times a month",172.6,"20","Succeeding"
"GM","35-44",15,"2","2_Very Close to Some","several days a week",15,"Yes","a few times a month",158.9,"Above 25","Succeeding"
"GM","55-64",15,"5","1_Very Close to Most","several days a week",15,"Yes","several days a week",136.9,"Above 25","Succeeding"
"GM","35-44",17,"4","2_Very Close to Some","several days a week",15,"Yes","once a week",139.9,"Above 25","Succeeding"
"GM","35-44",17,"3","2_Very Close to Some","several days a week",15,"Yes","once a day",135.4,"Above 25","Succeeding"
"GM","16-20",8,"2","1_Very Close to Most","several days a week",15,"Yes","rarely/never",-26.2,"18","Struggling"
"GM","35-44",17,"5","3_Not Close","several days a week",15,"Yes","rarely/never",113.3,"Above 25","Succeeding"
"GM","55-64",17,"2","2_Very Close to Some","several days a week",15,"Yes","rarely/never",128.5,"Above 25","Succeeding"
"GM","21-24",12,"1","1_Very Close to Most","several days a week",15,"Yes","a few times a month",101.1,"≤10","Succeeding"
"GM","25-34",14,"6+","1_Very Close to Most","several days a week",15,"Yes","once a week",-19.5,"Above 25","Struggling"
"GM","55-64",15,"4","2_Very Close to Some","several days a week",15,"Yes","once a day",162.7,"Above 25","Succeeding"
"GM","65+",5,"6+","1_Very Close to Most","several days a week",15,"Yes","once a day",-29,"Above 25","Struggling"
"GM","35-44",14,"4","2_Very Close to Some","several days a week",15,"Yes","a few times a month",-12.3,"Above 25","Struggling"
"GM","35-44",17,"3","2_Very Close to Some","several days a week",15,"Yes","rarely/never",162.7,"Above 25","Succeeding"
"GM","35-44",17,"0","3_Not Close","several days a week",15,"Yes","several days a week",186.3,"Above 25","Succeeding"
"GM","25-34",14,"4","1_Very Close to Most","several days a week",15,"Yes","several days a week",112.2,"Above 25","Succeeding"
"GM","25-34",NA,"1","1_Very Close to Most","several days a week",15,"Yes","rarely/never",111,"Above 25","Succeeding"
"GM","45-54",15,"4","1_Very Close to Most","several days a week",15,"Yes","once a day",184,"Above 25","Succeeding"
"GM","21-24",14,"6+","1_Very Close to Most","several days a week",15,"Yes","several days a week",128.1,"21-25","Succeeding"
"GM","21-24",NA,"6+","2_Very Close to Some","several days a week",15,"Yes","rarely/never",-21.3,"21-25","Struggling"
"GM","35-44",NA,"5","4_Dont Get Along","several days a week",15,"Yes","a few times a month",102.9,"Above 25","Succeeding"
"GM","45-54",14,"3","3_Not Close","several days a week",15,"Yes","once a week",-2.4,"Above 25","Struggling"
"GM","25-34",12,"6+","3_Not Close","several days a week",15,"Yes","once a week",-19.8,"Above 25","Struggling"
"GM","21-24",5,"5","2_Very Close to Some","several days a week",15,"Yes","several days a week",-1.4,"20","Struggling"
"GM","35-44",14,"6+","4_Dont Get Along","several days a week",15,"Yes","several days a week",143,"Above 25","Succeeding"
"GM","16-20",12,"4","3_Not Close","several days a week",15,"No","a few times a month",119.4,"Do not Own","Succeeding"
"GM","21-24",12,"6+","1_Very Close to Most","several days a week",15,"Yes","once a day",117.1,"21-25","Succeeding"
"GM","25-34",14,"1","2_Very Close to Some","several days a week",15,"Yes","once a day",-2.6,"Above 25","Struggling"
"GM","35-44",15,"5","1_Very Close to Most","a few times a month",5,"Yes","several days a week",154.4,"Above 25","Succeeding"
"GM","25-34",12,"6+","1_Very Close to Most","a few times a month",5,"Yes","several days a week",-6.6,"Above 25","Struggling"
"GM","25-34",12,"1","2_Very Close to Some","a few times a month",5,"Yes","several days a week",143.7,"Above 25","Succeeding"
"GM","25-34",15,"5","2_Very Close to Some","a few times a month",5,"Yes","a few times a month",-29.8,"Above 25","Struggling"
"GM","25-34",8,"6+","4_Dont Get Along","a few times a month",5,"Yes","several days a week",126.6,"Above 25","Succeeding"
"GM","21-24",5,"2","4_Dont Get Along","a few times a month",5,"Yes","a few times a month",-100,"18","Struggling"
"GM","21-24",NA,"5","1_Very Close to Most","a few times a month",5,"Yes","rarely/never",155.9,"21-25","Succeeding"
"GM","25-34",15,"2","3_Not Close","a few times a month",5,"Yes","several days a week",113.5,"Above 25","Succeeding"
"GM","21-24",15,"3","2_Very Close to Some","a few times a month",5,"Yes","rarely/never",-11.7,"17","Struggling"
"GM","25-34",15,"6+","1_Very Close to Most","a few times a month",5,"Yes","once a week",182.5,"Above 25","Succeeding"
"GM","45-54",5,"5","3_Not Close","a few times a month",5,"Yes","rarely/never",-81,"Above 25","Struggling"
"GM","21-24",14,"2","1_Very Close to Most","a few times a month",5,"Yes","several days a week",152.1,"15","Succeeding"
"GM","55-64",5,"6+","1_Very Close to Most","a few times a month",5,"Yes","rarely/never",147.5,"Above 25","Succeeding"
"GM","55-64",NA,"2","1_Very Close to Most","a few times a month",5,"Yes","once a week",116,"Above 25","Succeeding"
"GM","65+",15,"6+","5_Dont Have Family","a few times a month",5,"Yes","several days a week",178.7,"Above 25","Succeeding"
"GM","25-34",14,"6+","1_Very Close to Most","a few times a month",5,"Yes","rarely/never",140.3,"Above 25","Succeeding"
"GM","21-24",12,"6+","4_Dont Get Along","a few times a month",5,"Yes","a few times a month",139.2,"21-25","Succeeding"
"GM","35-44",17,"6+","3_Not Close","a few times a month",5,"Yes","once a week",138.8,"Above 25","Succeeding"
"GM","25-34",15,"0","2_Very Close to Some","a few times a month",5,"Yes","once a week",166.5,"Above 25","Succeeding"
"GM","45-54",5,"6+","2_Very Close to Some","a few times a month",5,"Yes","once a day",153.6,"Above 25","Succeeding"
"GM","16-20",14,"4","1_Very Close to Most","a few times a month",5,"Yes","several days a week",-50.7,"18","Struggling"
"GM","25-34",14,"6+","1_Very Close to Most","a few times a month",5,"Yes","rarely/never",148.9,"Above 25","Succeeding"
"GM","25-34",15,"2","4_Dont Get Along","a few times a month",5,"Yes","rarely/never",-17.7,"Above 25","Struggling"
"GM","25-34",12,"6+","3_Not Close","a few times a month",5,"Yes","rarely/never",155.1,"Above 25","Succeeding"
"GM","16-20",12,"3","1_Very Close to Most","a few times a month",5,"Yes","once a day",118.6,"18","Succeeding"
"GM","25-34",15,"1","3_Not Close","a few times a month",5,"Yes","several days a week",184.8,"Above 25","Succeeding"
"GM","21-24",12,"6+","3_Not Close","a few times a month",5,"Yes","several days a week",-78.9,"21-25","Struggling"
"GM","55-64",12,"4","1_Very Close to Most","a few times a month",5,"Yes","a few times a month",128.5,"Above 25","Succeeding"
"GM","55-64",14,"6+","1_Very Close to Most","a few times a month",5,"Yes","once a day",-84.7,"Above 25","Struggling"
"GM","25-34",14,"3","1_Very Close to Most","a few times a month",5,"Yes","several days a week",133.1,"Above 25","Succeeding"
"GM","25-34",15,"0","2_Very Close to Some","a few times a month",5,"Yes","several days a week",109.5,"Above 25","Succeeding"
"GM","35-44",15,"4","2_Very Close to Some","a few times a month",5,"Yes","several days a week",125.1,"Above 25","Succeeding"
"GM","25-34",12,"3","2_Very Close to Some","a few times a month",5,"Yes","several days a week",-9,"Above 25","Struggling"
"GM","35-44",17,"6+","1_Very Close to Most","a few times a month",5,"Yes","several days a week",197,"Above 25","Succeeding"
"GM","65+",17,"1","2_Very Close to Some","a few times a month",5,"Yes","once a day",120.9,"Above 25","Succeeding"
"GM","25-34",12,"2","5_Dont Have Family","a few times a month",5,"Yes","rarely/never",-85.2,"Above 25","Struggling"
"GM","65+",17,"5","2_Very Close to Some","a few times a month",5,"Yes","several days a week",114.1,"Above 25","Succeeding"
"GM","16-20",15,"5","3_Not Close","a few times a month",5,"Yes","rarely/never",-100,"19","Struggling"
"GM","65+",15,"6+","1_Very Close to Most","a few times a month",5,"No","rarely/never",100.4,"Above 25","Succeeding"
"GM","45-54",15,"6+","5_Dont Have Family","a few times a month",5,"Yes","once a day",200,"Above 25","Succeeding"
"GM","25-34",12,"5","2_Very Close to Some","a few times a month",5,"Yes","several days a week",136.3,"Above 25","Succeeding"
"GM","45-54",17,"6+","1_Very Close to Most","a few times a month",5,"Yes","several days a week",171.9,"Above 25","Succeeding"
"GM","55-64",17,"5","2_Very Close to Some","a few times a month",5,"Yes","several days a week",148.3,"Above 25","Succeeding"
"GM","45-54",5,"5","4_Dont Get Along","a few times a month",5,"Yes","several days a week",103.8,"Above 25","Succeeding"
"GM","25-34",14,"6+","3_Not Close","a few times a month",5,"Yes","several days a week",-51.5,"Above 25","Struggling"
"GM","21-24",15,"1","2_Very Close to Some","a few times a month",5,"Yes","several days a week",174.1,"19","Succeeding"
"GM","45-54",17,"5","1_Very Close to Most","a few times a month",5,"Yes","rarely/never",153.6,"Above 25","Succeeding"
"GM","55-64",14,"2","1_Very Close to Most","a few times a month",5,"Yes","several days a week",117.7,"Above 25","Succeeding"
"GM","55-64",15,"5","1_Very Close to Most","a few times a month",5,"Yes","several days a week",174.1,"Above 25","Succeeding"
"GM","55-64",15,"4","1_Very Close to Most","a few times a month",5,"Yes","rarely/never",136.1,"Above 25","Succeeding"
"GM","25-34",12,"6+","3_Not Close","a few times a month",5,"No","several days a week",140.7,"Above 25","Succeeding"
"GM","25-34",14,"2","2_Very Close to Some","a few times a month",5,"Yes","rarely/never",-95.9,"Above 25","Struggling"
"GM","55-64",15,"4","2_Very Close to Some","a few times a month",5,"Yes","several days a week",147.5,"Above 25","Succeeding"
"GM","25-34",15,"0","1_Very Close to Most","a few times a month",5,"Yes","rarely/never",-67.3,"Above 25","Struggling"
"GM","45-54",14,"4","1_Very Close to Most","a few times a month",5,"Yes","several days a week",129.8,"Above 25","Succeeding"
"GM","35-44",15,"5","1_Very Close to Most","a few times a month",5,"Yes","a few times a month",120.2,"Above 25","Succeeding"
"GM","35-44",15,"1","5_Dont Have Family","a few times a month",5,"Yes","several days a week",171.9,"Above 25","Succeeding"
"GM","45-54",15,"6+","1_Very Close to Most","a few times a month",5,"Yes","several days a week",177.9,"Above 25","Succeeding"
"GM","35-44",15,"6+","3_Not Close","a few times a month",5,"Yes","several days a week",134.6,"Above 25","Succeeding"
"GM","45-54",14,"2","3_Not Close","a few times a month",5,"Yes","several days a week",142.2,"Above 25","Succeeding"
"GM","45-54",15,"4","1_Very Close to Most","a few times a month",5,"Yes","several days a week",144.7,"Above 25","Succeeding"
"GM","25-34",12,"6+","1_Very Close to Most","a few times a month",5,"Yes","rarely/never",-34.5,"Above 25","Struggling"
"GM","25-34",14,"4","3_Not Close","a few times a month",5,"Yes","several days a week",151.3,"Above 25","Succeeding"
"GM","25-34",15,"6+","3_Not Close","a few times a month",5,"Yes","several days a week",-4.9,"Above 25","Struggling"
"GM","25-34",15,"0","3_Not Close","a few times a month",5,"Yes","once a week",114.8,"Above 25","Succeeding"
"GM","21-24",NA,"6+","1_Very Close to Most","a few times a month",5,"Yes","several days a week",183.3,"21-25","Succeeding"
"GM","35-44",15,"1","3_Not Close","a few times a month",5,"Yes","rarely/never",180.2,"Above 25","Succeeding"
"GM","21-24",15,"2","3_Not Close","a few times a month",5,"Yes","several days a week",154.2,"18","Succeeding"
"GM","25-34",14,"6+","1_Very Close to Most","a few times a month",5,"No","rarely/never",131.6,"Above 25","Succeeding"
"GM","25-34",15,"5","1_Very Close to Most","a few times a month",5,"Yes","rarely/never",-14.7,"Above 25","Struggling"
"GM","21-24",12,"5","2_Very Close to Some","a few times a month",5,"Yes","a few times a month",149.8,"17","Succeeding"
"GM","16-20",12,"4","2_Very Close to Some","a few times a month",5,"Yes","rarely/never",131.6,"15","Succeeding"
"GM","45-54",15,"6+","1_Very Close to Most","a few times a month",5,"Yes","once a day",186.3,"Above 25","Succeeding"
"GM","16-20",5,"2","2_Very Close to Some","a few times a month",5,"Yes","several days a week",105.7,"","Succeeding"
"GM","65+",17,"1","1_Very Close to Most","a few times a month",5,"Yes","several days a week",155.9,"Above 25","Succeeding"
"GM","55-64",17,"6+","1_Very Close to Most","a few times a month",5,"Yes","several days a week",150.6,"Above 25","Succeeding"
"GM","25-34",12,"2","2_Very Close to Some","a few times a month",5,"Yes","rarely/never",103.8,"Above 25","Succeeding"
"GM","35-44",17,"4","4_Dont Get Along","a few times a month",5,"Yes","several days a week",104.2,"Above 25","Succeeding"
"GM","55-64",5,"2","3_Not Close","a few times a month",5,"Yes","a few times a month",-46.7,"Above 25","Struggling"
"GM","21-24",15,"4","1_Very Close to Most","a few times a month",5,"Yes","several days a week",166.5,"18","Succeeding"
"GM","25-34",12,"6+","2_Very Close to Some","a few times a month",5,"Yes","once a week",113.7,"Above 25","Succeeding"
"GM","35-44",17,"5","2_Very Close to Some","a few times a month",5,"Yes","rarely/never",-1.6,"Above 25","Struggling"
"GM","21-24",15,"6+","1_Very Close to Most","a few times a month",5,"Yes","several days a week",114.6,"20","Succeeding"
"GM","21-24",12,"6+","4_Dont Get Along","a few times a month",5,"Yes","rarely/never",139.2,"21-25","Succeeding"
"GM","25-34",14,"4","3_Not Close","a few times a month",5,"Yes","rarely/never",-24.2,"Above 25","Struggling"
"GM","25-34",15,"1","1_Very Close to Most","a few times a month",5,"Yes","rarely/never",133.1,"Above 25","Succeeding"
"GM","21-24",15,"2","1_Very Close to Most","a few times a month",5,"Yes","several days a week",138,"21-25","Succeeding"
"GM","21-24",NA,"3","1_Very Close to Most","a few times a month",5,"Yes","once a day",174.5,"13","Succeeding"
"GM","25-34",14,"2","2_Very Close to Some","a few times a month",5,"Yes","once a week",144.3,"Above 25","Succeeding"
"GM","25-34",14,"5","3_Not Close","a few times a month",5,"Yes","several days a week",-25.2,"Above 25","Struggling"
"GM","35-44",17,"6+","1_Very Close to Most","a few times a month",5,"Yes","several days a week",171.1,"Above 25","Succeeding"
"GM","65+",17,"2","3_Not Close","a few times a month",5,"Yes","once a week",128.7,"Above 25","Succeeding"
"GM","25-34",12,"5","1_Very Close to Most","a few times a month",5,"Yes","several days a week",184,"Above 25","Succeeding"
"GM","55-64",14,"4","2_Very Close to Some","a few times a month",5,"Yes","rarely/never",104.2,"Above 25","Succeeding"
"GM","45-54",15,"6+","2_Very Close to Some","a few times a month",5,"Yes","a few times a month",-24.6,"Above 25","Struggling"
"GM","55-64",12,"2","1_Very Close to Most","a few times a month",5,"Yes","rarely/never",101.1,"Above 25","Succeeding"
"GM","25-34",12,"1","3_Not Close","a few times a month",5,"Yes","several days a week",148.3,"Above 25","Succeeding"
"GM","55-64",8,"3","1_Very Close to Most","a few times a month",5,"Yes","several days a week",136.9,"Above 25","Succeeding"
"GM","45-54",15,"6+","1_Very Close to Most","a few times a month",5,"Yes","rarely/never",158.9,"Above 25","Succeeding"
"GM","21-24",12,"6+","2_Very Close to Some","a few times a month",5,"Yes","rarely/never",111.8,"20","Succeeding"
"GM","25-34",14,"3","1_Very Close to Most","a few times a month",5,"Yes","several days a week",180.2,"Above 25","Succeeding"
"GM","25-34",12,"6+","1_Very Close to Most","a few times a month",5,"Yes","rarely/never",102.3,"Above 25","Succeeding"
"GM","25-34",14,"6+","1_Very Close to Most","a few times a month",5,"Yes","rarely/never",-20.4,"Above 25","Struggling"
"GM","25-34",15,"4","1_Very Close to Most","a few times a month",5,"Yes","several days a week",158.2,"Above 25","Succeeding"
"GM","55-64",14,"6+","1_Very Close to Most","a few times a month",5,"Yes","several days a week",162,"Above 25","Succeeding"
"GM","35-44",5,"4","2_Very Close to Some","a few times a month",5,"Yes","rarely/never",-15.4,"Above 25","Struggling"
"GM","21-24",12,"6+","3_Not Close","a few times a month",5,"Yes","several days a week",188.6,"15","Succeeding"
"GM","25-34",17,"3","1_Very Close to Most","a few times a month",5,"Yes","rarely/never",140.7,"Above 25","Succeeding"
"GM","55-64",5,"2","3_Not Close","a few times a month",5,"Yes","rarely/never",-46.7,"Above 25","Struggling"
"GM","55-64",12,"4","1_Very Close to Most","a few times a month",5,"Yes","rarely/never",128.5,"Above 25","Succeeding"
"GM","25-34",15,"5","1_Very Close to Most","a few times a month",5,"Yes","once a week",124.7,"Above 25","Succeeding"
"GM","25-34",12,"5","2_Very Close to Some","a few times a month",5,"Yes","rarely/never",-1.2,"Above 25","Struggling"
"GM","25-34",5,"3","2_Very Close to Some","a few times a month",5,"Yes","once a day",-29,"Above 25","Struggling"
"GM","35-44",15,"3","1_Very Close to Most","a few times a month",5,"Yes","rarely/never",168.8,"Above 25","Succeeding"
"GM","21-24",14,"6+","3_Not Close","a few times a month",5,"Yes","several days a week",186.3,"20","Succeeding"
"GM","35-44",12,"5","1_Very Close to Most","a few times a month",5,"Yes","several days a week",191.6,"Above 25","Succeeding"
"GM","25-34",5,"3","1_Very Close to Most","a few times a month",5,"Yes","rarely/never",184,"Above 25","Succeeding"
"GM","21-24",12,"6+","1_Very Close to Most","a few times a month",5,"Yes","a few times a month",120.3,"19","Succeeding"
"GM","25-34",15,"0","3_Not Close","a few times a month",5,"Yes","several days a week",169.6,"Above 25","Succeeding"
"GM","25-34",15,"2","1_Very Close to Most","a few times a month",5,"Yes","several days a week",162.9,"Above 25","Succeeding"
"GM","25-34",14,"6+","1_Very Close to Most","a few times a month",5,"Yes","rarely/never",-53.1,"Above 25","Struggling"
"GM","25-34",5,"5","3_Not Close","a few times a month",5,"Yes","rarely/never",-2.8,"Above 25","Struggling"
"GM","25-34",12,"1","3_Not Close","a few times a month",5,"Yes","several days a week",111.8,"Above 25","Succeeding"
"GM","55-64",12,"6+","2_Very Close to Some","a few times a month",5,"Yes","once a day",154.4,"Above 25","Succeeding"
"GM","21-24",14,"1","2_Very Close to Some","a few times a month",5,"Yes","once a week",154.4,"16","Succeeding"
"GM","25-34",17,"3","1_Very Close to Most","a few times a month",5,"Yes","several days a week",159.7,"Above 25","Succeeding"
"GM","35-44",12,"5","1_Very Close to Most","a few times a month",5,"Yes","several days a week",140.7,"Above 25","Succeeding"
"GM","55-64",17,"6+","1_Very Close to Most","a few times a month",5,"Yes","several days a week",167.3,"Above 25","Succeeding"
"GM","25-34",15,"5","2_Very Close to Some","a few times a month",5,"Yes","rarely/never",136.3,"Above 25","Succeeding"
"GM","25-34",NA,"4","2_Very Close to Some","a few times a month",5,"Yes","rarely/never",181.7,"Above 25","Succeeding"
"GM","35-44",14,"6+","2_Very Close to Some","a few times a month",5,"Yes","several days a week",148.3,"Above 25","Succeeding"
"GM","35-44",14,"6+","2_Very Close to Some","a few times a month",5,"Yes","a few times a month",147.5,"Above 25","Succeeding"
"GM","65+",15,"1","1_Very Close to Most","a few times a month",5,"Yes","once a day",127.8,"Above 25","Succeeding"
"GM","16-20",12,"4","3_Not Close","a few times a month",5,"Yes","rarely/never",-36.5,"15","Struggling"
"GM","35-44",14,"1","2_Very Close to Some","a few times a month",5,"Yes","several days a week",165,"Above 25","Succeeding"
"GM","25-34",12,"4","2_Very Close to Some","a few times a month",5,"Yes","several days a week",-31.5,"Above 25","Struggling"
"GM","25-34",15,"3","1_Very Close to Most","a few times a month",5,"Yes","once a week",187.1,"Above 25","Succeeding"
"GM","21-24",14,"5","2_Very Close to Some","a few times a month",5,"Yes","rarely/never",-17,"17","Struggling"
"GM","21-24",12,"2","4_Dont Get Along","a few times a month",5,"Yes","once a day",-54.1,"15","Struggling"
"GM","55-64",15,"1","1_Very Close to Most","a few times a month",5,"Yes","rarely/never",124,"Above 25","Succeeding"
"GM","45-54",15,"4","3_Not Close","a few times a month",5,"Yes","once a day",177.9,"Above 25","Succeeding"
"GM","35-44",15,"1","3_Not Close","a few times a month",5,"Yes","a few times a month",180.2,"Above 25","Succeeding"
"GM","25-34",NA,"6+","3_Not Close","a few times a month",5,"Yes","rarely/never",130,"Above 25","Succeeding"
"GM","45-54",NA,"6+","2_Very Close to Some","a few times a month",5,"Yes","rarely/never",165,"Above 25","Succeeding"
"GM","16-20",12,"4","4_Dont Get Along","a few times a month",5,"Yes","several days a week",110.6,"14","Succeeding"
"GM","45-54",17,"5","1_Very Close to Most","a few times a month",5,"Yes","several days a week",129.7,"Above 25","Succeeding"
"GM","25-34",15,"3","2_Very Close to Some","a few times a month",5,"Yes","several days a week",-3.2,"Above 25","Struggling"
"GM","25-34",15,"2","2_Very Close to Some","a few times a month",5,"Yes","several days a week",133.1,"Above 25","Succeeding"
"GM","35-44",15,"3","1_Very Close to Most","a few times a month",5,"Yes","several days a week",158.2,"Above 25","Succeeding"
"GM","45-54",15,"6+","2_Very Close to Some","a few times a month",5,"Yes","rarely/never",-24.6,"Above 25","Struggling"
"GM","45-54",12,"6+","1_Very Close to Most","a few times a month",5,"Yes","several days a week",-51.9,"Above 25","Struggling"
"GM","45-54",12,"5","1_Very Close to Most","a few times a month",5,"Yes","rarely/never",-82.3,"Above 25","Struggling"
"GM","25-34",12,"6+","2_Very Close to Some","a few times a month",5,"Yes","rarely/never",153.6,"Above 25","Succeeding"
"GM","35-44",15,"5","1_Very Close to Most","a few times a month",5,"Yes","rarely/never",163.5,"Above 25","Succeeding"
"GM","25-34",14,"3","2_Very Close to Some","a few times a month",5,"Yes","rarely/never",-22.3,"Above 25","Struggling"
"GM","55-64",15,"5","2_Very Close to Some","a few times a month",5,"Yes","rarely/never",-24.9,"Above 25","Struggling"
"GM","21-24",14,"5","5_Dont Have Family","a few times a month",5,"Yes","several days a week",151.3,"21-25","Succeeding"
"GM","35-44",17,"4","2_Very Close to Some","a few times a month",5,"Yes","several days a week",105.7,"Above 25","Succeeding"
"GM","16-20",12,"4","3_Not Close","a few times a month",5,"Yes","rarely/never",108.4,"16","Succeeding"
"GM","25-34",14,"5","1_Very Close to Most","a few times a month",5,"Yes","rarely/never",175.3,"Above 25","Succeeding"
"GM","21-24",12,"6+","5_Dont Have Family","a few times a month",5,"Yes","once a day",169.6,"21-25","Succeeding"
"GM","21-24",12,"3","3_Not Close","a few times a month",5,"Yes","rarely/never",179.5,"17","Succeeding"
"GM","25-34",15,"3","2_Very Close to Some","a few times a month",5,"Yes","once a day",154.8,"Above 25","Succeeding"
"GM","21-24",15,"3","1_Very Close to Most","a few times a month",5,"Yes","once a week",171.9,"19","Succeeding"
"GM","16-20",12,"2","3_Not Close","a few times a month",5,"Yes","rarely/never",-92.2,"18","Struggling"
"GM","25-34",15,"5","1_Very Close to Most","a few times a month",5,"Yes","several days a week",143.3,"Above 25","Succeeding"
"GM","45-54",17,"6+","1_Very Close to Most","a few times a month",5,"Yes","rarely/never",140.1,"Above 25","Succeeding"
"GM","25-34",15,"6+","3_Not Close","a few times a month",5,"Yes","once a day",-56.3,"Above 25","Struggling"
"GM","25-34",12,"2","3_Not Close","a few times a month",5,"Yes","rarely/never",150,"Above 25","Succeeding"
"GM","25-34",15,"6+","6_Prefer Not to Say","a few times a month",5,"Yes","several days a week",105.7,"Above 25","Succeeding"
"GM","25-34",5,"6+","1_Very Close to Most","a few times a month",5,"Yes","once a week",139.9,"Above 25","Succeeding"
"GM","55-64",14,"5","3_Not Close","a few times a month",5,"Yes","several days a week",174.9,"Above 25","Succeeding"
"GM","55-64",20,"6+","1_Very Close to Most","a few times a month",5,"Yes","several days a week",163.5,"Above 25","Succeeding"
"GM","16-20",12,"3","2_Very Close to Some","a few times a month",5,"Yes","several days a week",-5.2,"12","Struggling"
"GM","35-44",15,"4","2_Very Close to Some","a few times a month",5,"Yes","several days a week",122.8,"Above 25","Succeeding"
"GM","65+",12,"4","4_Dont Get Along","a few times a month",5,"Yes","several days a week",164.3,"Above 25","Succeeding"
"GM","21-24",15,"6+","2_Very Close to Some","a few times a month",5,"Yes","rarely/never",149,"21-25","Succeeding"
"GM","45-54",15,"5","1_Very Close to Most","a few times a month",5,"Yes","several days a week",124.7,"Above 25","Succeeding"
"GM","65+",15,"3","1_Very Close to Most","a few times a month",5,"Yes","several days a week",-39.5,"Above 25","Struggling"
"GM","65+",15,"4","1_Very Close to Most","a few times a month",5,"Yes","rarely/never",137.6,"Above 25","Succeeding"
"GM","25-34",12,"6+","3_Not Close","a few times a month",5,"Yes","several days a week",137.6,"Above 25","Succeeding"
"GM","35-44",17,"6+","1_Very Close to Most","a few times a month",5,"Yes","several days a week",167.3,"Above 25","Succeeding"
"GM","45-54",8,"4","2_Very Close to Some","a few times a month",5,"Yes","once a day",198.5,"Above 25","Succeeding"
"GM","25-34",14,"3","2_Very Close to Some","a few times a month",5,"Yes","rarely/never",-51.1,"Above 25","Struggling"
"GM","35-44",5,"2","2_Very Close to Some","a few times a month",5,"Yes","once a week",127,"Above 25","Succeeding"
"GM","25-34",12,"6+","3_Not Close","a few times a month",5,"Yes","a few times a month",155.1,"Above 25","Succeeding"
"GM","35-44",12,"3","1_Very Close to Most","a few times a month",5,"Yes","several days a week",-100,"Above 25","Struggling"
"GM","25-34",NA,"4","1_Very Close to Most","a few times a month",5,"Yes","several days a week",147.3,"Above 25","Succeeding"
"GM","35-44",5,"4","2_Very Close to Some","a few times a month",5,"Yes","a few times a month",-15.4,"Above 25","Struggling"
"GM","25-34",8,"0","4_Dont Get Along","a few times a month",5,"Yes","several days a week",101.3,"Above 25","Succeeding"
"GM","55-64",15,"5","3_Not Close","a few times a month",5,"Yes","several days a week",111.8,"Above 25","Succeeding"
"GM","35-44",NA,"6+","2_Very Close to Some","a few times a month",5,"Yes","rarely/never",-6.8,"Above 25","Struggling"
"GM","25-34",15,"2","1_Very Close to Most","a few times a month",5,"Yes","a few times a month",-74.5,"Above 25","Struggling"
"GM","25-34",17,"5","1_Very Close to Most","a few times a month",5,"Yes","several days a week",121.7,"Above 25","Succeeding"
"GM","45-54",17,"3","1_Very Close to Most","a few times a month",5,"Yes","several days a week",163.5,"Above 25","Succeeding"
"GM","65+",15,"3","2_Very Close to Some","a few times a month",5,"Yes","several days a week",123.6,"Above 25","Succeeding"
"GM","16-20",12,"6+","3_Not Close","a few times a month",5,"Yes","once a day",101.1,"16","Succeeding"
"GM","21-24",14,"5","1_Very Close to Most","a few times a month",5,"Yes","several days a week",150.6,"16","Succeeding"
"GM","55-64",5,"6+","2_Very Close to Some","a few times a month",5,"Yes","rarely/never",111.8,"Above 25","Succeeding"
"GM","25-34",15,"1","2_Very Close to Some","a few times a month",5,"Yes","several days a week",178.7,"Above 25","Succeeding"
"GM","35-44",5,"5","2_Very Close to Some","a few times a month",5,"Yes","rarely/never",-48.6,"Above 25","Struggling"
"GM","21-24",15,"2","1_Very Close to Most","a few times a month",5,"Yes","once a week",-27.4,"20","Struggling"
"GM","25-34",14,"3","2_Very Close to Some","a few times a month",5,"Yes","several days a week",133.5,"Above 25","Succeeding"
"GM","21-24",12,"6+","2_Very Close to Some","a few times a month",5,"Yes","rarely/never",-1.5,"17","Struggling"
"GM","35-44",15,"5","2_Very Close to Some","a few times a month",5,"Yes","a few times a month",161.8,"Above 25","Succeeding"
"GM","35-44",15,"6+","2_Very Close to Some","a few times a month",5,"Yes","rarely/never",-5.8,"Above 25","Struggling"
"GM","65+",14,"1","1_Very Close to Most","a few times a month",5,"Yes","several days a week",-10.9,"Above 25","Struggling"
"GM","45-54",14,"4","1_Very Close to Most","a few times a month",5,"Yes","once a week",124,"Above 25","Succeeding"
"GM","25-34",15,"6+","2_Very Close to Some","a few times a month",5,"Yes","rarely/never",174.1,"Above 25","Succeeding"
"GM","25-34",15,"6+","2_Very Close to Some","a few times a month",5,"Yes","rarely/never",-80,"Above 25","Struggling"
"GM","45-54",12,"4","1_Very Close to Most","a few times a month",5,"Yes","several days a week",-34.2,"Above 25","Struggling"
"GM","21-24",15,"6+","2_Very Close to Some","a few times a month",5,"Yes","rarely/never",-100,"20","Struggling"
"GM","45-54",5,"6+","2_Very Close to Some","a few times a month",5,"Yes","rarely/never",-64.1,"Above 25","Struggling"
"GM","55-64",12,"3","1_Very Close to Most","a few times a month",5,"Yes","rarely/never",171.1,"Above 25","Succeeding"
"GM","25-34",15,"1","1_Very Close to Most","a few times a month",5,"Yes","several days a week",180.2,"Above 25","Succeeding"
"GM","25-34",5,"5","3_Not Close","a few times a month",5,"Yes","rarely/never",-17,"Above 25","Struggling"
"GM","25-34",15,"1","5_Dont Have Family","a few times a month",5,"Yes","once a day",171.1,"Above 25","Succeeding"
"GM","35-44",NA,"4","3_Not Close","a few times a month",5,"Yes","several days a week",-27.2,"Above 25","Struggling"
"GM","35-44",8,"6+","1_Very Close to Most","a few times a month",5,"Yes","a few times a month",104.9,"Above 25","Succeeding"
"GM","35-44",17,"6+","2_Very Close to Some","a few times a month",5,"Yes","several days a week",167.3,"Above 25","Succeeding"
"GM","25-34",14,"3","4_Dont Get Along","a few times a month",5,"Yes","a few times a month",160.8,"Above 25","Succeeding"
"GM","25-34",14,"3","4_Dont Get Along","a few times a month",5,"Yes","rarely/never",160.8,"Above 25","Succeeding"
"GM","25-34",5,"5","2_Very Close to Some","a few times a month",5,"Yes","once a day",150.6,"Above 25","Succeeding"
"GM","55-64",15,"1","1_Very Close to Most","a few times a month",5,"Yes","a few times a month",124,"Above 25","Succeeding"
"GM","25-34",12,"1","4_Dont Get Along","a few times a month",5,"Yes","rarely/never",-27.5,"Above 25","Struggling"
"GM","25-34",15,"1","1_Very Close to Most","a few times a month",5,"Yes","once a day",174.9,"Above 25","Succeeding"
"GM","35-44",15,"4","1_Very Close to Most","a few times a month",5,"Yes","once a day",173.4,"Above 25","Succeeding"
"GM","25-34",14,"3","3_Not Close","a few times a month",5,"Yes","rarely/never",139.2,"Above 25","Succeeding"
"GM","21-24",15,"2","1_Very Close to Most","a few times a month",5,"Yes","a few times a month",141.4,"21-25","Succeeding"
"GM","25-34",14,"5","1_Very Close to Most","a few times a month",5,"Yes","several days a week",141.1,"Above 25","Succeeding"
"GM","25-34",15,"3","2_Very Close to Some","a few times a month",5,"Yes","rarely/never",145.2,"Above 25","Succeeding"
"GM","25-34",15,"1","3_Not Close","a few times a month",5,"Yes","several days a week",112.5,"Above 25","Succeeding"
"GM","65+",15,"6+","2_Very Close to Some","a few times a month",5,"Yes","several days a week",113.3,"Above 25","Succeeding"
"GM","25-34",14,"6+","2_Very Close to Some","a few times a month",5,"Yes","several days a week",133.8,"Above 25","Succeeding"
"GM","65+",15,"4","1_Very Close to Most","a few times a month",5,"Yes","once a day",171.1,"Above 25","Succeeding"
"GM","21-24",NA,"1","3_Not Close","a few times a month",5,"Yes","several days a week",-64.4,"20","Struggling"
"GM","35-44",14,"3","1_Very Close to Most","a few times a month",5,"Yes","several days a week",186.3,"Above 25","Succeeding"
"GM","25-34",8,"5","2_Very Close to Some","a few times a month",5,"Yes","a few times a month",-44.2,"Above 25","Struggling"
"GM","21-24",15,"4","2_Very Close to Some","a few times a month",5,"Yes","rarely/never",-49.2,"20","Struggling"
"GM","35-44",15,"6+","4_Dont Get Along","a few times a month",5,"Yes","several days a week",127,"Above 25","Succeeding"
"GM","45-54",15,"1","2_Very Close to Some","a few times a month",5,"Yes","rarely/never",145.8,"Above 25","Succeeding"
"GM","25-34",17,"4","1_Very Close to Most","a few times a month",5,"Yes","rarely/never",135.4,"Above 25","Succeeding"
"GM","25-34",14,"6+","1_Very Close to Most","a few times a month",5,"Yes","several days a week",-19.3,"Above 25","Struggling"
"GM","55-64",12,"3","1_Very Close to Most","a few times a month",5,"Yes","a few times a month",171.1,"Above 25","Succeeding"
"GM","25-34",14,"0","3_Not Close","a few times a month",5,"Yes","rarely/never",-0.4,"Above 25","Struggling"
"GM","45-54",17,"5","1_Very Close to Most","a few times a month",5,"Yes","a few times a month",153.6,"Above 25","Succeeding"
"GM","25-34",NA,"4","1_Very Close to Most","a few times a month",5,"Yes","several days a week",113.3,"Above 25","Succeeding"
"GM","35-44",14,"6+","2_Very Close to Some","a few times a month",5,"Yes","several days a week",149,"Above 25","Succeeding"
"GM","21-24",12,"6+","2_Very Close to Some","a few times a month",5,"Yes","rarely/never",-71.9,"19","Struggling"
"GM","21-24",15,"6+","2_Very Close to Some","a few times a month",5,"Yes","rarely/never",116,"19","Succeeding"
"GM","35-44",12,"4","3_Not Close","a few times a month",5,"Yes","rarely/never",139.9,"Above 25","Succeeding"
"GM","16-20",12,"6+","1_Very Close to Most","a few times a month",5,"Yes","several days a week",119.4,"18","Succeeding"
"GM","25-34",12,"6+","4_Dont Get Along","a few times a month",5,"Yes","rarely/never",-8.5,"Above 25","Struggling"
"GM","35-44",14,"0","4_Dont Get Along","a few times a month",5,"Yes","several days a week",-4.6,"Above 25","Struggling"
"GM","21-24",8,"3","1_Very Close to Most","a few times a month",5,"Yes","several days a week",167.3,"≤10","Succeeding"
"GM","55-64",17,"5","2_Very Close to Some","a few times a month",5,"Yes","several days a week",134,"Above 25","Succeeding"
"GM","25-34",15,"3","2_Very Close to Some","a few times a month",5,"Yes","several days a week",-15.8,"Above 25","Struggling"
"GM","65+",20,"6+","1_Very Close to Most","a few times a month",5,"Yes","several days a week",123.2,"Above 25","Succeeding"
"GM","25-34",15,"0","3_Not Close","a few times a month",5,"Yes","once a week",147.1,"Above 25","Succeeding"
"GM","65+",8,"1","1_Very Close to Most","a few times a month",5,"Yes","rarely/never",101,"Above 25","Succeeding"
"GM","25-34",5,"3","3_Not Close","a few times a month",5,"Yes","a few times a month",128.1,"Above 25","Succeeding"
"GM","25-34",5,"3","3_Not Close","a few times a month",5,"Yes","rarely/never",128.1,"Above 25","Succeeding"
"GM","45-54",12,"6+","2_Very Close to Some","a few times a month",5,"Yes","several days a week",153.6,"Above 25","Succeeding"
"GM","45-54",15,"5","1_Very Close to Most","a few times a month",5,"Yes","several days a week",-44.6,"Above 25","Struggling"
"GM","16-20",12,"5","2_Very Close to Some","a few times a month",5,"Yes","rarely/never",160.5,"13","Succeeding"
"GM","55-64",8,"4","1_Very Close to Most","a few times a month",5,"Yes","once a week",170.3,"Above 25","Succeeding"
"GM","21-24",12,"3","3_Not Close","a few times a month",5,"Yes","a few times a month",179.5,"17","Succeeding"
"GM","35-44",17,"6+","2_Very Close to Some","a few times a month",5,"Yes","rarely/never",168.1,"Above 25","Succeeding"
"GM","25-34",12,"1","3_Not Close","a few times a month",5,"Yes","rarely/never",-77.6,"Above 25","Struggling"
"GM","65+",15,"6+","1_Very Close to Most","a few times a month",5,"Yes","several days a week",190.1,"Above 25","Succeeding"
"GM","25-34",17,"3","1_Very Close to Most","a few times a month",5,"Yes","a few times a month",140.7,"Above 25","Succeeding"
"GM","25-34",NA,"5","1_Very Close to Most","a few times a month",5,"Yes","once a day",183.3,"Above 25","Succeeding"
"GM","35-44",17,"6+","1_Very Close to Most","a few times a month",5,"Yes","several days a week",108.2,"Above 25","Succeeding"
"GM","35-44",17,"1","2_Very Close to Some","a few times a month",5,"Yes","rarely/never",-5.1,"Above 25","Struggling"
"GM","35-44",15,"6+","4_Dont Get Along","a few times a month",5,"Yes","several days a week",104.2,"Above 25","Succeeding"
"GM","21-24",5,"2","4_Dont Get Along","a few times a month",5,"Yes","rarely/never",-100,"18","Struggling"
"GM","21-24",12,"6+","2_Very Close to Some","a few times a month",5,"Yes","a few times a month",176.4,"20","Succeeding"
"GM","21-24",15,"6+","2_Very Close to Some","a few times a month",5,"Yes","rarely/never",136.1,"18","Succeeding"
"GM","35-44",15,"4","2_Very Close to Some","a few times a month",5,"Yes","several days a week",120.9,"Above 25","Succeeding"
"GM","25-34",15,"5","3_Not Close","a few times a month",5,"Yes","rarely/never",-6,"Above 25","Struggling"
"GM","21-24",15,"6+","3_Not Close","a few times a month",5,"Yes","rarely/never",-6.4,"21-25","Struggling"
"GM","21-24",12,"6+","1_Very Close to Most","a few times a month",5,"Yes","rarely/never",120.3,"19","Succeeding"
"GM","21-24",12,"1","2_Very Close to Some","a few times a month",5,"Yes","once a week",-95.2,"21-25","Struggling"
"GM","21-24",12,"6+","5_Dont Have Family","a few times a month",5,"Yes","several days a week",127,"20","Succeeding"
"GM","35-44",5,"6+","2_Very Close to Some","a few times a month",5,"Yes","several days a week",161.2,"Above 25","Succeeding"
"GM","45-54",12,"2","1_Very Close to Most","a few times a month",5,"Yes","several days a week",107.2,"Above 25","Succeeding"
"GM","25-34",12,"4","1_Very Close to Most","a few times a month",5,"Yes","a few times a month",-17.7,"Above 25","Struggling"
"GM","25-34",12,"6+","2_Very Close to Some","a few times a month",5,"Yes","a few times a month",153.6,"Above 25","Succeeding"
"GM","35-44",17,"5","1_Very Close to Most","a few times a month",5,"Yes","several days a week",155.1,"Above 25","Succeeding"
"GM","35-44",NA,"5","4_Dont Get Along","a few times a month",5,"Yes","rarely/never",-2.4,"Above 25","Struggling"
"GM","35-44",17,"4","3_Not Close","a few times a month",5,"Yes","once a week",149,"Above 25","Succeeding"
"GM","25-34",12,"2","2_Very Close to Some","a few times a month",5,"Yes","several days a week",-38.9,"Above 25","Struggling"
"GM","21-24",15,"4","1_Very Close to Most","a few times a month",5,"Yes","once a day",179.5,"20","Succeeding"
"GM","25-34",15,"6+","2_Very Close to Some","a few times a month",5,"Yes","several days a week",103.4,"Above 25","Succeeding"
"GM","25-34",12,"1","3_Not Close","a few times a month",5,"Yes","a few times a month",-77.6,"Above 25","Struggling"
"GM","25-34",15,"5","2_Very Close to Some","a few times a month",5,"Yes","rarely/never",-29.8,"Above 25","Struggling"
"GM","25-34",14,"1","2_Very Close to Some","a few times a month",5,"Yes","once a week",101.9,"Above 25","Succeeding"
"GM","45-54",12,"4","1_Very Close to Most","a few times a month",5,"Yes","rarely/never",106.8,"Above 25","Succeeding"
"GM","25-34",12,"2","2_Very Close to Some","a few times a month",5,"Yes","several days a week",139.5,"Above 25","Succeeding"
"GM","25-34",NA,"6+","4_Dont Get Along","a few times a month",5,"Yes","rarely/never",-50.8,"Above 25","Struggling"
"GM","25-34",14,"1","2_Very Close to Some","a few times a month",5,"Yes","several days a week",-36.3,"Above 25","Struggling"
"GM","25-34",14,"2","2_Very Close to Some","a few times a month",5,"Yes","a few times a month",-95.9,"Above 25","Struggling"
"GM","21-24",15,"4","2_Very Close to Some","a few times a month",5,"Yes","rarely/never",135.4,"18","Succeeding"
"GM","21-24",15,"4","2_Very Close to Some","a few times a month",5,"Yes","a few times a month",135.4,"18","Succeeding"
"GM","55-64",15,"6+","2_Very Close to Some","a few times a month",5,"Yes","several days a week",172.6,"Above 25","Succeeding"
"GM","25-34",15,"1","1_Very Close to Most","a few times a month",5,"Yes","a few times a month",133.1,"Above 25","Succeeding"
"GM","35-44",17,"5","1_Very Close to Most","a few times a month",5,"Yes","once a day",193.2,"Above 25","Succeeding"
"GM","21-24",15,"3","2_Very Close to Some","a few times a month",5,"Yes","once a week",138.4,"21-25","Succeeding"
"GM","25-34",15,"3","2_Very Close to Some","a few times a month",5,"Yes","rarely/never",146.8,"Above 25","Succeeding"
"GM","21-24",15,"2","1_Very Close to Most","a few times a month",5,"Yes","rarely/never",141.4,"21-25","Succeeding"
"GM","35-44",15,"6+","4_Dont Get Along","a few times a month",5,"Yes","a few times a month",-39,"Above 25","Struggling"
"GM","21-24",15,"2","5_Dont Have Family","a few times a month",5,"Yes","once a day",106.5,"19","Succeeding"
"GM","25-34",20,"6+","1_Very Close to Most","a few times a month",5,"Yes","several days a week",139.2,"Above 25","Succeeding"
"GM","25-34",15,"6+","2_Very Close to Some","a few times a month",5,"Yes","once a day",104.4,"Above 25","Succeeding"
"GM","25-34",14,"3","2_Very Close to Some","a few times a month",5,"Yes","a few times a month",-22.3,"Above 25","Struggling"
"GM","25-34",15,"5","2_Very Close to Some","a few times a month",5,"Yes","several days a week",-4.9,"Above 25","Struggling"
"GM","21-24",15,"6+","1_Very Close to Most","a few times a month",5,"Yes","several days a week",138.4,"20","Succeeding"
"GM","35-44",5,"3","1_Very Close to Most","a few times a month",5,"Yes","several days a week",-0.1,"Above 25","Struggling"
"GM","65+",8,"5","2_Very Close to Some","a few times a month",5,"Yes","several days a week",143.7,"Above 25","Succeeding"
"GM","25-34",NA,"6+","3_Not Close","a few times a month",5,"Yes","rarely/never",139.9,"Above 25","Succeeding"
"GM","25-34",NA,"2","1_Very Close to Most","a few times a month",5,"Yes","several days a week",181.7,"Above 25","Succeeding"
"GM","25-34",15,"3","2_Very Close to Some","a few times a month",5,"Yes","rarely/never",168.1,"Above 25","Succeeding"
"GM","16-20",12,"4","2_Very Close to Some","a few times a month",5,"Yes","several days a week",-64.6,"14","Struggling"
"GM","21-24",20,"6+","1_Very Close to Most","a few times a month",5,"Yes","several days a week",115.6,"≤10","Succeeding"
"GM","25-34",5,"3","3_Not Close","a few times a month",5,"Yes","once a week",160.5,"Above 25","Succeeding"
"GM","25-34",12,"4","4_Dont Get Along","a few times a month",5,"Yes","rarely/never",-45.1,"Above 25","Struggling"
"GM","45-54",5,"6+","2_Very Close to Some","a few times a month",5,"Yes","several days a week",122.4,"Above 25","Succeeding"
"GM","45-54",12,"1","1_Very Close to Most","a few times a month",5,"Yes","once a day",155.9,"Above 25","Succeeding"
"GM","45-54",17,"5","2_Very Close to Some","a few times a month",5,"Yes","several days a week",111.2,"Above 25","Succeeding"
"GM","35-44",14,"4","1_Very Close to Most","a few times a month",5,"Yes","rarely/never",162.7,"Above 25","Succeeding"
"GM","16-20",14,"3","2_Very Close to Some","a few times a month",5,"Yes","rarely/never",130,"17","Succeeding"
"GM","35-44",5,"6+","1_Very Close to Most","a few times a month",5,"Yes","once a day",-80.8,"Above 25","Struggling"
"GM","25-34",14,"3","3_Not Close","a few times a month",5,"Yes","several days a week",168.1,"Above 25","Succeeding"
"GM","25-34",15,"3","2_Very Close to Some","a few times a month",5,"Yes","once a day",161.2,"Above 25","Succeeding"
"GM","25-34",NA,"2","1_Very Close to Most","a few times a month",5,"Yes","rarely/never",132.7,"Above 25","Succeeding"
"GM","45-54",15,"1","1_Very Close to Most","a few times a month",5,"Yes","rarely/never",132.5,"Above 25","Succeeding"
"GM","45-54",17,"1","1_Very Close to Most","a few times a month",5,"Yes","once a day",138.4,"Above 25","Succeeding"
"GM","21-24",12,"6+","1_Very Close to Most","a few times a month",5,"Yes","rarely/never",155.1,"18","Succeeding"
"GM","16-20",14,"4","2_Very Close to Some","a few times a month",5,"Yes","once a day",-43.8,"≤10","Struggling"
"GM","25-34",15,"2","1_Very Close to Most","a few times a month",5,"Yes","several days a week",169.6,"Above 25","Succeeding"
"GM","25-34",12,"6+","1_Very Close to Most","a few times a month",5,"Yes","several days a week",141.4,"Above 25","Succeeding"
"GM","35-44",17,"6+","2_Very Close to Some","a few times a month",5,"Yes","once a week",-24.9,"Above 25","Struggling"
"GM","25-34",14,"3","1_Very Close to Most","a few times a month",5,"Yes","several days a week",-33.4,"Above 25","Struggling"
"GM","25-34",15,"1","3_Not Close","a few times a month",5,"Yes","rarely/never",-14,"Above 25","Struggling"
"GM","25-34",14,"0","2_Very Close to Some","a few times a month",5,"Yes","rarely/never",-32.3,"Above 25","Struggling"
"GM","65+",17,"2","2_Very Close to Some","a few times a month",5,"Yes","several days a week",134.6,"Above 25","Succeeding"
"GM","16-20",15,"3","2_Very Close to Some","a few times a month",5,"Yes","rarely/never",126.2,"17","Succeeding"
"GM","25-34",12,"6+","1_Very Close to Most","a few times a month",5,"Yes","a few times a month",102.3,"Above 25","Succeeding"
"GM","55-64",8,"3","1_Very Close to Most","a few times a month",5,"Yes","once a week",119.4,"Above 25","Succeeding"
"GM","35-44",17,"6+","2_Very Close to Some","a few times a month",5,"Yes","a few times a month",168.1,"Above 25","Succeeding"
"GM","25-34",5,"2","1_Very Close to Most","a few times a month",5,"Yes","rarely/never",175.7,"Above 25","Succeeding"
"GM","35-44",14,"6+","2_Very Close to Some","a few times a month",5,"Yes","rarely/never",147.5,"Above 25","Succeeding"
"GM","55-64",14,"3","1_Very Close to Most","a few times a month",5,"Yes","once a week",152.9,"Above 25","Succeeding"
"GM","55-64",14,"6+","1_Very Close to Most","a few times a month",5,"Yes","once a day",170.3,"Above 25","Succeeding"
"GM","21-24",15,"0","1_Very Close to Most","a few times a month",5,"Yes","once a day",200,"21-25","Succeeding"
"GM","35-44",15,"3","4_Dont Get Along","a few times a month",5,"Yes","several days a week",-29.5,"Above 25","Struggling"
"GM","25-34",15,"2","1_Very Close to Most","a few times a month",5,"Yes","rarely/never",-74.5,"Above 25","Struggling"
"GM","35-44",15,"1","1_Very Close to Most","a few times a month",5,"Yes","several days a week",140.7,"Above 25","Succeeding"
"GM","21-24",12,"4","2_Very Close to Some","a few times a month",5,"Yes","once a day",113.3,"21-25","Succeeding"
"GM","25-34",15,"1","3_Not Close","a few times a month",5,"Yes","rarely/never",-38.4,"Above 25","Struggling"
"GM","35-44",17,"1","2_Very Close to Some","a few times a month",5,"Yes","a few times a month",-5.1,"Above 25","Struggling"
"GM","25-34",15,"4","6_Prefer Not to Say","a few times a month",5,"Yes","rarely/never",-44.9,"Above 25","Struggling"
"GM","21-24",12,"6+","2_Very Close to Some","a few times a month",5,"Yes","rarely/never",176.4,"20","Succeeding"
"GM","55-64",14,"0","1_Very Close to Most","a few times a month",5,"Yes","several days a week",138.4,"Above 25","Succeeding"
"GM","35-44",15,"3","1_Very Close to Most","a few times a month",5,"Yes","once a day",161.2,"Above 25","Succeeding"
"GM","35-44",17,"5","1_Very Close to Most","a few times a month",5,"Yes","a few times a month",149,"Above 25","Succeeding"
"GM","25-34",NA,"4","6_Prefer Not to Say","a few times a month",5,"Yes","rarely/never",143.7,"Above 25","Succeeding"
"GM","16-20",15,"2","3_Not Close","a few times a month",5,"Yes","once a week",126.6,"≤10","Succeeding"
"GM","25-34",5,"3","2_Very Close to Some","a few times a month",5,"Yes","rarely/never",110.6,"Above 25","Succeeding"
"GM","35-44",5,"6+","2_Very Close to Some","a few times a month",5,"Yes","rarely/never",176.4,"Above 25","Succeeding"
"GM","25-34",15,"5","2_Very Close to Some","a few times a month",5,"Yes","several days a week",149.8,"Above 25","Succeeding"
"GM","16-20",12,"1","4_Dont Get Along","a few times a month",5,"Yes","rarely/never",-5.9,"17","Struggling"
"GM","25-34",15,"4","1_Very Close to Most","a few times a month",5,"Yes","rarely/never",130.8,"Above 25","Succeeding"
"GM","21-24",NA,"4","1_Very Close to Most","a few times a month",5,"Yes","several days a week",116.3,"17","Succeeding"
"GM","25-34",12,"1","3_Not Close","a few times a month",5,"Yes","a few times a month",-6,"Above 25","Struggling"
"GM","35-44",17,"4","1_Very Close to Most","a few times a month",5,"Yes","several days a week",143.9,"Above 25","Succeeding"
"GM","25-34",14,"2","4_Dont Get Along","a few times a month",5,"Yes","several days a week",106.1,"Above 25","Succeeding"
"GM","25-34",15,"4","2_Very Close to Some","a few times a month",5,"Yes","several days a week",131.6,"Above 25","Succeeding"
"GM","21-24",15,"6+","1_Very Close to Most","a few times a month",5,"Yes","once a day",169.2,"21-25","Succeeding"
"GM","25-34",14,"0","1_Very Close to Most","a few times a month",5,"Yes","several days a week",125.5,"Above 25","Succeeding"
"GM","25-34",12,"3","1_Very Close to Most","a few times a month",5,"Yes","rarely/never",117.1,"Above 25","Succeeding"
"GM","35-44",15,"4","2_Very Close to Some","a few times a month",5,"Yes","once a day",113.1,"Above 25","Succeeding"
"GM","65+",12,"1","1_Very Close to Most","a few times a month",5,"Yes","several days a week",160.5,"Above 25","Succeeding"
"GM","35-44",5,"6+","2_Very Close to Some","a few times a month",5,"Yes","once a day",163.5,"Above 25","Succeeding"
"GM","55-64",17,"0","2_Very Close to Some","a few times a month",5,"Yes","several days a week",-69.4,"Above 25","Struggling"
"GM","25-34",5,"3","1_Very Close to Most","a few times a month",5,"Yes","once a week",134.6,"Above 25","Succeeding"
"GM","25-34",12,"3","4_Dont Get Along","a few times a month",5,"Yes","several days a week",188.6,"Above 25","Succeeding"
"GM","25-34",14,"2","2_Very Close to Some","a few times a month",5,"Yes","once a week",124.7,"Above 25","Succeeding"
"GM","45-54",12,"3","1_Very Close to Most","a few times a month",5,"Yes","several days a week",116,"Above 25","Succeeding"
"GM","21-24",15,"6+","1_Very Close to Most","a few times a month",5,"Yes","rarely/never",149.8,"20","Succeeding"
"GM","65+",17,"4","6_Prefer Not to Say","a few times a month",5,"Yes","several days a week",109.9,"Above 25","Succeeding"
"GM","21-24",15,"0","6_Prefer Not to Say","a few times a month",5,"Yes","several days a week",144.5,"18","Succeeding"
"GM","35-44",15,"6+","4_Dont Get Along","a few times a month",5,"Yes","rarely/never",-39,"Above 25","Struggling"
"GM","45-54",14,"2","2_Very Close to Some","a few times a month",5,"Yes","a few times a month",179.8,"Above 25","Succeeding"
"GM","45-54",14,"2","2_Very Close to Some","a few times a month",5,"Yes","rarely/never",179.8,"Above 25","Succeeding"
"GM","25-34",15,"5","1_Very Close to Most","a few times a month",5,"Yes","several days a week",166.5,"Above 25","Succeeding"
"GM","21-24",17,"4","1_Very Close to Most","a few times a month",5,"Yes","several days a week",126.2,"20","Succeeding"
"GM","25-34",15,"3","1_Very Close to Most","a few times a month",5,"Yes","a few times a month",-59.8,"Above 25","Struggling"
"GM","25-34",15,"5","1_Very Close to Most","a few times a month",5,"Yes","rarely/never",133.8,"Above 25","Succeeding"
"GM","45-54",17,"5","1_Very Close to Most","a few times a month",5,"Yes","a few times a month",137.1,"Above 25","Succeeding"
"GM","25-34",12,"2","2_Very Close to Some","a few times a month",5,"Yes","rarely/never",-54,"Above 25","Struggling"
"GM","45-54",17,"5","1_Very Close to Most","a few times a month",5,"Yes","rarely/never",137.1,"Above 25","Succeeding"
"GM","65+",8,"3","1_Very Close to Most","a few times a month",5,"Yes","several days a week",138.4,"Above 25","Succeeding"
"GM","21-24",12,"3","1_Very Close to Most","a few times a month",5,"Yes","rarely/never",-15.8,"20","Struggling"
"GM","35-44",8,"3","3_Not Close","a few times a month",5,"Yes","rarely/never",-6.8,"Above 25","Struggling"
"GM","45-54",12,"5","1_Very Close to Most","a few times a month",5,"Yes","several days a week",-91.6,"Above 25","Struggling"
"GM","45-54",20,"5","1_Very Close to Most","a few times a month",5,"Yes","rarely/never",136.9,"Above 25","Succeeding"
"GM","25-34",14,"5","1_Very Close to Most","a few times a month",5,"Yes","rarely/never",-47.7,"Above 25","Struggling"
"GM","25-34",12,"4","4_Dont Get Along","a few times a month",5,"Yes","a few times a month",-45.1,"Above 25","Struggling"
"GM","21-24",12,"5","3_Not Close","a few times a month",5,"Yes","once a day",-1.2,"19","Struggling"
"GM","21-24",12,"6+","2_Very Close to Some","a few times a month",5,"Yes","once a day",-73.9,"17","Struggling"
"GM","35-44",15,"3","2_Very Close to Some","a few times a month",5,"Yes","once a day",-65.8,"Above 25","Struggling"
"GM","25-34",14,"6+","3_Not Close","a few times a month",5,"Yes","several days a week",123.6,"Above 25","Succeeding"
"GM","35-44",15,"5","2_Very Close to Some","a few times a month",5,"Yes","once a week",173.4,"Above 25","Succeeding"
"GM","21-24",NA,"4","1_Very Close to Most","a few times a month",5,"Yes","several days a week",153.6,"21-25","Succeeding"
"GM","65+",17,"6+","1_Very Close to Most","a few times a month",5,"Yes","several days a week",114.1,"Above 25","Succeeding"
"GM","45-54",17,"3","1_Very Close to Most","a few times a month",5,"Yes","rarely/never",165.8,"Above 25","Succeeding"
"GM","55-64",8,"4","1_Very Close to Most","a few times a month",5,"Yes","several days a week",120,"Above 25","Succeeding"
"GM","25-34",8,"5","3_Not Close","a few times a month",5,"Yes","once a week",123.2,"Above 25","Succeeding"
"GM","45-54",14,"5","1_Very Close to Most","a few times a month",5,"Yes","several days a week",190.9,"Above 25","Succeeding"
"GM","55-64",12,"1","2_Very Close to Some","a few times a month",5,"Yes","once a day",197.7,"Above 25","Succeeding"
"GM","25-34",12,"0","1_Very Close to Most","a few times a month",5,"Yes","once a day",175.7,"Above 25","Succeeding"
"GM","25-34",5,"6+","2_Very Close to Some","a few times a month",5,"Yes","rarely/never",-23.3,"Above 25","Struggling"
"GM","35-44",17,"2","2_Very Close to Some","a few times a month",5,"Yes","several days a week",130.8,"Above 25","Succeeding"
"GM","25-34",14,"6+","3_Not Close","a few times a month",5,"Yes","several days a week",-16.2,"Above 25","Struggling"
"GM","35-44",5,"6+","2_Very Close to Some","a few times a month",5,"Yes","rarely/never",149.8,"Above 25","Succeeding"
"GM","21-24",12,"3","3_Not Close","a few times a month",5,"Yes","rarely/never",-13.4,"16","Struggling"
"GM","21-24",14,"3","1_Very Close to Most","a few times a month",5,"Yes","once a day",113.9,"16","Succeeding"
"GM","55-64",17,"4","1_Very Close to Most","a few times a month",5,"Yes","a few times a month",161.2,"Above 25","Succeeding"
"GM","35-44",14,"6+","2_Very Close to Some","a few times a month",5,"Yes","once a day",-37.7,"Above 25","Struggling"
"GM","25-34",14,"4","2_Very Close to Some","a few times a month",5,"Yes","rarely/never",146,"Above 25","Succeeding"
"GM","65+",12,"4","1_Very Close to Most","a few times a month",5,"Yes","once a day",137.1,"Above 25","Succeeding"
"GM","25-34",5,"4","1_Very Close to Most","a few times a month",5,"Yes","rarely/never",-53.3,"Above 25","Struggling"
"GM","25-34",14,"4","2_Very Close to Some","a few times a month",5,"Yes","rarely/never",133.3,"Above 25","Succeeding"
"GM","35-44",5,"6+","3_Not Close","a few times a month",5,"Yes","several days a week",108.4,"Above 25","Succeeding"
"GM","25-34",15,"3","3_Not Close","a few times a month",5,"Yes","once a week",136.1,"Above 25","Succeeding"
"GM","25-34",15,"2","2_Very Close to Some","a few times a month",5,"Yes","several days a week",108.2,"Above 25","Succeeding"
"GM","35-44",17,"4","2_Very Close to Some","a few times a month",5,"Yes","rarely/never",165,"Above 25","Succeeding"
"GM","25-34",12,"4","3_Not Close","a few times a month",5,"Yes","several days a week",-32.9,"Above 25","Struggling"
"GM","35-44",15,"3","2_Very Close to Some","a few times a month",5,"Yes","rarely/never",-14.6,"Above 25","Struggling"
"GM","45-54",15,"6+","2_Very Close to Some","a few times a month",5,"Yes","rarely/never",-100,"Above 25","Struggling"
"GM","25-34",15,"1","2_Very Close to Some","a few times a month",5,"Yes","rarely/never",106.8,"Above 25","Succeeding"
"GM","55-64",15,"4","1_Very Close to Most","a few times a month",5,"Yes","a few times a month",136.1,"Above 25","Succeeding"
"GM","25-34",14,"2","2_Very Close to Some","a few times a month",5,"Yes","once a day",181.7,"Above 25","Succeeding"
"GM","21-24",NA,"3","1_Very Close to Most","a few times a month",5,"Yes","rarely/never",165,"20","Succeeding"
"GM","25-34",15,"1","5_Dont Have Family","a few times a month",5,"Yes","several days a week",169,"Above 25","Succeeding"
"GM","25-34",12,"1","1_Very Close to Most","a few times a month",5,"Yes","rarely/never",103,"Above 25","Succeeding"
"GM","35-44",14,"5","2_Very Close to Some","a few times a month",5,"Yes","several days a week",127.9,"Above 25","Succeeding"
"GM","45-54",14,"6+","1_Very Close to Most","a few times a month",5,"Yes","several days a week",175.1,"Above 25","Succeeding"
"GM","16-20",12,"5","3_Not Close","a few times a month",5,"Yes","rarely/never",105.3,"17","Succeeding"
"GM","25-34",15,"3","2_Very Close to Some","a few times a month",5,"Yes","rarely/never",100.4,"Above 25","Succeeding"
"GM","35-44",15,"6+","1_Very Close to Most","a few times a month",5,"Yes","rarely/never",135,"Above 25","Succeeding"
"GM","25-34",15,"3","1_Very Close to Most","a few times a month",5,"Yes","once a week",195.4,"Above 25","Succeeding"
"GM","21-24",12,"2","1_Very Close to Most","a few times a month",5,"Yes","once a week",152.9,"18","Succeeding"
"GM","25-34",NA,"4","2_Very Close to Some","a few times a month",5,"Yes","several days a week",155.1,"Above 25","Succeeding"
"GM","25-34",14,"4","2_Very Close to Some","a few times a month",5,"Yes","once a week",138.4,"Above 25","Succeeding"
"GM","25-34",12,"3","2_Very Close to Some","a few times a month",5,"Yes","once a day",134.8,"Above 25","Succeeding"
"GM","35-44",14,"6+","2_Very Close to Some","a few times a month",5,"Yes","once a week",-6.8,"Above 25","Struggling"
"GM","25-34",15,"6+","2_Very Close to Some","a few times a month",5,"Yes","a few times a month",174.1,"Above 25","Succeeding"
"GM","25-34",12,"1","3_Not Close","a few times a month",5,"Yes","rarely/never",-6,"Above 25","Struggling"
"GM","65+",17,"4","1_Very Close to Most","a few times a month",5,"Yes","several days a week",166.5,"Above 25","Succeeding"
"GM","21-24",8,"6+","2_Very Close to Some","a few times a month",5,"Yes","rarely/never",154.4,"16","Succeeding"
"GM","65+",15,"6+","5_Dont Have Family","a few times a month",5,"Yes","rarely/never",129.3,"Above 25","Succeeding"
"GM","16-20",12,"6+","1_Very Close to Most","a few times a month",5,"Yes","rarely/never",-2.5,"18","Struggling"
"GM","45-54",12,"5","2_Very Close to Some","a few times a month",5,"Yes","rarely/never",-7.1,"Above 25","Struggling"
"GM","16-20",12,"6+","1_Very Close to Most","a few times a month",5,"Yes","rarely/never",166.5,"17","Succeeding"
"GM","35-44",15,"6+","1_Very Close to Most","a few times a month",5,"Yes","once a day",166.5,"Above 25","Succeeding"
"GM","16-20",12,"3","1_Very Close to Most","a few times a month",5,"Yes","rarely/never",101,"16","Succeeding"
"GM","55-64",5,"1","1_Very Close to Most","a few times a month",5,"Yes","rarely/never",123.2,"Above 25","Succeeding"
"GM","45-54",17,"2","2_Very Close to Some","a few times a month",5,"Yes","a few times a month",145.2,"Above 25","Succeeding"
"GM","45-54",15,"4","2_Very Close to Some","a few times a month",5,"Yes","once a week",174.9,"Above 25","Succeeding"
"GM","25-34",15,"5","2_Very Close to Some","a few times a month",5,"Yes","rarely/never",118.1,"Above 25","Succeeding"
"GM","25-34",12,"5","1_Very Close to Most","a few times a month",5,"Yes","rarely/never",-62.8,"Above 25","Struggling"
"GM","35-44",12,"4","3_Not Close","a few times a month",5,"Yes","a few times a month",139.9,"Above 25","Succeeding"
"GM","45-54",5,"6+","1_Very Close to Most","a few times a month",5,"Yes","several days a week",166.2,"Above 25","Succeeding"
"GM","25-34",14,"6+","1_Very Close to Most","a few times a month",5,"Yes","a few times a month",148.9,"Above 25","Succeeding"
"GM","45-54",17,"5","1_Very Close to Most","a few times a month",5,"Yes","once a week",200,"Above 25","Succeeding"
"GM","45-54",12,"6+","2_Very Close to Some","a few times a month",5,"Yes","several days a week",147.5,"Above 25","Succeeding"
"GM","25-34",15,"6+","1_Very Close to Most","a few times a month",5,"Yes","several days a week",138.4,"Above 25","Succeeding"
"GM","25-34",5,"3","2_Very Close to Some","a few times a month",5,"Yes","several days a week",147.5,"Above 25","Succeeding"
"GM","35-44",12,"4","3_Not Close","a few times a month",5,"Yes","several days a week",155.9,"Above 25","Succeeding"
"GM","65+",17,"6+","3_Not Close","a few times a month",5,"Yes","a few times a month",-73.7,"Above 25","Struggling"
"GM","65+",17,"6+","1_Very Close to Most","a few times a month",5,"Yes","a few times a month",-0.9,"Above 25","Struggling"
"GM","65+",17,"6+","1_Very Close to Most","a few times a month",5,"Yes","rarely/never",-0.9,"Above 25","Struggling"
"GM","25-34",15,"6+","3_Not Close","a few times a month",5,"Yes","several days a week",125.5,"Above 25","Succeeding"
"GM","45-54",5,"6+","2_Very Close to Some","a few times a month",5,"Yes","once a day",181.7,"Above 25","Succeeding"
"GM","35-44",15,"4","2_Very Close to Some","a few times a month",5,"Yes","once a day",165.8,"Above 25","Succeeding"
"GM","35-44",14,"3","1_Very Close to Most","a few times a month",5,"Yes","several days a week",170.3,"Above 25","Succeeding"
"GM","21-24",12,"4","2_Very Close to Some","a few times a month",5,"Yes","several days a week",196.2,"12","Succeeding"
"GM","25-34",8,"4","3_Not Close","a few times a month",5,"Yes","several days a week",-11.6,"Above 25","Struggling"
"GM","45-54",8,"4","3_Not Close","a few times a month",5,"Yes","once a day",158.2,"Above 25","Succeeding"
"GM","25-34",8,"5","2_Very Close to Some","a few times a month",5,"Yes","rarely/never",-44.2,"Above 25","Struggling"
"GM","35-44",15,"3","1_Very Close to Most","a few times a month",5,"Yes","once a week",190.9,"Above 25","Succeeding"
"GM","25-34",15,"3","1_Very Close to Most","a few times a month",5,"Yes","rarely/never",-59.8,"Above 25","Struggling"
"GM","21-24",12,"5","2_Very Close to Some","a few times a month",5,"Yes","rarely/never",149.8,"17","Succeeding"
"GM","55-64",5,"6+","1_Very Close to Most","a few times a month",5,"Yes","once a week",136.1,"Above 25","Succeeding"
"GM","25-34",12,"2","1_Very Close to Most","a few times a month",5,"Yes","once a day",162.7,"Above 25","Succeeding"
"GM","16-20",17,"6+","1_Very Close to Most","a few times a month",5,"Yes","rarely/never",136.1,"17","Succeeding"
"GM","16-20",12,"5","1_Very Close to Most","a few times a month",5,"Yes","once a week",129.3,"≤10","Succeeding"
"GM","35-44",17,"5","1_Very Close to Most","a few times a month",5,"Yes","once a day",162.7,"Above 25","Succeeding"
"GM","25-34",15,"4","2_Very Close to Some","a few times a month",5,"Yes","rarely/never",-18.9,"Above 25","Struggling"
"GM","25-34",15,"4","2_Very Close to Some","a few times a month",5,"Yes","a few times a month",-18.9,"Above 25","Struggling"
"GM","65+",17,"1","1_Very Close to Most","a few times a month",5,"Yes","rarely/never",152.9,"Above 25","Succeeding"
"GM","25-34",5,"6+","1_Very Close to Most","a few times a month",5,"Yes","rarely/never",120.9,"Above 25","Succeeding"
"GM","21-24",14,"1","3_Not Close","a few times a month",5,"Yes","several days a week",152.9,"21-25","Succeeding"
"GM","25-34",12,"6+","2_Very Close to Some","a few times a month",5,"Yes","once a week",-14.2,"Above 25","Struggling"
"GM","25-34",15,"0","6_Prefer Not to Say","a few times a month",5,"Yes","rarely/never",-6.3,"Above 25","Struggling"
"GM","65+",17,"5","1_Very Close to Most","a few times a month",5,"Yes","once a day",133.8,"Above 25","Succeeding"
"GM","55-64",15,"5","2_Very Close to Some","a few times a month",5,"Yes","once a week",181,"Above 25","Succeeding"
"GM","35-44",12,"2","2_Very Close to Some","a few times a month",5,"Yes","rarely/never",127,"Above 25","Succeeding"
"GM","55-64",15,"6+","1_Very Close to Most","a few times a month",5,"Yes","rarely/never",114.4,"Above 25","Succeeding"
"GM","16-20",12,"3","1_Very Close to Most","a few times a month",5,"No","rarely/never",-41.3,"Do not Own","Struggling"
"GM","21-24",15,"6+","2_Very Close to Some","a few times a month",5,"Yes","a few times a month",149,"21-25","Succeeding"
"GM","55-64",14,"5","1_Very Close to Most","a few times a month",5,"Yes","once a week",155.9,"Above 25","Succeeding"
"GM","25-34",14,"2","1_Very Close to Most","a few times a month",5,"Yes","several days a week",189.4,"Above 25","Succeeding"
"GM","55-64",17,"6+","1_Very Close to Most","a few times a month",5,"Yes","once a week",158.2,"Above 25","Succeeding"
"GM","21-24",5,"3","1_Very Close to Most","a few times a month",5,"Yes","several days a week",200,"20","Succeeding"
"GM","16-20",12,"6+","1_Very Close to Most","a few times a month",5,"Yes","once a day",200,"20","Succeeding"
"GM","35-44",12,"3","1_Very Close to Most","a few times a month",5,"Yes","several days a week",180.2,"Above 25","Succeeding"
"GM","55-64",15,"2","5_Dont Have Family","a few times a month",5,"Yes","rarely/never",120,"Above 25","Succeeding"
"GM","35-44",12,"4","3_Not Close","a few times a month",5,"Yes","rarely/never",130.8,"Above 25","Succeeding"
"GM","45-54",17,"2","2_Very Close to Some","a few times a month",5,"Yes","rarely/never",145.2,"Above 25","Succeeding"
"GM","45-54",15,"5","2_Very Close to Some","a few times a month",5,"Yes","rarely/never",152.1,"Above 25","Succeeding"
"GM","21-24",NA,"6+","1_Very Close to Most","a few times a month",5,"Yes","once a day",127,"16","Succeeding"
"GM","25-34",12,"5","2_Very Close to Some","a few times a month",5,"Yes","rarely/never",128.9,"Above 25","Succeeding"
"GM","65+",17,"4","2_Very Close to Some","a few times a month",5,"Yes","once a week",130.8,"Above 25","Succeeding"
"GM","25-34",14,"5","2_Very Close to Some","a few times a month",5,"Yes","rarely/never",153.6,"Above 25","Succeeding"
"GM","25-34",15,"6+","3_Not Close","a few times a month",5,"Yes","a few times a month",-1.8,"Above 25","Struggling"
"GM","25-34",15,"6+","3_Not Close","a few times a month",5,"Yes","rarely/never",-1.8,"Above 25","Struggling"
"GM","21-24",12,"2","1_Very Close to Most","a few times a month",5,"Yes","once a day",122.1,"17","Succeeding"
"GM","45-54",15,"2","2_Very Close to Some","a few times a month",5,"Yes","once a week",153.6,"Above 25","Succeeding"
"GM","25-34",14,"4","1_Very Close to Most","a few times a month",5,"Yes","several days a week",-28.9,"Above 25","Struggling"
"GM","25-34",5,"4","2_Very Close to Some","a few times a month",5,"Yes","rarely/never",-33,"Above 25","Struggling"
"GM","65+",14,"3","1_Very Close to Most","a few times a month",5,"Yes","rarely/never",161.2,"Above 25","Succeeding"
"GM","35-44",15,"6+","4_Dont Get Along","a few times a month",5,"Yes","once a week",-1.2,"Above 25","Struggling"
"GM","35-44",5,"5","1_Very Close to Most","a few times a month",5,"Yes","rarely/never",133.8,"Above 25","Succeeding"
"GM","35-44",15,"5","1_Very Close to Most","a few times a month",5,"Yes","several days a week",162.2,"Above 25","Succeeding"
"GM","45-54",15,"4","2_Very Close to Some","a few times a month",5,"Yes","several days a week",167.3,"Above 25","Succeeding"
"GM","25-34",15,"2","1_Very Close to Most","a few times a month",5,"Yes","once a week",100.6,"Above 25","Succeeding"
"GM","25-34",14,"5","2_Very Close to Some","a few times a month",5,"Yes","rarely/never",175.7,"Above 25","Succeeding"
"GM","35-44",15,"6+","2_Very Close to Some","a few times a month",5,"Yes","several days a week",154.4,"Above 25","Succeeding"
"GM","55-64",5,"2","2_Very Close to Some","a few times a month",5,"No","several days a week",-9.5,"Above 25","Struggling"
"GM","25-34",5,"6+","2_Very Close to Some","a few times a month",5,"Yes","rarely/never",-19.6,"Above 25","Struggling"
"GM","25-34",5,"5","1_Very Close to Most","a few times a month",5,"Yes","rarely/never",-45.2,"Above 25","Struggling"
"GM","25-34",15,"3","2_Very Close to Some","a few times a month",5,"Yes","rarely/never",130,"Above 25","Succeeding"
"GM","25-34",12,"4","1_Very Close to Most","a few times a month",5,"Yes","rarely/never",-17.7,"Above 25","Struggling"
"GM","35-44",15,"5","1_Very Close to Most","a few times a month",5,"Yes","a few times a month",163.5,"Above 25","Succeeding"
"GM","25-34",15,"6+","2_Very Close to Some","a few times a month",5,"Yes","rarely/never",120.2,"Above 25","Succeeding"
"GM","25-34",12,"5","2_Very Close to Some","a few times a month",5,"Yes","a few times a month",128.9,"Above 25","Succeeding"
"GM","25-34",12,"4","1_Very Close to Most","a few times a month",5,"Yes","rarely/never",107.2,"Above 25","Succeeding"
"GM","55-64",NA,"6+","1_Very Close to Most","a few times a month",5,"Yes","several days a week",102.7,"Above 25","Succeeding"
"GM","25-34",14,"2","1_Very Close to Most","a few times a month",5,"Yes","several days a week",155.9,"Above 25","Succeeding"
"GM","35-44",8,"6+","1_Very Close to Most","a few times a month",5,"Yes","rarely/never",104.9,"Above 25","Succeeding"
"GM","21-24",12,"3","2_Very Close to Some","a few times a month",5,"Yes","a few times a month",111.6,"21-25","Succeeding"
"GM","16-20",12,"6+","2_Very Close to Some","a few times a month",5,"Yes","rarely/never",104.9,"16","Succeeding"
"GM","21-24",NA,"6+","1_Very Close to Most","a few times a month",5,"Yes","several days a week",174.9,"21-25","Succeeding"
"GM","16-20",12,"6+","1_Very Close to Most","a few times a month",5,"Yes","a few times a month",166.5,"17","Succeeding"
"GM","65+",14,"6+","2_Very Close to Some","a few times a month",5,"Yes","several days a week",167.7,"Above 25","Succeeding"
"GM","25-34",15,"4","1_Very Close to Most","a few times a month",5,"Yes","once a week",138.4,"Above 25","Succeeding"
"GM","45-54",20,"5","1_Very Close to Most","a few times a month",5,"Yes","a few times a month",136.9,"Above 25","Succeeding"
"GM","25-34",NA,"6+","3_Not Close","a few times a month",5,"Yes","a few times a month",139.9,"Above 25","Succeeding"
"GM","35-44",15,"4","3_Not Close","a few times a month",5,"Yes","rarely/never",129.5,"Above 25","Succeeding"
"GM","55-64",5,"6+","1_Very Close to Most","a few times a month",5,"Yes","a few times a month",147.5,"Above 25","Succeeding"
"GM","35-44",14,"5","1_Very Close to Most","a few times a month",5,"Yes","once a day",176.4,"Above 25","Succeeding"
"GM","35-44",15,"6+","2_Very Close to Some","a few times a month",5,"Yes","once a week",178.7,"Above 25","Succeeding"
"GM","35-44",15,"6+","1_Very Close to Most","a few times a month",5,"Yes","several days a week",130.8,"Above 25","Succeeding"
"GM","35-44",5,"5","1_Very Close to Most","a few times a month",5,"Yes","once a week",-57.9,"Above 25","Struggling"
"GM","21-24",12,"6+","1_Very Close to Most","a few times a month",5,"Yes","several days a week",175.7,"19","Succeeding"
"GM","35-44",14,"6+","1_Very Close to Most","a few times a month",5,"Yes","once a week",113.3,"Above 25","Succeeding"
"GM","45-54",5,"6+","2_Very Close to Some","a few times a month",5,"Yes","once a week",118.8,"Above 25","Succeeding"
"GM","25-34",15,"3","2_Very Close to Some","a few times a month",5,"Yes","a few times a month",145.2,"Above 25","Succeeding"
"GM","25-34",15,"1","1_Very Close to Most","a few times a month",5,"Yes","several days a week",-35.9,"Above 25","Struggling"
"GM","21-24",12,"3","1_Very Close to Most","a few times a month",5,"Yes","a few times a month",-15.8,"20","Struggling"
"GM","35-44",15,"1","1_Very Close to Most","a few times a month",5,"Yes","several days a week",149.8,"Above 25","Succeeding"
"GM","35-44",12,"5","1_Very Close to Most","a few times a month",5,"Yes","rarely/never",105.9,"Above 25","Succeeding"
"GM","21-24",NA,"6+","3_Not Close","a few times a month",5,"Yes","once a day",-6.2,"16","Struggling"
"GM","25-34",5,"5","3_Not Close","a few times a month",5,"Yes","a few times a month",-17,"Above 25","Struggling"
"GM","25-34",14,"3","1_Very Close to Most","a few times a month",5,"Yes","once a day",125.1,"Above 25","Succeeding"
"GM","25-34",12,"5","1_Very Close to Most","a few times a month",5,"Yes","once a week",135.2,"Above 25","Succeeding"
"GM","55-64",15,"5","2_Very Close to Some","a few times a month",5,"Yes","a few times a month",-24.9,"Above 25","Struggling"
"GM","35-44",5,"5","1_Very Close to Most","a few times a month",5,"Yes","rarely/never",137.8,"Above 25","Succeeding"
"GM","65+",17,"2","3_Not Close","a few times a month",5,"Yes","once a day",171.3,"Above 25","Succeeding"
"GM","65+",15,"4","3_Not Close","a few times a month",5,"Yes","several days a week",126.2,"Above 25","Succeeding"
"GM","35-44",15,"6+","1_Very Close to Most","a few times a month",5,"Yes","several days a week",192.4,"Above 25","Succeeding"
"GM","65+",17,"1","2_Very Close to Some","a few times a month",5,"Yes","several days a week",152.1,"Above 25","Succeeding"
"GM","35-44",12,"1","3_Not Close","a few times a month",5,"Yes","once a week",126.6,"Above 25","Succeeding"
"GM","25-34",15,"3","1_Very Close to Most","a few times a month",5,"Yes","once a day",167.7,"Above 25","Succeeding"
"GM","16-20",12,"4","3_Not Close","a few times a month",5,"Yes","a few times a month",-36.5,"15","Struggling"
"GM","21-24",15,"6+","5_Dont Have Family","a few times a month",5,"Yes","once a week",105.1,"19","Succeeding"
"GM","65+",15,"6+","5_Dont Have Family","a few times a month",5,"Yes","a few times a month",129.3,"Above 25","Succeeding"
"GM","21-24",12,"5","5_Dont Have Family","a few times a month",5,"Yes","rarely/never",-61.6,"≤10","Struggling"
"GM","25-34",14,"6+","2_Very Close to Some","a few times a month",5,"Yes","rarely/never",136.1,"Above 25","Succeeding"
"GM","65+",15,"6+","1_Very Close to Most","a few times a month",5,"Yes","several days a week",121.7,"Above 25","Succeeding"
"GM","65+",14,"3","1_Very Close to Most","a few times a month",5,"Yes","once a week",114.8,"Above 25","Succeeding"
"GM","45-54",12,"5","1_Very Close to Most","a few times a month",5,"Yes","a few times a month",-82.3,"Above 25","Struggling"
"GM","21-24",14,"6+","1_Very Close to Most","a few times a month",5,"Yes","rarely/never",110.5,"18","Succeeding"
"GM","21-24",12,"2","1_Very Close to Most","a few times a month",5,"Yes","several days a week",160.5,"19","Succeeding"
"GM","25-34",12,"3","1_Very Close to Most","a few times a month",5,"Yes","once a week",169.8,"Above 25","Succeeding"
"GM","35-44",8,"3","5_Dont Have Family","a few times a month",5,"No","once a day",-9.3,"Above 25","Struggling"
"GM","25-34",12,"5","2_Very Close to Some","a few times a month",5,"Yes","rarely/never",-63.3,"Above 25","Struggling"
"GM","45-54",12,"6+","1_Very Close to Most","a few times a month",5,"Yes","once a week",197,"Above 25","Succeeding"
"GM","25-34",12,"6+","3_Not Close","a few times a month",5,"Yes","a few times a month",-9.8,"Above 25","Struggling"
"GM","25-34",12,"5","1_Very Close to Most","a few times a month",5,"Yes","several days a week",188.6,"Above 25","Succeeding"
"GM","65+",14,"6+","3_Not Close","a few times a month",5,"Yes","once a week",-12.8,"Above 25","Struggling"
"GM","65+",17,"3","1_Very Close to Most","a few times a month",5,"Yes","several days a week",138,"Above 25","Succeeding"
"GM","35-44",17,"5","1_Very Close to Most","a few times a month",5,"Yes","several days a week",137.1,"Above 25","Succeeding"
"GM","21-24",NA,"5","1_Very Close to Most","a few times a month",5,"Yes","rarely/never",101.9,"≤10","Succeeding"
"GM","55-64",12,"1","1_Very Close to Most","a few times a month",5,"Yes","once a week",107.6,"Above 25","Succeeding"
"GM","55-64",17,"4","1_Very Close to Most","a few times a month",5,"Yes","rarely/never",161.2,"Above 25","Succeeding"
"GM","21-24",12,"0","3_Not Close","a few times a month",5,"Yes","several days a week",117.9,"18","Succeeding"
"GM","65+",15,"6+","2_Very Close to Some","a few times a month",5,"Yes","once a day",166.5,"Above 25","Succeeding"
"GM","25-34",14,"1","3_Not Close","a few times a month",5,"Yes","once a day",-33.1,"Above 25","Struggling"
"GM","35-44",15,"1","1_Very Close to Most","a few times a month",5,"Yes","once a day",177.9,"Above 25","Succeeding"
"GM","55-64",17,"2","1_Very Close to Most","a few times a month",5,"Yes","rarely/never",-4.1,"Above 25","Struggling"
"GM","55-64",15,"5","1_Very Close to Most","a few times a month",5,"Yes","several days a week",-14.6,"Above 25","Struggling"
"GM","21-24",12,"3","2_Very Close to Some","a few times a month",5,"Yes","rarely/never",109.5,"19","Succeeding"
"GM","35-44",15,"5","1_Very Close to Most","a few times a month",5,"Yes","rarely/never",120.2,"Above 25","Succeeding"
"GM","25-34",15,"3","2_Very Close to Some","a few times a month",5,"Yes","a few times a month",130,"Above 25","Succeeding"
"GM","25-34",17,"3","2_Very Close to Some","a few times a month",5,"Yes","rarely/never",118.6,"Above 25","Succeeding"
"GM","55-64",14,"2","2_Very Close to Some","a few times a month",5,"Yes","several days a week",-7.8,"Above 25","Struggling"
"GM","65+",17,"1","1_Very Close to Most","a few times a month",5,"Yes","a few times a month",152.9,"Above 25","Succeeding"
"GM","35-44",15,"6+","2_Very Close to Some","a few times a month",5,"Yes","rarely/never",-18.4,"Above 25","Struggling"
"GM","45-54",17,"2","6_Prefer Not to Say","a few times a month",5,"Yes","once a week",115.2,"Above 25","Succeeding"
"GM","21-24",14,"0","3_Not Close","a few times a month",5,"Yes","several days a week",109.9,"21-25","Succeeding"
"GM","21-24",15,"3","1_Very Close to Most","a few times a month",5,"Yes","once a week",176.4,"20","Succeeding"
"GM","55-64",15,"2","5_Dont Have Family","a few times a month",5,"Yes","a few times a month",120,"Above 25","Succeeding"
"GM","25-34",14,"1","2_Very Close to Some","a few times a month",5,"Yes","several days a week",-33.4,"Above 25","Struggling"
"GM","21-24",12,"3","2_Very Close to Some","a few times a month",5,"Yes","rarely/never",111.6,"21-25","Succeeding"
"GM","25-34",14,"6+","1_Very Close to Most","a few times a month",5,"Yes","rarely/never",170.3,"Above 25","Succeeding"
"GM","21-24",12,"6+","1_Very Close to Most","a few times a month",5,"Yes","a few times a month",155.1,"18","Succeeding"
"GM","35-44",15,"5","2_Very Close to Some","a few times a month",5,"Yes","rarely/never",161.8,"Above 25","Succeeding"
"GM","25-34",15,"4","1_Very Close to Most","a few times a month",5,"Yes","a few times a month",130.8,"Above 25","Succeeding"
"GM","65+",15,"4","1_Very Close to Most","a few times a month",5,"Yes","several days a week",140.7,"Above 25","Succeeding"
"GM","35-44",12,"5","2_Very Close to Some","a few times a month",5,"Yes","once a week",157.4,"Above 25","Succeeding"
"GM","35-44",15,"6+","2_Very Close to Some","a few times a month",5,"Yes","a few times a month",-18.4,"Above 25","Struggling"
"GM","65+",17,"6+","3_Not Close","a few times a month",5,"Yes","rarely/never",-73.7,"Above 25","Struggling"
"GM","25-34",12,"6+","3_Not Close","a few times a month",5,"Yes","rarely/never",-9.8,"Above 25","Struggling"
"GM","55-64",17,"2","2_Very Close to Some","a few times a month",5,"Yes","once a week",114.1,"Above 25","Succeeding"
"GM","45-54",14,"6+","3_Not Close","a few times a month",5,"Yes","several days a week",157.4,"Above 25","Succeeding"
"GM","35-44",17,"5","1_Very Close to Most","a few times a month",5,"Yes","rarely/never",149,"Above 25","Succeeding"
"GM","35-44",15,"6+","1_Very Close to Most","a few times a month",5,"Yes","rarely/never",143,"Above 25","Succeeding"
"GM","25-34",15,"2","2_Very Close to Some","a few times a month",5,"Yes","rarely/never",104.2,"Above 25","Succeeding"
"GM","25-34",14,"3","2_Very Close to Some","a few times a month",5,"Yes","several days a week",-42.7,"Above 25","Struggling"
"GM","35-44",15,"6+","1_Very Close to Most","a few times a month",5,"Yes","a few times a month",143,"Above 25","Succeeding"
"GM","65+",15,"2","1_Very Close to Most","rarely/never",1,"Yes","rarely/never",173.4,"Above 25","Succeeding"
"GM","45-54",15,"5","1_Very Close to Most","rarely/never",1,"Yes","several days a week",181,"Above 25","Succeeding"
"GM","55-64",12,"5","2_Very Close to Some","rarely/never",1,"Yes","rarely/never",-12.3,"Above 25","Struggling"
"GM","35-44",14,"0","1_Very Close to Most","rarely/never",1,"Yes","several days a week",177.2,"Above 25","Succeeding"
"GM","45-54",15,"3","6_Prefer Not to Say","rarely/never",1,"Yes","once a day",146.8,"Above 25","Succeeding"
"GM","45-54",15,"5","2_Very Close to Some","rarely/never",1,"Yes","several days a week",137.1,"Above 25","Succeeding"
"GM","45-54",15,"6+","3_Not Close","rarely/never",1,"Yes","once a day",112.2,"Above 25","Succeeding"
"GM","25-34",8,"6+","2_Very Close to Some","rarely/never",1,"Yes","rarely/never",101.3,"Above 25","Succeeding"
"GM","25-34",8,"6+","2_Very Close to Some","rarely/never",1,"Yes","a few times a month",101.3,"Above 25","Succeeding"
"GM","21-24",NA,"4","1_Very Close to Most","rarely/never",1,"Yes","rarely/never",128.5,"16","Succeeding"
"GM","45-54",17,"6+","1_Very Close to Most","rarely/never",1,"Yes","once a week",-10.5,"Above 25","Struggling"
"GM","25-34",5,"6+","6_Prefer Not to Say","rarely/never",1,"Yes","rarely/never",160.5,"Above 25","Succeeding"
"GM","35-44",17,"6+","2_Very Close to Some","rarely/never",1,"Yes","a few times a month",101.5,"Above 25","Succeeding"
"GM","35-44",15,"5","1_Very Close to Most","rarely/never",1,"Yes","rarely/never",-42,"Above 25","Struggling"
"GM","55-64",17,"6+","1_Very Close to Most","rarely/never",1,"Yes","several days a week",162.7,"Above 25","Succeeding"
"GM","35-44",15,"6+","1_Very Close to Most","rarely/never",1,"Yes","once a day",200,"Above 25","Succeeding"
"GM","21-24",12,"6+","2_Very Close to Some","rarely/never",1,"Yes","rarely/never",-22.4,"19","Struggling"
"GM","35-44",NA,"3","1_Very Close to Most","rarely/never",1,"Yes","several days a week",171.9,"Above 25","Succeeding"
"GM","65+",17,"6+","2_Very Close to Some","rarely/never",1,"Yes","several days a week",141.8,"Above 25","Succeeding"
"GM","25-34",NA,"5","6_Prefer Not to Say","rarely/never",1,"Yes","rarely/never",-10.4,"Above 25","Struggling"
"GM","35-44",NA,"6+","2_Very Close to Some","rarely/never",1,"Yes","once a day",-41.9,"Above 25","Struggling"
"GM","65+",15,"3","1_Very Close to Most","rarely/never",1,"Yes","once a day",198.5,"Above 25","Succeeding"
"GM","55-64",14,"4","1_Very Close to Most","rarely/never",1,"Yes","rarely/never",125.5,"Above 25","Succeeding"
"GM","25-34",15,"3","2_Very Close to Some","rarely/never",1,"Yes","rarely/never",156.3,"Above 25","Succeeding"
"GM","55-64",17,"4","1_Very Close to Most","rarely/never",1,"Yes","a few times a month",121.3,"Above 25","Succeeding"
"GM","55-64",20,"5","2_Very Close to Some","rarely/never",1,"Yes","several days a week",155.9,"Above 25","Succeeding"
"GM","45-54",15,"4","1_Very Close to Most","rarely/never",1,"Yes","several days a week",-79.1,"Above 25","Struggling"
"GM","35-44",15,"3","2_Very Close to Some","rarely/never",1,"Yes","once a week",100.4,"Above 25","Succeeding"
"GM","35-44",20,"3","2_Very Close to Some","rarely/never",1,"Yes","several days a week",130,"Above 25","Succeeding"
"GM","65+",20,"1","3_Not Close","rarely/never",1,"Yes","once a week",155.5,"Above 25","Succeeding"
"GM","65+",12,"3","1_Very Close to Most","rarely/never",1,"Yes","once a day",160.5,"Above 25","Succeeding"
"GM","21-24",8,"5","1_Very Close to Most","rarely/never",1,"Yes","a few times a month",138.4,"20","Succeeding"
"GM","35-44",15,"3","1_Very Close to Most","rarely/never",1,"Yes","rarely/never",139.2,"Above 25","Succeeding"
"GM","65+",20,"5","1_Very Close to Most","rarely/never",1,"Yes","a few times a month",174.1,"Above 25","Succeeding"
"GM","55-64",17,"4","1_Very Close to Most","rarely/never",1,"Yes","rarely/never",121.3,"Above 25","Succeeding"
"GM","55-64",17,"3","1_Very Close to Most","rarely/never",1,"Yes","several days a week",109.5,"Above 25","Succeeding"
"GM","35-44",14,"4","1_Very Close to Most","rarely/never",1,"Yes","rarely/never",181.7,"Above 25","Succeeding"
"GM","65+",NA,"1","3_Not Close","rarely/never",1,"Yes","several days a week",177.9,"Above 25","Succeeding"
"GM","45-54",15,"6+","6_Prefer Not to Say","rarely/never",1,"Yes","once a day",171.9,"Above 25","Succeeding"
"GM","35-44",17,"6+","2_Very Close to Some","rarely/never",1,"Yes","rarely/never",101.5,"Above 25","Succeeding"
"GM","45-54",15,"6+","1_Very Close to Most","rarely/never",1,"Yes","once a week",168.8,"Above 25","Succeeding"
"GM","55-64",12,"6+","6_Prefer Not to Say","rarely/never",1,"Yes","several days a week",-2.6,"Above 25","Struggling"
"GM","65+",12,"6+","1_Very Close to Most","rarely/never",1,"Yes","once a week",147.5,"Above 25","Succeeding"
"GM","55-64",8,"3","1_Very Close to Most","rarely/never",1,"Yes","once a week",168.8,"Above 25","Succeeding"
"GM","35-44",17,"0","2_Very Close to Some","rarely/never",1,"Yes","once a day",-80.8,"Above 25","Struggling"
"GM","55-64",14,"3","2_Very Close to Some","rarely/never",1,"Yes","rarely/never",150.6,"Above 25","Succeeding"
"GM","35-44",14,"4","1_Very Close to Most","rarely/never",1,"Yes","once a day",-40.1,"Above 25","Struggling"
"GM","35-44",NA,"3","3_Not Close","rarely/never",1,"Yes","rarely/never",-14.6,"Above 25","Struggling"
"GM","25-34",15,"2","2_Very Close to Some","rarely/never",1,"Yes","a few times a month",193.2,"Above 25","Succeeding"
"GM","65+",20,"3","1_Very Close to Most","rarely/never",1,"Yes","rarely/never",168.8,"Above 25","Succeeding"
"GM","21-24",12,"2","1_Very Close to Most","rarely/never",1,"Yes","several days a week",141.8,"21-25","Succeeding"
"GM","21-24",15,"3","2_Very Close to Some","rarely/never",1,"Yes","once a day",-79.6,"18","Struggling"
"GM","65+",17,"6+","1_Very Close to Most","rarely/never",1,"Yes","once a week",-8.3,"Above 25","Struggling"
"GM","65+",17,"2","1_Very Close to Most","rarely/never",1,"Yes","several days a week",-5.7,"Above 25","Struggling"
"GM","35-44",17,"6+","3_Not Close","rarely/never",1,"Yes","rarely/never",155.9,"Above 25","Succeeding"
"GM","65+",15,"3","1_Very Close to Most","rarely/never",1,"Yes","once a day",163.9,"Above 25","Succeeding"
"GM","65+",20,"5","1_Very Close to Most","rarely/never",1,"Yes","rarely/never",174.1,"Above 25","Succeeding"
"GM","25-34",15,"2","1_Very Close to Most","rarely/never",1,"Yes","once a week",150,"Above 25","Succeeding"
"GM","45-54",17,"4","2_Very Close to Some","rarely/never",1,"Yes","once a week",123.6,"Above 25","Succeeding"
"GM","65+",17,"3","1_Very Close to Most","rarely/never",1,"Yes","several days a week",165,"Above 25","Succeeding"
"GM","21-24",8,"5","1_Very Close to Most","rarely/never",1,"Yes","rarely/never",138.4,"20","Succeeding"
"GM","65+",20,"6+","1_Very Close to Most","rarely/never",1,"Yes","once a day",145.2,"Above 25","Succeeding"
"GM","55-64",12,"3","6_Prefer Not to Say","rarely/never",1,"Yes","rarely/never",-79.8,"Above 25","Struggling"
"GM","45-54",17,"4","1_Very Close to Most","rarely/never",1,"Yes","several days a week",193.2,"Above 25","Succeeding"
"GM","55-64",14,"3","2_Very Close to Some","rarely/never",1,"Yes","a few times a month",150.6,"Above 25","Succeeding"
"GM","45-54",NA,"6+","1_Very Close to Most","rarely/never",1,"Yes","rarely/never",165.4,"Above 25","Succeeding"
"GM","55-64",14,"6+","1_Very Close to Most","rarely/never",1,"Yes","several days a week",167.3,"Above 25","Succeeding"
"GM","65+",17,"1","2_Very Close to Some","rarely/never",1,"Yes","several days a week",155.1,"Above 25","Succeeding"
"GM","65+",17,"1","1_Very Close to Most","rarely/never",1,"Yes","several days a week",181.7,"Above 25","Succeeding"
"GM","16-20",12,"3","1_Very Close to Most","rarely/never",1,"Yes","rarely/never",136.5,"16","Succeeding"
"GM","25-34",15,"3","2_Very Close to Some","rarely/never",1,"Yes","a few times a month",156.3,"Above 25","Succeeding"
"GM","65+",15,"3","1_Very Close to Most","rarely/never",1,"Yes","once a day",195.4,"Above 25","Succeeding"
"GM","45-54",15,"6+","1_Very Close to Most","rarely/never",1,"Yes","once a week",130.6,"Above 25","Succeeding"
"GM","21-24",12,"3","2_Very Close to Some","rarely/never",1,"Yes","rarely/never",-24.9,"≤10","Struggling"
"GM","55-64",15,"1","2_Very Close to Some","rarely/never",1,"Yes","once a day",133.8,"Above 25","Succeeding"
"GM","65+",15,"5","1_Very Close to Most","rarely/never",1,"Yes","rarely/never",-27.2,"Above 25","Struggling"
"GM","55-64",17,"4","1_Very Close to Most","rarely/never",1,"Yes","several days a week",-1.7,"Above 25","Struggling"
"GM","16-20",8,"6+","3_Not Close","rarely/never",1,"Yes","rarely/never",-4.3,"16","Struggling"
"GM","55-64",15,"3","1_Very Close to Most","rarely/never",1,"Yes","several days a week",130,"Above 25","Succeeding"
"GM","55-64",5,"3","3_Not Close","rarely/never",1,"Yes","rarely/never",-31.4,"Above 25","Struggling"
"GM","25-34",15,"3","2_Very Close to Some","rarely/never",1,"Yes","once a day",129.5,"Above 25","Succeeding"
"GM","45-54",12,"6+","1_Very Close to Most","rarely/never",1,"Yes","once a day",177.2,"Above 25","Succeeding"
"GM","16-20",12,"6+","3_Not Close","rarely/never",1,"No","rarely/never",157.4,"Do not Own","Succeeding"
"GM","16-20",12,"6+","6_Prefer Not to Say","rarely/never",1,"Yes","rarely/never",-52.6,"18","Struggling"
"GM","45-54",14,"5","2_Very Close to Some","rarely/never",1,"Yes","rarely/never",114.1,"Above 25","Succeeding"
"GM","55-64",12,"5","1_Very Close to Most","rarely/never",1,"Yes","once a day",149.8,"Above 25","Succeeding"
"GM","65+",15,"6+","1_Very Close to Most","rarely/never",1,"Yes","rarely/never",164.4,"Above 25","Succeeding"
"GM","45-54",8,"5","2_Very Close to Some","rarely/never",1,"Yes","rarely/never",131.6,"Above 25","Succeeding"
"GM","65+",17,"2","1_Very Close to Most","rarely/never",1,"Yes","once a day",-66.6,"Above 25","Struggling"
"GM","65+",17,"5","1_Very Close to Most","rarely/never",1,"Yes","once a day",143.2,"Above 25","Succeeding"
"GM","65+",12,"5","1_Very Close to Most","rarely/never",1,"Yes","rarely/never",-13.2,"Above 25","Struggling"
"GM","65+",12,"6+","4_Dont Get Along","rarely/never",1,"Yes","once a week",166.5,"Above 25","Succeeding"
"GM","55-64",NA,"2","1_Very Close to Most","rarely/never",1,"Yes","once a day",152.1,"Above 25","Succeeding"
"GM","35-44",15,"3","2_Very Close to Some","rarely/never",1,"Yes","rarely/never",146.4,"Above 25","Succeeding"
"GM","45-54",8,"5","2_Very Close to Some","rarely/never",1,"Yes","a few times a month",131.6,"Above 25","Succeeding"
"GM","45-54",17,"6+","1_Very Close to Most","rarely/never",1,"Yes","once a day",172.6,"Above 25","Succeeding"
"GM","21-24",12,"1","1_Very Close to Most","rarely/never",1,"Yes","several days a week",174.9,"16","Succeeding"
"GM","65+",12,"0","1_Very Close to Most","rarely/never",1,"Yes","once a week",139.9,"Above 25","Succeeding"
"GM","16-20",12,"4","3_Not Close","rarely/never",1,"Yes","rarely/never",-20.3,"≤10","Struggling"
"GM","25-34",15,"4","2_Very Close to Some","rarely/never",1,"Yes","once a week",110.5,"Above 25","Succeeding"
"GM","55-64",17,"6+","2_Very Close to Some","rarely/never",1,"Yes","several days a week",153.6,"Above 25","Succeeding"
"GM","55-64",14,"4","1_Very Close to Most","rarely/never",1,"Yes","a few times a month",125.5,"Above 25","Succeeding"
"GM","45-54",14,"2","2_Very Close to Some","rarely/never",1,"Yes","several days a week",109.5,"Above 25","Succeeding"
"GM","45-54",12,"1","2_Very Close to Some","rarely/never",1,"Yes","once a day",129.7,"Above 25","Succeeding"
"GM","45-54",15,"6+","1_Very Close to Most","rarely/never",1,"Yes","a few times a month",152.1,"Above 25","Succeeding"
"GM","65+",20,"6+","1_Very Close to Most","rarely/never",1,"Yes","several days a week",143,"Above 25","Succeeding"
"GM","21-24",NA,"4","3_Not Close","rarely/never",1,"Yes","rarely/never",100.4,"16","Succeeding"
"GM","25-34",15,"1","3_Not Close","rarely/never",1,"Yes","rarely/never",119.6,"Above 25","Succeeding"
"GM","45-54",17,"6+","1_Very Close to Most","rarely/never",1,"Yes","rarely/never",125.5,"Above 25","Succeeding"
"GM","21-24",15,"2","1_Very Close to Most","rarely/never",1,"Yes","once a day",-91.8,"20","Struggling"
"GM","55-64",15,"6+","2_Very Close to Some","rarely/never",1,"Yes","once a day",151.7,"Above 25","Succeeding"
"GM","55-64",8,"6+","1_Very Close to Most","rarely/never",1,"Yes","several days a week",178.7,"Above 25","Succeeding"
"GM","45-54",17,"4","3_Not Close","rarely/never",1,"Yes","once a week",133.1,"Above 25","Succeeding"
"GM","35-44",NA,"0","6_Prefer Not to Say","rarely/never",1,"Yes","rarely/never",-29,"Above 25","Struggling"
"GM","65+",NA,"1","1_Very Close to Most","rarely/never",1,"Yes","once a day",138.4,"Above 25","Succeeding"
"GM","45-54",20,"6+","1_Very Close to Most","rarely/never",1,"Yes","several days a week",160.5,"Above 25","Succeeding"
"GM","21-24",12,"4","1_Very Close to Most","rarely/never",1,"No","rarely/never",-22.5,"Do not Own","Struggling"
"GM","65+",8,"3","1_Very Close to Most","rarely/never",1,"Yes","several days a week",160.1,"Above 25","Succeeding"
"GM","65+",15,"4","1_Very Close to Most","rarely/never",1,"Yes","several days a week",-11.1,"Above 25","Struggling"
"GM","55-64",17,"1","1_Very Close to Most","rarely/never",1,"Yes","several days a week",155.9,"Above 25","Succeeding"
"GM","35-44",15,"2","2_Very Close to Some","rarely/never",1,"Yes","once a week",139.2,"Above 25","Succeeding"
"GM","21-24",15,"1","2_Very Close to Some","rarely/never",1,"Yes","several days a week",146.8,"20","Succeeding"
"GM","65+",15,"1","1_Very Close to Most","rarely/never",1,"Yes","once a day",-71.6,"Above 25","Struggling"
"GM","65+",15,"3","1_Very Close to Most","rarely/never",1,"Yes","several days a week",-12.5,"Above 25","Struggling"
"GM","25-34",15,"2","2_Very Close to Some","rarely/never",1,"Yes","several days a week",108.4,"Above 25","Succeeding"
"GM","55-64",14,"6+","1_Very Close to Most","rarely/never",1,"Yes","once a day",192.4,"Above 25","Succeeding"
"GM","55-64",15,"4","3_Not Close","rarely/never",1,"Yes","rarely/never",135.4,"Above 25","Succeeding"
"GM","16-20",15,"1","2_Very Close to Some","rarely/never",1,"Yes","several days a week",-49.7,"16","Struggling"
"GM","55-64",17,"4","1_Very Close to Most","rarely/never",1,"Yes","several days a week",152.5,"Above 25","Succeeding"
"GM","65+",12,"3","1_Very Close to Most","rarely/never",1,"Yes","several days a week",188.6,"Above 25","Succeeding"
"GM","65+",15,"3","1_Very Close to Most","rarely/never",1,"Yes","once a day",-11.9,"Above 25","Struggling"
"GM","65+",14,"6+","2_Very Close to Some","rarely/never",1,"Yes","once a day",136.1,"Above 25","Succeeding"
"GM","65+",17,"5","2_Very Close to Some","rarely/never",1,"Yes","once a day",129.3,"Above 25","Succeeding"
"GM","25-34",20,"5","6_Prefer Not to Say","rarely/never",1,"Yes","rarely/never",-51,"Above 25","Struggling"
"GM","35-44",5,"6+","5_Dont Have Family","rarely/never",1,"No","once a day",-58.8,"Above 25","Struggling"
"GM","35-44",14,"1","2_Very Close to Some","rarely/never",1,"Yes","rarely/never",128.1,"Above 25","Succeeding"
"GM","35-44",15,"2","1_Very Close to Most","rarely/never",1,"Yes","several days a week",-12.6,"Above 25","Struggling"
"GM","45-54",20,"3","1_Very Close to Most","rarely/never",1,"Yes","several days a week",188.6,"Above 25","Succeeding"
"GM","25-34",15,"5","1_Very Close to Most","rarely/never",1,"Yes","several days a week",169.8,"Above 25","Succeeding"
"GM","55-64",15,"3","1_Very Close to Most","rarely/never",1,"Yes","once a day",-50.8,"Above 25","Struggling"
"GM","16-20",12,"0","6_Prefer Not to Say","rarely/never",1,"Yes","rarely/never",-99.7,"18","Struggling"
"GM","25-34",15,"2","3_Not Close","rarely/never",1,"Yes","once a week",-10.6,"Above 25","Struggling"
"GM","25-34",15,"6+","1_Very Close to Most","rarely/never",1,"Yes","rarely/never",-90.1,"Above 25","Struggling"
"GM","65+",12,"5","1_Very Close to Most","rarely/never",1,"Yes","several days a week",198.5,"Above 25","Succeeding"
"GM","45-54",17,"1","5_Dont Have Family","rarely/never",1,"Yes","once a day",177.2,"Above 25","Succeeding"
"GM","65+",8,"6+","2_Very Close to Some","rarely/never",1,"Yes","rarely/never",136.9,"Above 25","Succeeding"
"GM","45-54",15,"6+","1_Very Close to Most","rarely/never",1,"Yes","rarely/never",-81,"Above 25","Struggling"
"GM","65+",17,"2","2_Very Close to Some","rarely/never",1,"Yes","several days a week",125.5,"Above 25","Succeeding"
"GM","25-34",15,"2","2_Very Close to Some","rarely/never",1,"Yes","rarely/never",193.2,"Above 25","Succeeding"
"GM","55-64",17,"4","3_Not Close","rarely/never",1,"Yes","several days a week",147.9,"Above 25","Succeeding"
"GM","35-44",5,"2","2_Very Close to Some","rarely/never",1,"Yes","once a day",-29.5,"Above 25","Struggling"
"GM","35-44",17,"5","3_Not Close","rarely/never",1,"Yes","rarely/never",179.5,"Above 25","Succeeding"
"GM","25-34",15,"6+","1_Very Close to Most","rarely/never",1,"Yes","rarely/never",147.5,"Above 25","Succeeding"
"GM","45-54",14,"5","2_Very Close to Some","rarely/never",1,"Yes","a few times a month",114.1,"Above 25","Succeeding"
"GM","25-34",15,"1","4_Dont Get Along","rarely/never",1,"Yes","several days a week",139.2,"Above 25","Succeeding"
"GM","25-34",8,"6+","6_Prefer Not to Say","rarely/never",1,"Yes","once a day",-81.2,"Above 25","Struggling"
"GM","16-20",12,"5","3_Not Close","rarely/never",1,"No","rarely/never",-14.6,"Do not Own","Struggling"
"GM","65+",15,"5","1_Very Close to Most","rarely/never",1,"Yes","a few times a month",-27.2,"Above 25","Struggling"
"GM","25-34",14,"4","2_Very Close to Some","rarely/never",1,"Yes","once a day",158.2,"Above 25","Succeeding"
"GM","21-24",12,"2","3_Not Close","rarely/never",1,"Yes","once a day",-1.3,"16","Struggling"
"GM","65+",12,"1","5_Dont Have Family","rarely/never",1,"Yes","once a day",163.9,"Above 25","Succeeding"
"GM","35-44",15,"3","1_Very Close to Most","rarely/never",1,"Yes","several days a week",168.8,"Above 25","Succeeding"
"GM","25-34",14,"4","1_Very Close to Most","rarely/never",1,"Yes","rarely/never",166.5,"Above 25","Succeeding"
"GM","45-54",17,"5","1_Very Close to Most","rarely/never",1,"Yes","several days a week",172.6,"Above 25","Succeeding"
"GM","65+",15,"3","2_Very Close to Some","rarely/never",1,"Yes","several days a week",177.9,"Above 25","Succeeding"
"GM","65+",17,"3","3_Not Close","rarely/never",1,"Yes","once a day",135.4,"Above 25","Succeeding"
"GM","65+",12,"5","3_Not Close","rarely/never",1,"Yes","rarely/never",-3,"Above 25","Struggling"
"GM","65+",14,"5","3_Not Close","rarely/never",1,"Yes","several days a week",136.5,"Above 25","Succeeding"
"GM","45-54",17,"6+","1_Very Close to Most","rarely/never",1,"Yes","a few times a month",125.5,"Above 25","Succeeding"
"GM","25-34",NA,"2","2_Very Close to Some","rarely/never",1,"Yes","rarely/never",200,"Above 25","Succeeding"
"GM","65+",12,"6+","1_Very Close to Most","rarely/never",1,"Yes","once a day",141.4,"Above 25","Succeeding"
"GM","55-64",14,"6+","1_Very Close to Most","rarely/never",1,"Yes","once a day",127.6,"Above 25","Succeeding"
"GM","65+",NA,"5","2_Very Close to Some","rarely/never",1,"Yes","rarely/never",104.2,"Above 25","Succeeding"
"GM","21-24",14,"1","3_Not Close","rarely/never",1,"Yes","rarely/never",173.4,"17","Succeeding"
"GM","45-54",8,"6+","3_Not Close","rarely/never",1,"Yes","rarely/never",154.4,"Above 25","Succeeding"
"GM","65+",12,"5","2_Very Close to Some","rarely/never",1,"Yes","rarely/never",-9.8,"Above 25","Struggling"
"GM","55-64",12,"1","1_Very Close to Most","rarely/never",1,"Yes","several days a week",150.6,"Above 25","Succeeding"
"GM","35-44",14,"3","2_Very Close to Some","rarely/never",1,"Yes","once a week",140.7,"Above 25","Succeeding"
"GM","65+",17,"2","1_Very Close to Most","rarely/never",1,"Yes","rarely/never",141.4,"Above 25","Succeeding"
"GM","65+",15,"5","2_Very Close to Some","rarely/never",1,"Yes","once a week",-21.5,"Above 25","Struggling"
"GM","65+",20,"3","1_Very Close to Most","rarely/never",1,"Yes","a few times a month",168.8,"Above 25","Succeeding"
"GM","25-34",15,"2","2_Very Close to Some","rarely/never",1,"Yes","rarely/never",108,"Above 25","Succeeding"
"GM","65+",17,"5","1_Very Close to Most","rarely/never",1,"Yes","once a day",140.7,"Above 25","Succeeding"
"GM","35-44",14,"6+","1_Very Close to Most","rarely/never",1,"Yes","once a day",-65.9,"Above 25","Struggling"
"GM","65+",17,"4","1_Very Close to Most","rarely/never",1,"Yes","once a week",140.7,"Above 25","Succeeding"
"GM","45-54",15,"6+","3_Not Close","rarely/never",1,"Yes","rarely/never",-3,"Above 25","Struggling"
"GM","55-64",NA,"1","1_Very Close to Most","rarely/never",1,"Yes","once a day",193.9,"Above 25","Succeeding"
"GM","65+",17,"6+","3_Not Close","rarely/never",1,"Yes","once a day",138.4,"Above 25","Succeeding"
"GM","55-64",15,"3","3_Not Close","rarely/never",1,"Yes","rarely/never",174.9,"Above 25","Succeeding"
"GM","25-34",15,"3","3_Not Close","rarely/never",1,"Yes","rarely/never",-46.9,"Above 25","Struggling"
"GM","55-64",15,"5","2_Very Close to Some","rarely/never",1,"Yes","several days a week",110.6,"Above 25","Succeeding"
"GM","35-44",20,"3","2_Very Close to Some","rarely/never",1,"Yes","rarely/never",151.3,"Above 25","Succeeding"
"GM","16-20",12,"3","2_Very Close to Some","rarely/never",1,"Yes","once a day",-16.6,"18","Struggling"
"GM","65+",NA,"5","2_Very Close to Some","rarely/never",1,"Yes","a few times a month",104.2,"Above 25","Succeeding"
"GM","65+",15,"2","1_Very Close to Most","rarely/never",1,"Yes","rarely/never",-21.4,"Above 25","Struggling"
"GM","65+",20,"3","1_Very Close to Most","rarely/never",1,"Yes","once a day",175.7,"Above 25","Succeeding"
"GM","65+",12,"2","1_Very Close to Most","rarely/never",1,"Yes","several days a week",102.1,"Above 25","Succeeding"
"GM","55-64",17,"6+","1_Very Close to Most","rarely/never",1,"Yes","once a day",182.5,"Above 25","Succeeding"
"GM","65+",17,"3","1_Very Close to Most","rarely/never",1,"No","rarely/never",157.4,"Above 25","Succeeding"
"GM","65+",15,"6+","1_Very Close to Most","rarely/never",1,"Yes","several days a week",150.6,"Above 25","Succeeding"
"GM","55-64",17,"3","3_Not Close","rarely/never",1,"Yes","several days a week",156.7,"Above 25","Succeeding"
"GM","35-44",14,"1","2_Very Close to Some","rarely/never",1,"Yes","a few times a month",128.1,"Above 25","Succeeding"
"GM","35-44",NA,"4","1_Very Close to Most","rarely/never",1,"Yes","once a day",-18.1,"Above 25","Struggling"
"GM","65+",17,"4","1_Very Close to Most","rarely/never",1,"Yes","once a day",154.4,"Above 25","Succeeding"
"GM","65+",15,"5","1_Very Close to Most","rarely/never",1,"Yes","several days a week",144.5,"Above 25","Succeeding"
"GM","45-54",5,"6+","1_Very Close to Most","rarely/never",1,"Yes","several days a week",158.2,"Above 25","Succeeding"
"GM","65+",17,"5","3_Not Close","rarely/never",1,"Yes","once a day",139.2,"Above 25","Succeeding"
"GM","65+",15,"3","1_Very Close to Most","rarely/never",1,"Yes","rarely/never",-9.7,"Above 25","Struggling"
"GM","65+",20,"4","1_Very Close to Most","rarely/never",1,"Yes","once a day",176.4,"Above 25","Succeeding"
"GM","55-64",15,"3","3_Not Close","rarely/never",1,"Yes","a few times a month",174.9,"Above 25","Succeeding"
"GM","65+",12,"3","4_Dont Get Along","rarely/never",1,"Yes","several days a week",121.7,"Above 25","Succeeding"
"GM","35-44",17,"4","3_Not Close","rarely/never",1,"Yes","rarely/never",126.4,"Above 25","Succeeding"
"GM","55-64",12,"6+","1_Very Close to Most","rarely/never",1,"Yes","once a day",133.8,"Above 25","Succeeding"
"GM","45-54",15,"6+","1_Very Close to Most","rarely/never",1,"Yes","rarely/never",152.1,"Above 25","Succeeding"
"GM","16-20",15,"4","3_Not Close","rarely/never",1,"Yes","rarely/never",-29.5,"19","Struggling"
"GM","65+",17,"4","1_Very Close to Most","rarely/never",1,"Yes","rarely/never",165,"Above 25","Succeeding"
"GM","65+",12,"0","2_Very Close to Some","rarely/never",1,"Yes","several days a week",185.6,"Above 25","Succeeding"
"GM","65+",17,"2","1_Very Close to Most","rarely/never",1,"Yes","several days a week",164.3,"Above 25","Succeeding"
"GM","65+",17,"4","1_Very Close to Most","rarely/never",1,"Yes","a few times a month",165,"Above 25","Succeeding"
"GM","65+",14,"3","2_Very Close to Some","rarely/never",1,"Yes","once a day",138.6,"Above 25","Succeeding"
"GM","55-64",15,"4","2_Very Close to Some","rarely/never",1,"Yes","once a day",109.5,"Above 25","Succeeding"
"GM","65+",17,"3","1_Very Close to Most","rarely/never",1,"No","a few times a month",157.4,"Above 25","Succeeding"
"GM","25-34",17,"4","2_Very Close to Some","rarely/never",1,"Yes","rarely/never",141.4,"Above 25","Succeeding"
"GM","55-64",17,"1","2_Very Close to Some","rarely/never",1,"Yes","once a day",177.2,"Above 25","Succeeding"
"GM","35-44",14,"3","3_Not Close","several times a day",45,"Yes","several days a week",120.9,"Above 25","Succeeding"
"GM","25-34",5,"2","2_Very Close to Some","several times a day",45,"Yes","rarely/never",-24.7,"Above 25","Struggling"
"GM","21-24",15,"6+","1_Very Close to Most","several times a day",45,"Yes","several days a week",139.2,"16","Succeeding"
"GM","25-34",14,"4","3_Not Close","several times a day",45,"Yes","rarely/never",-35.1,"Above 25","Struggling"
"GM","16-20",8,"1","1_Very Close to Most","several times a day",45,"Yes","several days a week",118.1,"18","Succeeding"
"GM","21-24",NA,"2","3_Not Close","several times a day",45,"Yes","several days a week",-13.1,"20","Struggling"
"GM","25-34",5,"4","3_Not Close","several times a day",45,"Yes","rarely/never",-15.9,"Above 25","Struggling"
"GM","16-20",14,"6+","2_Very Close to Some","several times a day",45,"Yes","once a day",152.9,"16","Succeeding"
"GM","25-34",14,"4","3_Not Close","several times a day",45,"Yes","several days a week",-17.4,"Above 25","Struggling"
"GM","16-20",12,"2","4_Dont Get Along","several times a day",45,"Yes","several days a week",-16,"18","Struggling"
"GM","35-44",15,"3","2_Very Close to Some","several times a day",45,"Yes","once a week",195.4,"Above 25","Succeeding"
"GM","16-20",14,"5","1_Very Close to Most","several times a day",45,"Yes","several days a week",146.8,"17","Succeeding"
"GM","45-54",5,"3","1_Very Close to Most","several times a day",45,"Yes","several days a week",-13.8,"Above 25","Struggling"
"GM","25-34",8,"1","3_Not Close","several times a day",45,"Yes","once a day",-79.4,"Above 25","Struggling"
"GM","21-24",15,"3","3_Not Close","several times a day",45,"Yes","rarely/never",-43.9,"20","Struggling"
"GM","21-24",15,"4","2_Very Close to Some","several times a day",45,"Yes","rarely/never",113.3,"18","Succeeding"
"GM","25-34",NA,"1","1_Very Close to Most","several times a day",45,"No","once a day",200,"Above 25","Succeeding"
"GM","35-44",5,"6+","5_Dont Have Family","several times a day",45,"Yes","once a day",-17.9,"Above 25","Struggling"
"GM","25-34",15,"6+","1_Very Close to Most","several times a day",45,"Yes","a few times a month",-32,"Above 25","Struggling"
"GM","25-34",15,"2","4_Dont Get Along","several times a day",45,"Yes","rarely/never",-100,"Above 25","Struggling"
"GM","21-24",NA,"6+","5_Dont Have Family","several times a day",45,"Yes","rarely/never",-29.9,"21-25","Struggling"
"GM","16-20",12,"0","6_Prefer Not to Say","several times a day",45,"Yes","once a day",-17,"20","Struggling"
"GM","16-20",8,"5","3_Not Close","several times a day",45,"Yes","rarely/never",107,"17","Succeeding"
"GM","25-34",5,"5","2_Very Close to Some","several times a day",45,"Yes","rarely/never",-22.8,"Above 25","Struggling"
"GM","35-44",14,"5","3_Not Close","several times a day",45,"Yes","once a week",101.5,"Above 25","Succeeding"
"GM","16-20",5,"6+","4_Dont Get Along","several times a day",45,"Yes","once a day",-13.8,"≤10","Struggling"
"GM","21-24",14,"6+","2_Very Close to Some","several times a day",45,"Yes","rarely/never",-2.7,"17","Struggling"
"GM","25-34",12,"2","3_Not Close","several times a day",45,"Yes","once a week",160.6,"Above 25","Succeeding"
"GM","21-24",14,"1","4_Dont Get Along","several times a day",45,"Yes","rarely/never",120.9,"18","Succeeding"
"GM","21-24",8,"2","5_Dont Have Family","several times a day",45,"Yes","once a day",-81.2,"≤10","Struggling"
"GM","25-34",14,"6+","3_Not Close","several times a day",45,"Yes","rarely/never",-59.4,"Above 25","Struggling"
"GM","25-34",8,"6+","2_Very Close to Some","several times a day",45,"Yes","several days a week",-99.6,"Above 25","Struggling"
"GM","16-20",5,"4","5_Dont Have Family","several times a day",45,"Yes","once a day",-80.8,"≤10","Struggling"
"GM","21-24",15,"4","2_Very Close to Some","several times a day",45,"Yes","a few times a month",113.3,"18","Succeeding"
"GM","25-34",5,"3","4_Dont Get Along","several times a day",45,"Yes","rarely/never",-58.2,"Above 25","Struggling"
"GM","45-54",5,"1","3_Not Close","several times a day",45,"Yes","once a day",-15.9,"Above 25","Struggling"
"GM","25-34",12,"3","3_Not Close","several times a day",45,"Yes","several days a week",-36.8,"Above 25","Struggling"
"GM","45-54",5,"4","2_Very Close to Some","several times a day",45,"Yes","once a week",159.9,"Above 25","Succeeding"
"GM","21-24",15,"5","3_Not Close","several times a day",45,"Yes","once a day",-24.6,"≤10","Struggling"
"GM","35-44",15,"2","5_Dont Have Family","several times a day",45,"Yes","once a day",170.2,"Above 25","Succeeding"
"GM","21-24",8,"6+","5_Dont Have Family","several times a day",45,"Yes","once a day",-87.2,"","Struggling"
"GM","25-34",12,"1","3_Not Close","several times a day",45,"Yes","several days a week",-36.5,"Above 25","Struggling"
"GM","25-34",5,"3","3_Not Close","several times a day",45,"Yes","a few times a month",147.5,"Above 25","Succeeding"
"GM","35-44",5,"4","2_Very Close to Some","several times a day",45,"Yes","once a day",108,"Above 25","Succeeding"
"GM","21-24",15,"6+","1_Very Close to Most","several times a day",45,"Yes","rarely/never",147.5,"18","Succeeding"
"GM","25-34",15,"6+","1_Very Close to Most","several times a day",45,"Yes","rarely/never",-32,"Above 25","Struggling"
"GM","25-34",15,"1","2_Very Close to Some","several times a day",45,"Yes","rarely/never",151.7,"Above 25","Succeeding"
"GM","25-34",8,"2","2_Very Close to Some","several times a day",45,"Yes","once a week",157.4,"Above 25","Succeeding"
"GM","25-34",15,"4","2_Very Close to Some","several times a day",45,"Yes","several days a week",-13.1,"Above 25","Struggling"
"GM","25-34",15,"6+","3_Not Close","several times a day",45,"Yes","rarely/never",-71.9,"Above 25","Struggling"
"GM","35-44",15,"0","2_Very Close to Some","several times a day",45,"Yes","rarely/never",-5.7,"Above 25","Struggling"
"GM","16-20",12,"0","1_Very Close to Most","several times a day",45,"Yes","several days a week",-8,"17","Struggling"
"GM","21-24",14,"0","3_Not Close","several times a day",45,"Yes","once a day",-38.2,"≤10","Struggling"
"GM","55-64",14,"3","3_Not Close","several times a day",45,"Yes","several days a week",-5.5,"Above 25","Struggling"
"GM","25-34",12,"1","2_Very Close to Some","several times a day",45,"Yes","several days a week",121.5,"Above 25","Succeeding"
"GM","21-24",12,"5","2_Very Close to Some","several times a day",45,"Yes","several days a week",151,"20","Succeeding"
"GM","16-20",12,"1","1_Very Close to Most","several times a day",45,"Yes","rarely/never",-10.8,"17","Struggling"
"GM","35-44",15,"6+","1_Very Close to Most","several times a day",45,"Yes","rarely/never",118.1,"Above 25","Succeeding"
"GM","25-34",12,"4","2_Very Close to Some","several times a day",45,"Yes","rarely/never",-55.6,"Above 25","Struggling"
"GM","21-24",12,"2","2_Very Close to Some","several times a day",45,"Yes","rarely/never",-26.5,"18","Struggling"
"GM","55-64",17,"3","1_Very Close to Most","several times a day",45,"Yes","rarely/never",150.6,"Above 25","Succeeding"
"GM","35-44",5,"4","2_Very Close to Some","several times a day",45,"Yes","several days a week",156.7,"Above 25","Succeeding"
"GM","25-34",5,"0","3_Not Close","several times a day",45,"Yes","rarely/never",-32.1,"Above 25","Struggling"
"GM","16-20",12,"6+","2_Very Close to Some","several times a day",45,"Yes","rarely/never",-31.3,"20","Struggling"
"GM","21-24",12,"4","5_Dont Have Family","several times a day",45,"Yes","several days a week",168.1,"18","Succeeding"
"GM","21-24",14,"0","2_Very Close to Some","several times a day",45,"No","a few times a month",-39.9,"Do not Own","Struggling"
"GM","21-24",5,"6+","1_Very Close to Most","several times a day",45,"Yes","rarely/never",-14.9,"21-25","Struggling"
"GM","25-34",12,"6+","3_Not Close","several times a day",45,"Yes","rarely/never",130.8,"Above 25","Succeeding"
"GM","25-34",8,"4","2_Very Close to Some","several times a day",45,"No","rarely/never",-98.3,"Above 25","Struggling"
"GM","21-24",14,"3","3_Not Close","several times a day",45,"No","once a week",117.9,"Do not Own","Succeeding"
"GM","16-20",12,"1","5_Dont Have Family","several times a day",45,"Yes","once a day",-10.4,"≤10","Struggling"
"GM","21-24",12,"5","1_Very Close to Most","several times a day",45,"Yes","several days a week",-49.9,"18","Struggling"
"GM","21-24",12,"2","1_Very Close to Most","several times a day",45,"Yes","a few times a month",-1.9,"18","Struggling"
"GM","21-24",14,"0","2_Very Close to Some","several times a day",45,"No","rarely/never",-39.9,"Do not Own","Struggling"
"GM","21-24",12,"6+","2_Very Close to Some","several times a day",45,"Yes","rarely/never",-98.8,"21-25","Struggling"
"GM","25-34",12,"2","1_Very Close to Most","several times a day",45,"Yes","several days a week",165,"Above 25","Succeeding"
"GM","25-34",NA,"6+","1_Very Close to Most","several times a day",45,"Yes","rarely/never",-24.9,"Above 25","Struggling"
"GM","16-20",8,"5","3_Not Close","several times a day",45,"Yes","rarely/never",-6.2,"18","Struggling"
"GM","25-34",15,"1","4_Dont Get Along","several times a day",45,"Yes","a few times a month",116.2,"Above 25","Succeeding"
"GM","25-34",8,"4","5_Dont Have Family","several times a day",45,"No","once a day",-18.5,"Above 25","Struggling"
"GM","25-34",15,"1","4_Dont Get Along","several times a day",45,"Yes","rarely/never",116.2,"Above 25","Succeeding"
"GM","25-34",15,"0","2_Very Close to Some","several times a day",45,"Yes","rarely/never",-46.2,"Above 25","Struggling"
"GM","25-34",15,"5","2_Very Close to Some","several times a day",45,"Yes","rarely/never",-11.7,"Above 25","Struggling"
"GM","55-64",15,"6+","3_Not Close","several times a day",45,"Yes","rarely/never",117.9,"Above 25","Succeeding"
"GM","35-44",12,"4","1_Very Close to Most","several times a day",45,"Yes","several days a week",-41.5,"Above 25","Struggling"
"GM","25-34",8,"6+","1_Very Close to Most","several times a day",45,"Yes","rarely/never",-95.4,"Above 25","Struggling"
"GM","25-34",12,"1","3_Not Close","several times a day",45,"Yes","rarely/never",109.5,"Above 25","Succeeding"
"GM","25-34",8,"1","3_Not Close","several times a day",45,"Yes","a few times a month",-100,"Above 25","Struggling"
"GM","35-44",17,"6+","3_Not Close","several times a day",45,"Yes","rarely/never",-49.3,"Above 25","Struggling"
"GM","25-34",12,"4","1_Very Close to Most","several times a day",45,"Yes","several days a week",146,"Above 25","Succeeding"
"GM","21-24",12,"0","5_Dont Have Family","several times a day",45,"Yes","once a day",-29,"≤10","Struggling"
"GM","21-24",12,"1","1_Very Close to Most","several times a day",45,"Yes","several days a week",171.1,"21-25","Succeeding"
"GM","21-24",14,"6+","1_Very Close to Most","several times a day",45,"Yes","several days a week",-32,"21-25","Struggling"
"GM","21-24",12,"0","4_Dont Get Along","several times a day",45,"Yes","several days a week",-42.7,"20","Struggling"
"GM","25-34",12,"6+","1_Very Close to Most","several times a day",45,"Yes","several days a week",137.6,"Above 25","Succeeding"
"GM","21-24",15,"6+","3_Not Close","several times a day",45,"Yes","several days a week",200,"18","Succeeding"
"GM","25-34",5,"4","4_Dont Get Along","several times a day",45,"Yes","a few times a month",-9.8,"Above 25","Struggling"
"GM","21-24",NA,"6+","5_Dont Have Family","several times a day",45,"Yes","a few times a month",-29.9,"21-25","Struggling"
"GM","21-24",12,"1","1_Very Close to Most","several times a day",45,"Yes","several days a week",198.5,"21-25","Succeeding"
"GM","25-34",NA,"3","4_Dont Get Along","several times a day",45,"Yes","rarely/never",-64.7,"Above 25","Struggling"
"GM","35-44",15,"5","1_Very Close to Most","several times a day",45,"Yes","several days a week",-55.5,"Above 25","Struggling"
"GM","35-44",5,"4","2_Very Close to Some","several times a day",45,"Yes","a few times a month",100.2,"Above 25","Succeeding"
"GM","25-34",15,"6+","1_Very Close to Most","several times a day",45,"Yes","once a day",-45.8,"Above 25","Struggling"
"GM","25-34",15,"2","2_Very Close to Some","several times a day",45,"Yes","several days a week",-0.8,"Above 25","Struggling"
"GM","45-54",15,"6+","1_Very Close to Most","several times a day",45,"Yes","several days a week",140.7,"Above 25","Succeeding"
"GM","21-24",15,"6+","4_Dont Get Along","several times a day",45,"Yes","several days a week",-45.4,"18","Struggling"
"GM","21-24",NA,"6+","2_Very Close to Some","several times a day",45,"Yes","a few times a month",134.6,"16","Succeeding"
"GM","21-24",NA,"6+","2_Very Close to Some","several times a day",45,"Yes","rarely/never",134.6,"16","Succeeding"
"GM","45-54",15,"4","6_Prefer Not to Say","several times a day",45,"Yes","once a week",130.8,"Above 25","Succeeding"
"GM","25-34",5,"0","4_Dont Get Along","several times a day",45,"Yes","rarely/never",-8.6,"Above 25","Struggling"
"GM","25-34",12,"4","3_Not Close","several times a day",45,"Yes","once a week",168.1,"Above 25","Succeeding"
"GM","55-64",14,"3","1_Very Close to Most","several times a day",45,"Yes","several days a week",146.8,"Above 25","Succeeding"
"GM","35-44",5,"6+","2_Very Close to Some","several times a day",45,"Yes","rarely/never",139.9,"Above 25","Succeeding"
"GM","21-24",8,"1","4_Dont Get Along","several times a day",45,"Yes","a few times a month",-2.2,"19","Struggling"
"GM","21-24",5,"3","3_Not Close","several times a day",45,"Yes","several days a week",115.6,"19","Succeeding"
"GM","25-34",5,"3","3_Not Close","several times a day",45,"Yes","rarely/never",147.5,"Above 25","Succeeding"
"GM","25-34",14,"4","1_Very Close to Most","several times a day",45,"Yes","rarely/never",131,"Above 25","Succeeding"
"GM","21-24",5,"1","5_Dont Have Family","several times a day",45,"Yes","once a day",-69,"≤10","Struggling"
"GM","65+",14,"5","2_Very Close to Some","several times a day",45,"Yes","several days a week",119.4,"Above 25","Succeeding"
"GM","16-20",12,"2","1_Very Close to Most","several times a day",45,"Yes","several days a week",182.5,"17","Succeeding"
"GM","45-54",5,"6+","2_Very Close to Some","several times a day",45,"Yes","rarely/never",-13.9,"Above 25","Struggling"
"GM","21-24",12,"2","1_Very Close to Most","several times a day",45,"Yes","rarely/never",-1.9,"18","Struggling"
"GM","21-24",5,"5","4_Dont Get Along","several times a day",45,"Yes","once a day",-46.2,"≤10","Struggling"
"GM","35-44",15,"0","1_Very Close to Most","several times a day",45,"Yes","rarely/never",-32,"Above 25","Struggling"
"GM","21-24",14,"5","2_Very Close to Some","several times a day",45,"Yes","several days a week",-1.6,"≤10","Struggling"
"GM","35-44",NA,"4","6_Prefer Not to Say","several times a day",45,"Yes","several days a week",-29.4,"Above 25","Struggling"
"GM","21-24",12,"6+","4_Dont Get Along","several times a day",45,"Yes","rarely/never",-25.8,"17","Struggling"
"GM","65+",12,"1","3_Not Close","several times a day",45,"Yes","once a day",115.6,"Above 25","Succeeding"
"GM","35-44",15,"6+","4_Dont Get Along","several times a day",45,"Yes","rarely/never",-35.6,"Above 25","Struggling"
"GM","21-24",14,"1","3_Not Close","several times a day",45,"Yes","a few times a month",-10.3,"21-25","Struggling"
"GM","21-24",14,"1","3_Not Close","several times a day",45,"Yes","rarely/never",-10.3,"21-25","Struggling"
"GM","21-24",5,"6+","3_Not Close","several times a day",45,"Yes","rarely/never",-33.1,"17","Struggling"
"GM","35-44",15,"2","1_Very Close to Most","several times a day",45,"Yes","rarely/never",-6.8,"Above 25","Struggling"
"GM","25-34",12,"4","2_Very Close to Some","several times a day",45,"Yes","a few times a month",-55.6,"Above 25","Struggling"
"GM","45-54",15,"4","4_Dont Get Along","several times a day",45,"Yes","once a day",-31.9,"Above 25","Struggling"
"GM","21-24",14,"1","3_Not Close","several times a day",45,"Yes","rarely/never",-26.1,"19","Struggling"
"GM","21-24",5,"6+","3_Not Close","several times a day",45,"Yes","a few times a month",-3.8,"18","Struggling"
"GM","21-24",15,"2","4_Dont Get Along","several times a day",45,"Yes","rarely/never",-70.1,"21-25","Struggling"
"GM","25-34",5,"2","2_Very Close to Some","several times a day",45,"Yes","several days a week",-21.2,"Above 25","Struggling"
"GM","21-24",5,"0","2_Very Close to Some","several times a day",45,"Yes","rarely/never",158.9,"17","Succeeding"
"GM","25-34",12,"6+","3_Not Close","several times a day",45,"Yes","once a day",-68.6,"Above 25","Struggling"
"GM","21-24",12,"2","3_Not Close","several times a day",45,"Yes","once a day",113.3,"19","Succeeding"
"GM","35-44",12,"5","2_Very Close to Some","several times a day",45,"Yes","rarely/never",-27.5,"Above 25","Struggling"
"GM","35-44",12,"5","2_Very Close to Some","several times a day",45,"Yes","rarely/never",149.8,"Above 25","Succeeding"
"GM","35-44",12,"6+","1_Very Close to Most","several times a day",45,"Yes","once a day",162.2,"Above 25","Succeeding"
"GM","21-24",15,"6+","3_Not Close","several times a day",45,"Yes","several days a week",128.5,"17","Succeeding"
"GM","21-24",12,"6+","2_Very Close to Some","several times a day",45,"Yes","once a day",110.8,"19","Succeeding"
"GM","21-24",5,"3","5_Dont Have Family","several times a day",45,"Yes","rarely/never",-9,"18","Struggling"
"GM","25-34",14,"1","2_Very Close to Some","several times a day",45,"Yes","rarely/never",174.1,"Above 25","Succeeding"
"GM","35-44",14,"6+","2_Very Close to Some","several times a day",45,"Yes","once a day",-100,"Above 25","Struggling"
"GM","25-34",15,"2","1_Very Close to Most","several times a day",45,"Yes","rarely/never",-23.5,"Above 25","Struggling"
"GM","21-24",8,"2","3_Not Close","several times a day",45,"Yes","several days a week",-81.2,"≤10","Struggling"
"GM","21-24",NA,"2","5_Dont Have Family","several times a day",45,"Yes","once a day",-15.1,"16","Struggling"
"GM","16-20",8,"1","5_Dont Have Family","several times a day",45,"No","once a day",-29.5,"Do not Own","Struggling"
"GM","25-34",15,"3","3_Not Close","several times a day",45,"Yes","once a day",182.5,"Above 25","Succeeding"
"GM","16-20",12,"5","1_Very Close to Most","several times a day",45,"Yes","once a day",194.7,"18","Succeeding"
"GM","21-24",12,"1","3_Not Close","several times a day",45,"Yes","rarely/never",103.6,"21-25","Succeeding"
"GM","45-54",15,"4","2_Very Close to Some","several times a day",45,"Yes","several days a week",177.9,"Above 25","Succeeding"
"GM","16-20",8,"1","5_Dont Have Family","several times a day",45,"Yes","once a day",-27.7,"≤10","Struggling"
"GM","25-34",12,"3","3_Not Close","several times a day",45,"Yes","rarely/never",151.3,"Above 25","Succeeding"
"GM","35-44",12,"4","1_Very Close to Most","several times a day",45,"Yes","once a day",114.6,"Above 25","Succeeding"
"GM","25-34",NA,"5","4_Dont Get Along","several times a day",45,"Yes","once a day",-18.2,"Above 25","Struggling"
"GM","35-44",14,"4","2_Very Close to Some","several times a day",45,"Yes","once a week",120.2,"Above 25","Succeeding"
"GM","25-34",17,"2","1_Very Close to Most","several times a day",45,"Yes","once a day",197.7,"Above 25","Succeeding"
"GM","21-24",5,"1","5_Dont Have Family","several times a day",45,"Yes","once a day",-52.3,"≤10","Struggling"
"GM","25-34",8,"0","5_Dont Have Family","several times a day",45,"Yes","once a day",-47.8,"Above 25","Struggling"
"GM","25-34",12,"0","4_Dont Get Along","several times a day",45,"Yes","once a day",-63.9,"Above 25","Struggling"
"GM","25-34",12,"6+","2_Very Close to Some","several times a day",45,"Yes","several days a week",-54,"Above 25","Struggling"
"GM","35-44",15,"0","1_Very Close to Most","several times a day",45,"Yes","once a day",177.9,"Above 25","Succeeding"
"GM","21-24",15,"5","3_Not Close","several times a day",45,"Yes","once a day",-84.2,"19","Struggling"
"GM","25-34",8,"3","3_Not Close","several times a day",45,"Yes","several days a week",-28.8,"Above 25","Struggling"
"GM","25-34",8,"1","4_Dont Get Along","several times a day",45,"Yes","rarely/never",147.7,"Above 25","Succeeding"
"GM","35-44",14,"6+","3_Not Close","several times a day",45,"Yes","rarely/never",117.1,"Above 25","Succeeding"
"GM","21-24",14,"5","2_Very Close to Some","several times a day",45,"Yes","several days a week",136.9,"18","Succeeding"
"GM","35-44",15,"0","3_Not Close","several times a day",45,"Yes","rarely/never",-75.9,"Above 25","Struggling"
"GM","35-44",14,"5","1_Very Close to Most","several times a day",45,"Yes","once a week",171.9,"Above 25","Succeeding"
"GM","25-34",12,"0","5_Dont Have Family","several times a day",45,"Yes","rarely/never",-100,"Above 25","Struggling"
"GM","21-24",12,"1","1_Very Close to Most","several times a day",45,"Yes","a few times a month",-23.7,"18","Struggling"
"GM","25-34",12,"4","1_Very Close to Most","several times a day",45,"Yes","a few times a month",100.8,"Above 25","Succeeding"
"GM","25-34",12,"4","1_Very Close to Most","several times a day",45,"Yes","rarely/never",100.8,"Above 25","Succeeding"
"GM","16-20",12,"6+","1_Very Close to Most","several times a day",45,"Yes","rarely/never",-0.3,"16","Struggling"
"GM","65+",12,"3","3_Not Close","several times a day",45,"Yes","once a day",120.2,"Above 25","Succeeding"
"GM","21-24",15,"4","1_Very Close to Most","several times a day",45,"Yes","several days a week",178.7,"21-25","Succeeding"
"GM","35-44",8,"0","1_Very Close to Most","several times a day",45,"Yes","once a day",-100,"Above 25","Struggling"
"GM","16-20",12,"6+","2_Very Close to Some","several times a day",45,"Yes","once a day",-55.9,"18","Struggling"
"GM","21-24",12,"5","2_Very Close to Some","several times a day",45,"Yes","several days a week",-12,"21-25","Struggling"
"GM","25-34",8,"6+","4_Dont Get Along","several times a day",45,"Yes","several days a week",-17.2,"Above 25","Struggling"
"GM","25-34",5,"3","3_Not Close","several times a day",45,"Yes","rarely/never",108.7,"Above 25","Succeeding"
"GM","45-54",15,"6+","2_Very Close to Some","several times a day",45,"Yes","rarely/never",-20.7,"Above 25","Struggling"
"GM","35-44",14,"5","1_Very Close to Most","several times a day",45,"Yes","several days a week",171.1,"Above 25","Succeeding"
"GM","21-24",NA,"6+","1_Very Close to Most","several times a day",45,"Yes","rarely/never",-9,"20","Struggling"
"GM","45-54",15,"4","2_Very Close to Some","several times a day",45,"Yes","once a day",174.1,"Above 25","Succeeding"
"GM","21-24",12,"2","4_Dont Get Along","several times a day",45,"Yes","rarely/never",-84,"≤10","Struggling"
"GM","25-34",5,"4","4_Dont Get Along","several times a day",45,"Yes","rarely/never",-9.8,"Above 25","Struggling"
"GM","25-34",8,"2","5_Dont Have Family","several times a day",45,"Yes","once a day",-43.1,"Above 25","Struggling"
"GM","21-24",5,"2","3_Not Close","several times a day",45,"Yes","once a day",186.3,"19","Succeeding"
"GM","25-34",5,"4","2_Very Close to Some","several times a day",45,"Yes","rarely/never",200,"Above 25","Succeeding"
"GM","21-24",12,"5","2_Very Close to Some","several times a day",45,"Yes","rarely/never",-73.8,"19","Struggling"
"GM","21-24",8,"0","5_Dont Have Family","several times a day",45,"Yes","once a day",-98.9,"21-25","Struggling"
"GM","35-44",5,"4","2_Very Close to Some","several times a day",45,"Yes","rarely/never",100.2,"Above 25","Succeeding"
"GM","35-44",15,"4","5_Dont Have Family","several times a day",45,"Yes","once a day",-83.7,"Above 25","Struggling"
"GM","25-34",15,"0","1_Very Close to Most","several times a day",45,"Yes","a few times a month",-63.1,"Above 25","Struggling"
"GM","55-64",17,"3","2_Very Close to Some","several times a day",45,"Yes","once a day",158.2,"Above 25","Succeeding"
"GM","16-20",12,"3","1_Very Close to Most","several times a day",45,"Yes","once a day",-12.6,"18","Struggling"
"GM","45-54",5,"6+","2_Very Close to Some","several times a day",45,"Yes","rarely/never",132.5,"Above 25","Succeeding"
"GM","25-34",5,"0","1_Very Close to Most","several times a day",45,"Yes","rarely/never",-33.2,"Above 25","Struggling"
"GM","35-44",NA,"0","1_Very Close to Most","several times a day",45,"Yes","once a day",120.2,"Above 25","Succeeding"
"GM","35-44",5,"4","2_Very Close to Some","several times a day",45,"Yes","rarely/never",-30.2,"Above 25","Struggling"
"GM","25-34",14,"6+","3_Not Close","several times a day",45,"Yes","rarely/never",135.4,"Above 25","Succeeding"
"GM","35-44",15,"6+","3_Not Close","several times a day",45,"Yes","rarely/never",110.3,"Above 25","Succeeding"
"GM","25-34",17,"2","1_Very Close to Most","several times a day",45,"Yes","rarely/never",102.7,"Above 25","Succeeding"
"GM","35-44",5,"4","6_Prefer Not to Say","several times a day",45,"Yes","several days a week",-31,"Above 25","Struggling"
"GM","16-20",8,"0","1_Very Close to Most","several times a day",45,"Yes","once a day",-5.3,"20","Struggling"
"GM","25-34",15,"2","2_Very Close to Some","several times a day",45,"Yes","rarely/never",102.1,"Above 25","Succeeding"
"GM","16-20",8,"2","5_Dont Have Family","several times a day",45,"Yes","once a day",-36,"19","Struggling"
"GM","21-24",12,"3","4_Dont Get Along","several times a day",45,"Yes","rarely/never",-12.3,"17","Struggling"
"GM","25-34",8,"4","2_Very Close to Some","several times a day",45,"No","a few times a month",-98.3,"Above 25","Struggling"
"GM","21-24",5,"4","2_Very Close to Some","several times a day",45,"Yes","once a day",-5.6,"20","Struggling"
"GM","21-24",12,"6+","2_Very Close to Some","several times a day",45,"Yes","several days a week",-19.1,"19","Struggling"
"GM","35-44",12,"5","2_Very Close to Some","several times a day",45,"Yes","a few times a month",-27.5,"Above 25","Struggling"
"GM","25-34",5,"3","3_Not Close","several times a day",45,"Yes","once a day",122.4,"Above 25","Succeeding"
"GM","25-34",8,"3","3_Not Close","several times a day",45,"Yes","a few times a month",200,"Above 25","Succeeding"
"GM","25-34",8,"3","3_Not Close","several times a day",45,"Yes","rarely/never",200,"Above 25","Succeeding"
"GM","35-44",12,"5","1_Very Close to Most","several times a day",45,"Yes","several days a week",134,"Above 25","Succeeding"
"GM","25-34",12,"4","1_Very Close to Most","several times a day",45,"Yes","rarely/never",-7.4,"Above 25","Struggling"
"GM","45-54",12,"3","2_Very Close to Some","several times a day",45,"Yes","once a day",-32,"Above 25","Struggling"
"GM","21-24",14,"6+","2_Very Close to Some","several times a day",45,"Yes","rarely/never",117.9,"19","Succeeding"
"GM","21-24",12,"0","4_Dont Get Along","several times a day",45,"Yes","rarely/never",-64.7,"18","Struggling"
"GM","16-20",8,"3","5_Dont Have Family","several times a day",45,"Yes","once a day",-2.4,"20","Struggling"
"GM","35-44",8,"6+","2_Very Close to Some","several times a day",45,"Yes","once a day",-69.8,"Above 25","Struggling"
"GM","21-24",5,"5","2_Very Close to Some","several times a day",45,"Yes","several days a week",-63.6,"15","Struggling"
"GM","25-34",8,"2","5_Dont Have Family","several times a day",45,"No","once a day",-98.4,"Above 25","Struggling"
"GM","45-54",8,"4","1_Very Close to Most","several times a day",45,"Yes","several days a week",157.4,"Above 25","Succeeding"
"GM","16-20",12,"6+","1_Very Close to Most","several times a day",45,"Yes","once a week",-6.7,"18","Struggling"
"GM","35-44",14,"5","1_Very Close to Most","several times a day",45,"Yes","once a day",-55.7,"Above 25","Struggling"
"GM","25-34",8,"1","3_Not Close","several times a day",45,"Yes","rarely/never",-72.2,"Above 25","Struggling"
"GM","25-34",5,"3","4_Dont Get Along","several times a day",45,"Yes","rarely/never",-42.3,"Above 25","Struggling"
"GM","35-44",5,"6+","5_Dont Have Family","several times a day",45,"Yes","several days a week",-34,"Above 25","Struggling"
"GM","25-34",14,"6+","3_Not Close","several times a day",45,"Yes","rarely/never",-13,"Above 25","Struggling"
"GM","16-20",8,"1","3_Not Close","several times a day",45,"No","once a day",-93,"Do not Own","Struggling"
"GM","25-34",12,"3","3_Not Close","several times a day",45,"Yes","a few times a month",151.3,"Above 25","Succeeding"
"GM","65+",14,"4","2_Very Close to Some","several times a day",45,"Yes","once a day",192,"Above 25","Succeeding"
"GM","21-24",12,"0","5_Dont Have Family","several times a day",45,"Yes","once a day",111.8,"≤10","Succeeding"
"GM","65+",8,"5","3_Not Close","several times a day",45,"Yes","once a day",-20.4,"Above 25","Struggling"
"GM","35-44",14,"6+","2_Very Close to Some","several times a day",45,"Yes","rarely/never",-40.3,"Above 25","Struggling"
"GM","21-24",15,"3","2_Very Close to Some","several times a day",45,"Yes","once a week",-6.5,"19","Struggling"
"GM","21-24",12,"1","3_Not Close","several times a day",45,"Yes","rarely/never",-2.5,"16","Struggling"
"GM","35-44",14,"0","6_Prefer Not to Say","several times a day",45,"Yes","once a day",200,"Above 25","Succeeding"
"GM","16-20",5,"3","3_Not Close","several times a day",45,"Yes","a few times a month",-63.5,"17","Struggling"
"GM","21-24",5,"5","3_Not Close","several times a day",45,"Yes","once a day",-80.8,"21-25","Struggling"
"GM","25-34",12,"6+","1_Very Close to Most","several times a day",45,"Yes","once a day",-4.4,"Above 25","Struggling"
"GM","35-44",15,"0","2_Very Close to Some","several times a day",45,"Yes","a few times a month",-5.7,"Above 25","Struggling"
"GM","16-20",12,"1","2_Very Close to Some","several times a day",45,"Yes","rarely/never",143.7,"13","Succeeding"
"GM","25-34",12,"1","3_Not Close","several times a day",45,"Yes","several days a week",191.6,"Above 25","Succeeding"
"GM","21-24",12,"5","3_Not Close","several times a day",45,"Yes","once a day",131.6,"17","Succeeding"
"GM","21-24",12,"3","3_Not Close","several times a day",45,"Yes","rarely/never",-39.8,"16","Struggling"
"GM","45-54",8,"2","5_Dont Have Family","several times a day",45,"No","once a day",-91.9,"Above 25","Struggling"
"GM","21-24",15,"6+","1_Very Close to Most","several times a day",45,"Yes","several days a week",154.4,"17","Succeeding"
"GM","25-34",12,"3","2_Very Close to Some","several times a day",45,"Yes","several days a week",163.5,"Above 25","Succeeding"
"GM","25-34",5,"4","1_Very Close to Most","several times a day",45,"Yes","once a week",-44.5,"Above 25","Struggling"
"GM","16-20",5,"1","4_Dont Get Along","several times a day",45,"No","rarely/never",-42.7,"Do not Own","Struggling"
"GM","35-44",8,"1","5_Dont Have Family","several times a day",45,"Yes","once a day",-100,"Above 25","Struggling"
"GM","35-44",15,"6+","1_Very Close to Most","several times a day",45,"Yes","once a day",156.7,"Above 25","Succeeding"
"GM","21-24",12,"3","3_Not Close","several times a day",45,"Yes","once a day",151,"18","Succeeding"
"GM","16-20",12,"6+","5_Dont Have Family","several times a day",45,"Yes","once a day",-100,"","Struggling"
"GM","45-54",14,"4","1_Very Close to Most","several times a day",45,"Yes","once a day",-9.4,"Above 25","Struggling"
"GM","21-24",5,"2","1_Very Close to Most","several times a day",45,"Yes","once a day",-34.6,"≤10","Struggling"
"GM","35-44",12,"5","2_Very Close to Some","several times a day",45,"Yes","a few times a month",149.8,"Above 25","Succeeding"
"GM","25-34",NA,"6+","4_Dont Get Along","several times a day",45,"Yes","once a day",-37.7,"Above 25","Struggling"
"GM","35-44",14,"5","4_Dont Get Along","several times a day",45,"Yes","once a day",-11,"Above 25","Struggling"
"GM","35-44",17,"6+","1_Very Close to Most","several times a day",45,"Yes","rarely/never",-3.8,"Above 25","Struggling"
"GM","25-34",14,"6+","3_Not Close","several times a day",45,"Yes","once a day",-48.8,"Above 25","Struggling"
"GM","21-24",12,"2","5_Dont Have Family","several times a day",45,"Yes","once a day",-29,"≤10","Struggling"
"GM","35-44",12,"0","2_Very Close to Some","several times a day",45,"Yes","rarely/never",-6.8,"Above 25","Struggling"
"GM","25-34",8,"0","5_Dont Have Family","several times a day",45,"Yes","once a day",-100,"Above 25","Struggling"
"GM","35-44",12,"6+","4_Dont Get Along","several times a day",45,"Yes","several days a week",-21.6,"Above 25","Struggling"
"GM","25-34",17,"4","2_Very Close to Some","several times a day",45,"Yes","once a week",-5.1,"Above 25","Struggling"
"GM","25-34",15,"0","1_Very Close to Most","several times a day",45,"Yes","rarely/never",-63.1,"Above 25","Struggling"
"GM","25-34",14,"1","1_Very Close to Most","several times a day",45,"Yes","once a week",155.3,"Above 25","Succeeding"
"GM","21-24",12,"2","2_Very Close to Some","several times a day",45,"Yes","several days a week",-37.6,"17","Struggling"
"GM","25-34",8,"3","5_Dont Have Family","several times a day",45,"Yes","a few times a month",-46.9,"Above 25","Struggling"
"GM","25-34",8,"3","5_Dont Have Family","several times a day",45,"Yes","rarely/never",-46.9,"Above 25","Struggling"
"GM","55-64",15,"6+","3_Not Close","several times a day",45,"Yes","a few times a month",117.9,"Above 25","Succeeding"
"GM","25-34",15,"6+","2_Very Close to Some","several times a day",45,"Yes","once a week",199.2,"Above 25","Succeeding"
"GM","35-44",5,"6+","3_Not Close","several times a day",45,"Yes","once a week",-67.6,"Above 25","Struggling"
"GM","45-54",5,"3","1_Very Close to Most","several times a day",45,"Yes","rarely/never",137.6,"Above 25","Succeeding"
"GM","45-54",8,"6+","1_Very Close to Most","several times a day",45,"Yes","several days a week",-11.8,"Above 25","Struggling"
"GM","25-34",12,"2","3_Not Close","several times a day",45,"Yes","once a day",-100,"Above 25","Struggling"
"GM","21-24",5,"6+","3_Not Close","several times a day",45,"Yes","rarely/never",-3.8,"18","Struggling"
"GM","25-34",15,"4","4_Dont Get Along","several times a day",45,"Yes","once a week",-100,"Above 25","Struggling"
"GM","21-24",12,"1","4_Dont Get Along","several times a day",45,"Yes","once a day",-45.6,"20","Struggling"
"GM","25-34",15,"3","1_Very Close to Most","several times a day",45,"Yes","once a day",-55,"Above 25","Struggling"
"GM","16-20",12,"3","2_Very Close to Some","several times a day",45,"Yes","once a day",110.8,"19","Succeeding"
"GM","21-24",15,"6+","3_Not Close","several times a day",45,"Yes","several days a week",-17,"17","Struggling"
"GM","25-34",NA,"6+","4_Dont Get Along","several times a day",45,"Yes","rarely/never",-100,"Above 25","Struggling"
"GM","16-20",12,"6+","3_Not Close","several times a day",45,"Yes","once a day",-36.7,"≤10","Struggling"
"GM","25-34",NA,"2","1_Very Close to Most","several times a day",45,"Yes","once a day",193.9,"Above 25","Succeeding"
"GM","21-24",12,"0","1_Very Close to Most","several times a day",45,"Yes","once a day",-30.8,"21-25","Struggling"
"GM","25-34",14,"2","2_Very Close to Some","several times a day",45,"Yes","rarely/never",-3.4,"Above 25","Struggling"
"GM","16-20",12,"6+","3_Not Close","several times a day",45,"Yes","once a day",-44.5,"≤10","Struggling"
"GM","21-24",8,"4","5_Dont Have Family","several times a day",45,"Yes","once a day",-35.9,"21-25","Struggling"
"GM","16-20",8,"6+","6_Prefer Not to Say","several times a day",45,"Yes","once a week",-46.5,"≤10","Struggling"
"GM","25-34",8,"1","4_Dont Get Along","several times a day",45,"Yes","a few times a month",147.7,"Above 25","Succeeding"
"GM","25-34",12,"4","3_Not Close","several times a day",45,"Yes","rarely/never",-43.9,"Above 25","Struggling"
"GM","25-34",5,"2","1_Very Close to Most","several times a day",45,"Yes","once a day",-29.9,"Above 25","Struggling"
"GM","55-64",15,"4","1_Very Close to Most","several times a day",45,"Yes","several days a week",146.2,"Above 25","Succeeding"
"GM","25-34",15,"3","1_Very Close to Most","several times a day",45,"Yes","once a day",-30.3,"Above 25","Struggling"
"GM","21-24",12,"1","1_Very Close to Most","several times a day",45,"Yes","rarely/never",-23.7,"18","Struggling"
"GM","25-34",14,"1","5_Dont Have Family","several times a day",45,"No","once a day",-66.5,"Above 25","Struggling"
"GM","25-34",12,"2","1_Very Close to Most","several times a day",45,"No","once a week",-92.3,"Above 25","Struggling"
"GM","16-20",12,"3","2_Very Close to Some","several times a day",45,"Yes","rarely/never",-32.6,"17","Struggling"
"GM","21-24",8,"0","5_Dont Have Family","several times a day",45,"Yes","once a week",187.8,"21-25","Succeeding"
"GM","16-20",12,"6+","2_Very Close to Some","several times a day",45,"Yes","a few times a month",-31.3,"20","Struggling"
"GM","16-20",14,"4","3_Not Close","several times a day",45,"Yes","once a week",-77,"19","Struggling"
"GM","35-44",14,"4","1_Very Close to Most","several times a day",45,"Yes","rarely/never",-68.5,"Above 25","Struggling"
"GM","25-34",8,"2","1_Very Close to Most","several times a day",45,"Yes","once a day",-100,"Above 25","Struggling"
"GM","25-34",14,"3","2_Very Close to Some","several times a day",45,"Yes","several days a week",129.5,"Above 25","Succeeding"
"GM","25-34",8,"2","3_Not Close","several times a day",45,"Yes","rarely/never",-20.2,"Above 25","Struggling"
"GM","55-64",17,"4","3_Not Close","several times a day",45,"Yes","rarely/never",102.5,"Above 25","Succeeding"
"GM","21-24",14,"6+","2_Very Close to Some","several times a day",45,"Yes","once a week",-46,"18","Struggling"
"GM","21-24",14,"4","3_Not Close","several times a day",45,"Yes","once a day",-32.7,"21-25","Struggling"
"GM","16-20",5,"3","3_Not Close","several times a day",45,"Yes","rarely/never",-63.5,"17","Struggling"
"GM","25-34",12,"3","2_Very Close to Some","several times a day",45,"Yes","rarely/never",-83.4,"Above 25","Struggling"
"GM","25-34",NA,"6+","3_Not Close","several times a day",45,"Yes","rarely/never",157.4,"Above 25","Succeeding"
"GM","25-34",5,"1","1_Very Close to Most","several times a day",45,"Yes","once a day",149,"Above 25","Succeeding"
"GM","35-44",5,"3","3_Not Close","several times a day",45,"Yes","once a day",-54,"Above 25","Struggling"
"GM","21-24",5,"6+","1_Very Close to Most","several times a day",45,"Yes","once a week",-34,"16","Struggling"
"GM","55-64",5,"6+","6_Prefer Not to Say","several times a day",45,"Yes","once a day",-85.1,"Above 25","Struggling"
"GM","35-44",5,"5","3_Not Close","several times a day",45,"Yes","several days a week",142.2,"Above 25","Succeeding"
"GM","25-34",14,"6+","2_Very Close to Some","several times a day",45,"Yes","rarely/never",103.4,"Above 25","Succeeding"
"GM","65+",15,"6+","1_Very Close to Most","several times a day",45,"Yes","several days a week",172.6,"Above 25","Succeeding"
"GM","16-20",12,"6+","1_Very Close to Most","several times a day",45,"Yes","once a day",-14,"18","Struggling"
"GM","25-34",15,"1","1_Very Close to Most","several times a day",45,"Yes","several days a week",129.5,"Above 25","Succeeding"
"GM","25-34",5,"6+","2_Very Close to Some","several times a day",45,"Yes","once a day",-86,"Above 25","Struggling"
"GM","25-34",12,"6+","3_Not Close","several times a day",45,"Yes","rarely/never",-88.5,"Above 25","Struggling"
"GM","16-20",8,"5","3_Not Close","several times a day",45,"Yes","once a day",-96.6,"≤10","Struggling"
"GM","25-34",15,"1","1_Very Close to Most","several times a day",45,"Yes","several days a week",-13.3,"Above 25","Struggling"
"GM","25-34",8,"1","3_Not Close","several times a day",45,"Yes","rarely/never",-100,"Above 25","Struggling"
"GM","35-44",14,"3","1_Very Close to Most","several times a day",45,"Yes","once a day",-21.5,"Above 25","Struggling"
"GM","55-64",20,"4","1_Very Close to Most","several times a day",45,"Yes","once a day",-10,"Above 25","Struggling"
"GM","25-34",14,"3","1_Very Close to Most","several times a day",45,"Yes","once a day",184.8,"Above 25","Succeeding"
"GM","35-44",14,"1","2_Very Close to Some","several times a day",45,"Yes","once a day",-80.8,"Above 25","Struggling"
"GM","45-54",NA,"3","2_Very Close to Some","several times a day",45,"Yes","once a day",-29,"Above 25","Struggling"
"GM","25-34",15,"5","2_Very Close to Some","several times a day",45,"Yes","once a day",129.3,"Above 25","Succeeding"
"GM","25-34",14,"6+","2_Very Close to Some","several times a day",45,"Yes","rarely/never",-64.6,"Above 25","Struggling"
"GM","21-24",8,"1","4_Dont Get Along","several times a day",45,"Yes","rarely/never",-2.2,"19","Struggling"
"GM","21-24",12,"2","3_Not Close","several times a day",45,"Yes","once a week",-15.5,"19","Struggling"
"GM","21-24",NA,"5","1_Very Close to Most","several times a day",45,"Yes","rarely/never",193.2,"17","Succeeding"
"GM","21-24",14,"6+","2_Very Close to Some","several times a day",45,"Yes","once a day",117.1,"20","Succeeding"
"GM","25-34",12,"4","1_Very Close to Most","several times a day",45,"Yes","a few times a month",-7.4,"Above 25","Struggling"
"GM","21-24",15,"0","1_Very Close to Most","several times a day",45,"Yes","once a day",-13.4,"14","Struggling"
"GM","16-20",15,"6+","5_Dont Have Family","several times a day",45,"Yes","once a day",-80.8,"≤10","Struggling"
"GM","25-34",15,"0","6_Prefer Not to Say","several times a day",45,"Yes","once a week",-13.5,"Above 25","Struggling"
"GM","21-24",5,"2","3_Not Close","several times a day",45,"Yes","several days a week",113.7,"20","Succeeding"
"GM","25-34",5,"3","3_Not Close","several times a day",45,"Yes","several days a week",-9.2,"Above 25","Struggling"
"GM","25-34",5,"6+","4_Dont Get Along","several times a day",45,"Yes","several days a week",-14.7,"Above 25","Struggling"
"GM","35-44",15,"5","3_Not Close","several times a day",45,"Yes","rarely/never",155.9,"Above 25","Succeeding"
"GM","35-44",15,"6+","3_Not Close","several times a day",45,"Yes","rarely/never",-17.8,"Above 25","Struggling"
"GM","21-24",12,"2","4_Dont Get Along","several times a day",45,"Yes","rarely/never",-54.8,"18","Struggling"
"GM","35-44",NA,"6+","3_Not Close","once a day",30,"Yes","rarely/never",114.1,"Above 25","Succeeding"
"GM","16-20",12,"5","1_Very Close to Most","once a day",30,"Yes","rarely/never",133.8,"16","Succeeding"
"GM","25-34",15,"6+","2_Very Close to Some","once a day",30,"Yes","rarely/never",133.1,"Above 25","Succeeding"
"GM","21-24",12,"6+","4_Dont Get Along","once a day",30,"No","rarely/never",-73.9,"Do not Own","Struggling"
"GM","25-34",14,"2","1_Very Close to Most","once a day",30,"Yes","once a day",144.5,"Above 25","Succeeding"
"GM","45-54",8,"0","4_Dont Get Along","once a day",30,"Yes","once a day",-18.3,"Above 25","Struggling"
"GM","25-34",15,"6+","2_Very Close to Some","once a day",30,"Yes","rarely/never",149,"Above 25","Succeeding"
"GM","35-44",17,"1","2_Very Close to Some","once a day",30,"Yes","rarely/never",-27.1,"Above 25","Struggling"
"GM","16-20",12,"5","3_Not Close","once a day",30,"Yes","rarely/never",-52.8,"15","Struggling"
"GM","21-24",NA,"2","1_Very Close to Most","once a day",30,"Yes","rarely/never",143,"17","Succeeding"
"GM","16-20",12,"5","1_Very Close to Most","once a day",30,"Yes","once a day",108.6,"18","Succeeding"
"GM","25-34",12,"4","1_Very Close to Most","once a day",30,"Yes","rarely/never",-6.1,"Above 25","Struggling"
"GM","35-44",5,"2","2_Very Close to Some","once a day",30,"Yes","rarely/never",100.4,"Above 25","Succeeding"
"GM","35-44",15,"6+","3_Not Close","once a day",30,"Yes","several days a week",-52.4,"Above 25","Struggling"
"GM","35-44",5,"5","3_Not Close","once a day",30,"Yes","several days a week",-13.2,"Above 25","Struggling"
"GM","35-44",12,"1","3_Not Close","once a day",30,"Yes","several days a week",149.8,"Above 25","Succeeding"
"GM","45-54",5,"4","3_Not Close","once a day",30,"Yes","rarely/never",120.9,"Above 25","Succeeding"
"GM","25-34",15,"1","2_Very Close to Some","once a day",30,"Yes","rarely/never",-51.3,"Above 25","Struggling"
"GM","21-24",12,"2","2_Very Close to Some","once a day",30,"Yes","a few times a month",-75.2,"19","Struggling"
"GM","25-34",14,"4","2_Very Close to Some","once a day",30,"Yes","a few times a month",123.2,"Above 25","Succeeding"
"GM","25-34",15,"6+","2_Very Close to Some","once a day",30,"Yes","rarely/never",104,"Above 25","Succeeding"
"GM","45-54",5,"2","2_Very Close to Some","once a day",30,"Yes","once a day",-12.8,"Above 25","Struggling"
"GM","25-34",14,"0","2_Very Close to Some","once a day",30,"Yes","once a day",-16.1,"Above 25","Struggling"
"GM","21-24",17,"1","5_Dont Have Family","once a day",30,"Yes","several days a week",-37,"≤10","Struggling"
"GM","25-34",15,"0","2_Very Close to Some","once a day",30,"Yes","rarely/never",-8.9,"Above 25","Struggling"
"GM","25-34",12,"6+","2_Very Close to Some","once a day",30,"Yes","once a day",157.4,"Above 25","Succeeding"
"GM","21-24",12,"4","1_Very Close to Most","once a day",30,"Yes","once a day",111.8,"20","Succeeding"
"GM","35-44",14,"2","1_Very Close to Most","once a day",30,"Yes","rarely/never",145.6,"Above 25","Succeeding"
"GM","45-54",15,"4","2_Very Close to Some","once a day",30,"Yes","once a day",187.1,"Above 25","Succeeding"
"GM","25-34",14,"6+","3_Not Close","once a day",30,"Yes","rarely/never",-0.2,"Above 25","Struggling"
"GM","21-24",5,"6+","3_Not Close","once a day",30,"Yes","rarely/never",-4.5,"21-25","Struggling"
"GM","21-24",15,"5","6_Prefer Not to Say","once a day",30,"Yes","rarely/never",-39.4,"20","Struggling"
"GM","21-24",14,"4","2_Very Close to Some","once a day",30,"Yes","rarely/never",-80.3,"17","Struggling"
"GM","25-34",14,"1","2_Very Close to Some","once a day",30,"Yes","once a day",187.1,"Above 25","Succeeding"
"GM","35-44",8,"2","1_Very Close to Most","once a day",30,"Yes","several days a week",138.2,"Above 25","Succeeding"
"GM","25-34",12,"0","1_Very Close to Most","once a day",30,"Yes","once a day",145.2,"Above 25","Succeeding"
"GM","45-54",15,"0","3_Not Close","once a day",30,"Yes","once a day",146,"Above 25","Succeeding"
"GM","21-24",15,"2","1_Very Close to Most","once a day",30,"Yes","rarely/never",144.5,"21-25","Succeeding"
"GM","21-24",15,"2","1_Very Close to Most","once a day",30,"Yes","a few times a month",144.5,"21-25","Succeeding"
"GM","21-24",15,"5","2_Very Close to Some","once a day",30,"Yes","once a day",119,"17","Succeeding"
"GM","25-34",14,"1","4_Dont Get Along","once a day",30,"No","several days a week",-96.4,"Above 25","Struggling"
"GM","25-34",15,"1","5_Dont Have Family","once a day",30,"Yes","rarely/never",126.2,"Above 25","Succeeding"
"GM","55-64",5,"6+","1_Very Close to Most","once a day",30,"Yes","once a day",-5.4,"Above 25","Struggling"
"GM","25-34",5,"2","1_Very Close to Most","once a day",30,"Yes","once a week",117.3,"Above 25","Succeeding"
"GM","25-34",12,"2","2_Very Close to Some","once a day",30,"Yes","rarely/never",-20.7,"Above 25","Struggling"
"GM","25-34",12,"2","1_Very Close to Most","once a day",30,"Yes","once a week",-16.2,"Above 25","Struggling"
"GM","21-24",14,"0","3_Not Close","once a day",30,"Yes","rarely/never",-6,"19","Struggling"
"GM","25-34",12,"6+","1_Very Close to Most","once a day",30,"Yes","once a day",-15.8,"Above 25","Struggling"
"GM","45-54",17,"5","2_Very Close to Some","once a day",30,"Yes","rarely/never",108.7,"Above 25","Succeeding"
"GM","65+",5,"3","5_Dont Have Family","once a day",30,"Yes","several days a week",-38.9,"Above 25","Struggling"
"GM","45-54",15,"5","1_Very Close to Most","once a day",30,"Yes","once a day",110.3,"Above 25","Succeeding"
"GM","45-54",8,"3","3_Not Close","once a day",30,"Yes","rarely/never",-24.9,"Above 25","Struggling"
"GM","45-54",12,"6+","2_Very Close to Some","once a day",30,"Yes","several days a week",150.4,"Above 25","Succeeding"
"GM","16-20",12,"1","4_Dont Get Along","once a day",30,"Yes","once a day",114.4,"20","Succeeding"
"GM","35-44",5,"2","5_Dont Have Family","once a day",30,"Yes","once a week",-80.8,"Above 25","Struggling"
"GM","35-44",14,"0","5_Dont Have Family","once a day",30,"No","several days a week",-32.6,"Above 25","Struggling"
"GM","16-20",12,"5","3_Not Close","once a day",30,"Yes","several days a week",-1.1,"19","Struggling"
"GM","35-44",14,"6+","1_Very Close to Most","once a day",30,"Yes","rarely/never",120.9,"Above 25","Succeeding"
"GM","21-24",NA,"6+","5_Dont Have Family","once a day",30,"Yes","once a day",136.1,"20","Succeeding"
"GM","25-34",5,"0","2_Very Close to Some","once a day",30,"Yes","several days a week",-100,"Above 25","Struggling"
"GM","16-20",12,"6+","2_Very Close to Some","once a day",30,"Yes","once a day",112.9,"20","Succeeding"
"GM","25-34",12,"4","1_Very Close to Most","once a day",30,"Yes","a few times a month",-6.1,"Above 25","Struggling"
"GM","35-44",14,"6+","2_Very Close to Some","once a day",30,"Yes","once a week",187.1,"Above 25","Succeeding"
"GM","21-24",15,"3","3_Not Close","once a day",30,"Yes","rarely/never",152.1,"17","Succeeding"
"GM","21-24",12,"2","3_Not Close","once a day",30,"Yes","several days a week",172.6,"20","Succeeding"
"GM","35-44",5,"3","4_Dont Get Along","once a day",30,"Yes","rarely/never",134.2,"Above 25","Succeeding"
"GM","65+",20,"1","3_Not Close","once a day",30,"Yes","once a week",113.3,"Above 25","Succeeding"
"GM","25-34",12,"6+","5_Dont Have Family","once a day",30,"Yes","once a day",187.1,"Above 25","Succeeding"
"GM","21-24",14,"6+","2_Very Close to Some","once a day",30,"Yes","once a week",107.2,"20","Succeeding"
"GM","35-44",12,"6+","1_Very Close to Most","once a day",30,"Yes","rarely/never",-6.3,"Above 25","Struggling"
"GM","35-44",14,"2","4_Dont Get Along","once a day",30,"Yes","once a week",-6,"Above 25","Struggling"
"GM","35-44",15,"2","1_Very Close to Most","once a day",30,"Yes","several days a week",122.6,"Above 25","Succeeding"
"GM","21-24",12,"4","3_Not Close","once a day",30,"Yes","once a day",178.7,"≤10","Succeeding"
"GM","35-44",14,"5","2_Very Close to Some","once a day",30,"Yes","a few times a month",116.9,"Above 25","Succeeding"
"GM","35-44",14,"5","2_Very Close to Some","once a day",30,"Yes","rarely/never",116.9,"Above 25","Succeeding"
"GM","21-24",12,"4","2_Very Close to Some","once a day",30,"Yes","several days a week",-31.2,"21-25","Struggling"
"GM","25-34",NA,"3","1_Very Close to Most","once a day",30,"Yes","several days a week",103.4,"Above 25","Succeeding"
"GM","25-34",15,"6+","2_Very Close to Some","once a day",30,"Yes","a few times a month",104,"Above 25","Succeeding"
"GM","45-54",17,"5","2_Very Close to Some","once a day",30,"Yes","a few times a month",108.7,"Above 25","Succeeding"
"GM","35-44",12,"2","2_Very Close to Some","once a day",30,"Yes","once a day",-56.7,"Above 25","Struggling"
"GM","16-20",12,"4","2_Very Close to Some","once a day",30,"No","rarely/never",-33.1,"Do not Own","Struggling"
"GM","35-44",5,"5","1_Very Close to Most","once a day",30,"Yes","once a day",166.5,"Above 25","Succeeding"
"GM","25-34",5,"3","2_Very Close to Some","once a day",30,"Yes","several days a week",-23.8,"Above 25","Struggling"
"GM","16-20",12,"5","1_Very Close to Most","once a day",30,"Yes","a few times a month",133.8,"16","Succeeding"
"GM","16-20",14,"5","1_Very Close to Most","once a day",30,"Yes","several days a week",-2.2,"≤10","Struggling"
"GM","21-24",NA,"0","3_Not Close","once a day",30,"Yes","rarely/never",-10.9,"18","Struggling"
"GM","25-34",12,"4","2_Very Close to Some","once a day",30,"Yes","several days a week",149.8,"Above 25","Succeeding"
"GM","35-44",17,"5","2_Very Close to Some","once a day",30,"Yes","rarely/never",-40.7,"Above 25","Struggling"
"GM","35-44",15,"5","2_Very Close to Some","once a day",30,"Yes","once a week",120.3,"Above 25","Succeeding"
"GM","25-34",5,"0","6_Prefer Not to Say","once a day",30,"Yes","once a day",-83.4,"Above 25","Struggling"
"GM","25-34",5,"4","1_Very Close to Most","once a day",30,"Yes","several days a week",112.5,"Above 25","Succeeding"
"GM","21-24",8,"4","1_Very Close to Most","once a day",30,"Yes","once a day",-18.3,"18","Struggling"
"GM","21-24",14,"5","1_Very Close to Most","once a day",30,"Yes","once a week",165.8,"18","Succeeding"
"GM","21-24",12,"5","5_Dont Have Family","once a day",30,"Yes","a few times a month",122.4,"20","Succeeding"
"GM","21-24",12,"5","5_Dont Have Family","once a day",30,"Yes","rarely/never",122.4,"20","Succeeding"
"GM","35-44",14,"4","1_Very Close to Most","once a day",30,"Yes","once a day",-10.8,"Above 25","Struggling"
"GM","35-44",15,"6+","2_Very Close to Some","once a day",30,"Yes","a few times a month",111.2,"Above 25","Succeeding"
"GM","35-44",14,"4","1_Very Close to Most","once a day",30,"Yes","once a day",146.4,"Above 25","Succeeding"
"GM","21-24",12,"6+","3_Not Close","once a day",30,"Yes","rarely/never",-36.2,"20","Struggling"
"GM","16-20",15,"2","6_Prefer Not to Say","once a day",30,"Yes","once a day",-17.4,"≤10","Struggling"
"GM","25-34",12,"4","2_Very Close to Some","once a day",30,"Yes","several days a week",-12.5,"Above 25","Struggling"
"GM","21-24",12,"6+","2_Very Close to Some","once a day",30,"Yes","several days a week",-13.3,"21-25","Struggling"
"GM","25-34",15,"0","3_Not Close","once a day",30,"Yes","several days a week",135.4,"Above 25","Succeeding"
"GM","25-34",15,"6+","2_Very Close to Some","once a day",30,"Yes","once a day",146.8,"Above 25","Succeeding"
"GM","21-24",12,"1","5_Dont Have Family","once a day",30,"Yes","once a week",-23.4,"≤10","Struggling"
"GM","35-44",5,"2","2_Very Close to Some","once a day",30,"Yes","a few times a month",100.4,"Above 25","Succeeding"
"GM","25-34",12,"3","3_Not Close","once a day",30,"Yes","rarely/never",155.9,"Above 25","Succeeding"
"GM","21-24",8,"6+","1_Very Close to Most","once a day",30,"Yes","once a day",-26.8,"21-25","Struggling"
"GM","35-44",12,"4","4_Dont Get Along","once a day",30,"Yes","once a week",-9.5,"Above 25","Struggling"
"GM","35-44",NA,"6+","3_Not Close","once a day",30,"Yes","a few times a month",114.1,"Above 25","Succeeding"
"GM","21-24",5,"3","1_Very Close to Most","once a day",30,"No","once a week",136.5,"Do not Own","Succeeding"
"GM","21-24",12,"3","3_Not Close","once a day",30,"Yes","once a week",103.4,"21-25","Succeeding"
"GM","25-34",5,"3","1_Very Close to Most","once a day",30,"No","rarely/never",-26.9,"Above 25","Struggling"
"GM","16-20",15,"5","3_Not Close","once a day",30,"Yes","several days a week",141.4,"18","Succeeding"
"GM","25-34",14,"4","2_Very Close to Some","once a day",30,"Yes","rarely/never",123.2,"Above 25","Succeeding"
"GM","21-24",12,"5","3_Not Close","once a day",30,"Yes","once a day",119.4,"19","Succeeding"
"GM","25-34",15,"1","2_Very Close to Some","once a day",30,"Yes","once a week",-80.5,"Above 25","Struggling"
"GM","25-34",14,"6+","1_Very Close to Most","once a day",30,"Yes","rarely/never",166.5,"Above 25","Succeeding"
"GM","21-24",12,"6+","2_Very Close to Some","once a day",30,"Yes","rarely/never",-44.5,"17","Struggling"
"GM","65+",14,"0","5_Dont Have Family","once a day",30,"Yes","once a day",155.9,"Above 25","Succeeding"
"GM","35-44",15,"6+","2_Very Close to Some","once a day",30,"Yes","rarely/never",111.2,"Above 25","Succeeding"
"GM","25-34",NA,"3","1_Very Close to Most","once a day",30,"Yes","once a day",-4.8,"Above 25","Struggling"
"GM","25-34",15,"1","5_Dont Have Family","once a day",30,"Yes","a few times a month",126.2,"Above 25","Succeeding"
"GM","16-20",5,"6+","1_Very Close to Most","once a day",30,"Yes","once a week",119.6,"15","Succeeding"
"GM","25-34",12,"3","2_Very Close to Some","once a day",30,"Yes","once a day",-0.2,"Above 25","Struggling"
"GM","35-44",15,"6+","1_Very Close to Most","once a day",30,"Yes","several days a week",143.7,"Above 25","Succeeding"
"GM","35-44",12,"3","4_Dont Get Along","once a day",30,"Yes","several days a week",-24.9,"Above 25","Struggling"
"GM","35-44",12,"6+","5_Dont Have Family","once a day",30,"Yes","once a day",190.9,"Above 25","Succeeding"
"GM","16-20",12,"3","3_Not Close","once a day",30,"Yes","once a day",-5.2,"16","Struggling"
"GM","21-24",15,"2","5_Dont Have Family","once a day",30,"Yes","several days a week",104.2,"21-25","Succeeding"
"GM","21-24",15,"5","1_Very Close to Most","once a day",30,"Yes","several days a week",143.7,"17","Succeeding"
"GM","35-44",12,"5","3_Not Close","once a day",30,"Yes","once a week",-24.9,"Above 25","Struggling"
"GM","45-54",8,"0","1_Very Close to Most","once a day",30,"No","once a day",-44.4,"Above 25","Struggling"
"GM","25-34",15,"5","1_Very Close to Most","once a day",30,"Yes","once a week",154.4,"Above 25","Succeeding"
"GM","35-44",15,"6+","1_Very Close to Most","once a day",30,"Yes","once a week",-5.1,"Above 25","Struggling"
"GM","21-24",12,"5","2_Very Close to Some","once a day",30,"Yes","once a day",-44.3,"≤10","Struggling"
"GM","21-24",12,"0","3_Not Close","once a day",30,"Yes","once a day",111.8,"21-25","Succeeding"
"GM","21-24",NA,"2","6_Prefer Not to Say","once a day",30,"Yes","once a day",-1.3,"19","Struggling"
"GM","21-24",14,"6+","1_Very Close to Most","once a day",30,"Yes","several days a week",-7.1,"17","Struggling"
"GM","25-34",12,"2","2_Very Close to Some","once a day",30,"Yes","once a day",-14.3,"Above 25","Struggling"
"GM","25-34",14,"1","4_Dont Get Along","once a day",30,"Yes","several days a week",-23.5,"Above 25","Struggling"
"GM","25-34",12,"6+","1_Very Close to Most","once a day",30,"Yes","once a day",137.6,"Above 25","Succeeding"
"GM","35-44",5,"6+","1_Very Close to Most","once a day",30,"Yes","once a week",-90.2,"Above 25","Struggling"
"GM","21-24",14,"6+","3_Not Close","once a day",30,"Yes","rarely/never",171.1,"21-25","Succeeding"
"GM","65+",5,"1","5_Dont Have Family","once a day",30,"Yes","once a day",-6.3,"Above 25","Struggling"
"GM","35-44",5,"3","4_Dont Get Along","once a day",30,"Yes","a few times a month",134.2,"Above 25","Succeeding"
"GM","25-34",5,"0","4_Dont Get Along","once a day",30,"Yes","rarely/never",122.4,"Above 25","Succeeding"
"GM","21-24",15,"1","1_Very Close to Most","once a day",30,"Yes","once a day",-21.2,"21-25","Struggling"
"GM","21-24",14,"4","2_Very Close to Some","once a day",30,"Yes","rarely/never",155.9,"21-25","Succeeding"
"GM","45-54",15,"2","1_Very Close to Most","once a day",30,"Yes","once a day",159.5,"Above 25","Succeeding"
"GM","25-34",NA,"0","5_Dont Have Family","once a day",30,"Yes","once a day",-46.8,"Above 25","Struggling"
"GM","25-34",15,"6+","3_Not Close","once a day",30,"Yes","once a week",-15.5,"Above 25","Struggling"
"GM","21-24",12,"2","2_Very Close to Some","once a day",30,"Yes","rarely/never",-75.2,"19","Struggling"
